# {"dataset": "asvspoof5", "split": "train", "n_per_class": 5000, "seed": 42, "min_duration": 1.0, "max_duration": 15.0, "total_samples": 10000, "bonafide": 5000, "spoof": 5000, "created_at": "2026-05-31T15:30:20.196754+00:00", "migrated_from": "subset_train_n5000_seed42.csv"}
file_name,label,audio_path,duration
T_0000056799,bonafide,flac_T/T_0000056799.flac,
T_0000037041,bonafide,flac_T/T_0000037041.flac,
T_0000076938,bonafide,flac_T/T_0000076938.flac,
T_0000139363,bonafide,flac_T/T_0000139363.flac,
T_0000006863,bonafide,flac_T/T_0000006863.flac,
T_0000101838,bonafide,flac_T/T_0000101838.flac,
T_0000048861,bonafide,flac_T/T_0000048861.flac,
T_0000141608,bonafide,flac_T/T_0000141608.flac,
T_0000162768,bonafide,flac_T/T_0000162768.flac,
T_0000133910,bonafide,flac_T/T_0000133910.flac,
T_0000054881,bonafide,flac_T/T_0000054881.flac,
T_0000015745,bonafide,flac_T/T_0000015745.flac,
T_0000151735,bonafide,flac_T/T_0000151735.flac,
T_0000012721,bonafide,flac_T/T_0000012721.flac,
T_0000098395,bonafide,flac_T/T_0000098395.flac,
T_0000088001,bonafide,flac_T/T_0000088001.flac,
T_0000181751,bonafide,flac_T/T_0000181751.flac,
T_0000069095,bonafide,flac_T/T_0000069095.flac,
T_0000150167,bonafide,flac_T/T_0000150167.flac,
T_0000179522,bonafide,flac_T/T_0000179522.flac,
T_0000176806,bonafide,flac_T/T_0000176806.flac,
T_0000008252,bonafide,flac_T/T_0000008252.flac,
T_0000008868,bonafide,flac_T/T_0000008868.flac,
T_0000013293,bonafide,flac_T/T_0000013293.flac,
T_0000065147,bonafide,flac_T/T_0000065147.flac,
T_0000073260,bonafide,flac_T/T_0000073260.flac,
T_0000111851,bonafide,flac_T/T_0000111851.flac,
T_0000082166,bonafide,flac_T/T_0000082166.flac,
T_0000111251,bonafide,flac_T/T_0000111251.flac,
T_0000083691,bonafide,flac_T/T_0000083691.flac,
T_0000147924,bonafide,flac_T/T_0000147924.flac,
T_0000064304,bonafide,flac_T/T_0000064304.flac,
T_0000062820,bonafide,flac_T/T_0000062820.flac,
T_0000020319,bonafide,flac_T/T_0000020319.flac,
T_0000132810,bonafide,flac_T/T_0000132810.flac,
T_0000067557,bonafide,flac_T/T_0000067557.flac,
T_0000108493,bonafide,flac_T/T_0000108493.flac,
T_0000179587,bonafide,flac_T/T_0000179587.flac,
T_0000112398,bonafide,flac_T/T_0000112398.flac,
T_0000032196,bonafide,flac_T/T_0000032196.flac,
T_0000081645,bonafide,flac_T/T_0000081645.flac,
T_0000024713,bonafide,flac_T/T_0000024713.flac,
T_0000174330,bonafide,flac_T/T_0000174330.flac,
T_0000003372,bonafide,flac_T/T_0000003372.flac,
T_0000099691,bonafide,flac_T/T_0000099691.flac,
T_0000127224,bonafide,flac_T/T_0000127224.flac,
T_0000156211,bonafide,flac_T/T_0000156211.flac,
T_0000135354,bonafide,flac_T/T_0000135354.flac,
T_0000129012,bonafide,flac_T/T_0000129012.flac,
T_0000032679,bonafide,flac_T/T_0000032679.flac,
T_0000139774,bonafide,flac_T/T_0000139774.flac,
T_0000060135,bonafide,flac_T/T_0000060135.flac,
T_0000158775,bonafide,flac_T/T_0000158775.flac,
T_0000092220,bonafide,flac_T/T_0000092220.flac,
T_0000000486,bonafide,flac_T/T_0000000486.flac,
T_0000131110,bonafide,flac_T/T_0000131110.flac,
T_0000042059,bonafide,flac_T/T_0000042059.flac,
T_0000074706,bonafide,flac_T/T_0000074706.flac,
T_0000015495,bonafide,flac_T/T_0000015495.flac,
T_0000001446,bonafide,flac_T/T_0000001446.flac,
T_0000115209,bonafide,flac_T/T_0000115209.flac,
T_0000140360,bonafide,flac_T/T_0000140360.flac,
T_0000142355,bonafide,flac_T/T_0000142355.flac,
T_0000086898,bonafide,flac_T/T_0000086898.flac,
T_0000128050,bonafide,flac_T/T_0000128050.flac,
T_0000118547,bonafide,flac_T/T_0000118547.flac,
T_0000094407,bonafide,flac_T/T_0000094407.flac,
T_0000007927,bonafide,flac_T/T_0000007927.flac,
T_0000093342,bonafide,flac_T/T_0000093342.flac,
T_0000078265,bonafide,flac_T/T_0000078265.flac,
T_0000089110,bonafide,flac_T/T_0000089110.flac,
T_0000031687,bonafide,flac_T/T_0000031687.flac,
T_0000051153,bonafide,flac_T/T_0000051153.flac,
T_0000171703,bonafide,flac_T/T_0000171703.flac,
T_0000050267,bonafide,flac_T/T_0000050267.flac,
T_0000168046,bonafide,flac_T/T_0000168046.flac,
T_0000102314,bonafide,flac_T/T_0000102314.flac,
T_0000158741,bonafide,flac_T/T_0000158741.flac,
T_0000100340,bonafide,flac_T/T_0000100340.flac,
T_0000002669,bonafide,flac_T/T_0000002669.flac,
T_0000006822,bonafide,flac_T/T_0000006822.flac,
T_0000170351,bonafide,flac_T/T_0000170351.flac,
T_0000073731,bonafide,flac_T/T_0000073731.flac,
T_0000136551,bonafide,flac_T/T_0000136551.flac,
T_0000131037,bonafide,flac_T/T_0000131037.flac,
T_0000150383,bonafide,flac_T/T_0000150383.flac,
T_0000141759,bonafide,flac_T/T_0000141759.flac,
T_0000030191,bonafide,flac_T/T_0000030191.flac,
T_0000018152,bonafide,flac_T/T_0000018152.flac,
T_0000088582,bonafide,flac_T/T_0000088582.flac,
T_0000173152,bonafide,flac_T/T_0000173152.flac,
T_0000094240,bonafide,flac_T/T_0000094240.flac,
T_0000043558,bonafide,flac_T/T_0000043558.flac,
T_0000090496,bonafide,flac_T/T_0000090496.flac,
T_0000001370,bonafide,flac_T/T_0000001370.flac,
T_0000063518,bonafide,flac_T/T_0000063518.flac,
T_0000083059,bonafide,flac_T/T_0000083059.flac,
T_0000171755,bonafide,flac_T/T_0000171755.flac,
T_0000073644,bonafide,flac_T/T_0000073644.flac,
T_0000059976,bonafide,flac_T/T_0000059976.flac,
T_0000027965,bonafide,flac_T/T_0000027965.flac,
T_0000137656,bonafide,flac_T/T_0000137656.flac,
T_0000052164,bonafide,flac_T/T_0000052164.flac,
T_0000167863,bonafide,flac_T/T_0000167863.flac,
T_0000168074,bonafide,flac_T/T_0000168074.flac,
T_0000157915,bonafide,flac_T/T_0000157915.flac,
T_0000055246,bonafide,flac_T/T_0000055246.flac,
T_0000053993,bonafide,flac_T/T_0000053993.flac,
T_0000163852,bonafide,flac_T/T_0000163852.flac,
T_0000160396,bonafide,flac_T/T_0000160396.flac,
T_0000062975,bonafide,flac_T/T_0000062975.flac,
T_0000125819,bonafide,flac_T/T_0000125819.flac,
T_0000071149,bonafide,flac_T/T_0000071149.flac,
T_0000165717,bonafide,flac_T/T_0000165717.flac,
T_0000175877,bonafide,flac_T/T_0000175877.flac,
T_0000147751,bonafide,flac_T/T_0000147751.flac,
T_0000101354,bonafide,flac_T/T_0000101354.flac,
T_0000088178,bonafide,flac_T/T_0000088178.flac,
T_0000001335,bonafide,flac_T/T_0000001335.flac,
T_0000114249,bonafide,flac_T/T_0000114249.flac,
T_0000044231,bonafide,flac_T/T_0000044231.flac,
T_0000005964,bonafide,flac_T/T_0000005964.flac,
T_0000025932,bonafide,flac_T/T_0000025932.flac,
T_0000119598,bonafide,flac_T/T_0000119598.flac,
T_0000034231,bonafide,flac_T/T_0000034231.flac,
T_0000127402,bonafide,flac_T/T_0000127402.flac,
T_0000122491,bonafide,flac_T/T_0000122491.flac,
T_0000111233,bonafide,flac_T/T_0000111233.flac,
T_0000114645,bonafide,flac_T/T_0000114645.flac,
T_0000127703,bonafide,flac_T/T_0000127703.flac,
T_0000112865,bonafide,flac_T/T_0000112865.flac,
T_0000063632,bonafide,flac_T/T_0000063632.flac,
T_0000171060,bonafide,flac_T/T_0000171060.flac,
T_0000081840,bonafide,flac_T/T_0000081840.flac,
T_0000035547,bonafide,flac_T/T_0000035547.flac,
T_0000050946,bonafide,flac_T/T_0000050946.flac,
T_0000080409,bonafide,flac_T/T_0000080409.flac,
T_0000134412,bonafide,flac_T/T_0000134412.flac,
T_0000084723,bonafide,flac_T/T_0000084723.flac,
T_0000018613,bonafide,flac_T/T_0000018613.flac,
T_0000053309,bonafide,flac_T/T_0000053309.flac,
T_0000044940,bonafide,flac_T/T_0000044940.flac,
T_0000071025,bonafide,flac_T/T_0000071025.flac,
T_0000043454,bonafide,flac_T/T_0000043454.flac,
T_0000079078,bonafide,flac_T/T_0000079078.flac,
T_0000082926,bonafide,flac_T/T_0000082926.flac,
T_0000072516,bonafide,flac_T/T_0000072516.flac,
T_0000005397,bonafide,flac_T/T_0000005397.flac,
T_0000171841,bonafide,flac_T/T_0000171841.flac,
T_0000061679,bonafide,flac_T/T_0000061679.flac,
T_0000141168,bonafide,flac_T/T_0000141168.flac,
T_0000123642,bonafide,flac_T/T_0000123642.flac,
T_0000014292,bonafide,flac_T/T_0000014292.flac,
T_0000003638,bonafide,flac_T/T_0000003638.flac,
T_0000004417,bonafide,flac_T/T_0000004417.flac,
T_0000150229,bonafide,flac_T/T_0000150229.flac,
T_0000038962,bonafide,flac_T/T_0000038962.flac,
T_0000127405,bonafide,flac_T/T_0000127405.flac,
T_0000000311,bonafide,flac_T/T_0000000311.flac,
T_0000111083,bonafide,flac_T/T_0000111083.flac,
T_0000004746,bonafide,flac_T/T_0000004746.flac,
T_0000008941,bonafide,flac_T/T_0000008941.flac,
T_0000159639,bonafide,flac_T/T_0000159639.flac,
T_0000181487,bonafide,flac_T/T_0000181487.flac,
T_0000143224,bonafide,flac_T/T_0000143224.flac,
T_0000181157,bonafide,flac_T/T_0000181157.flac,
T_0000066341,bonafide,flac_T/T_0000066341.flac,
T_0000087566,bonafide,flac_T/T_0000087566.flac,
T_0000105816,bonafide,flac_T/T_0000105816.flac,
T_0000069297,bonafide,flac_T/T_0000069297.flac,
T_0000058038,bonafide,flac_T/T_0000058038.flac,
T_0000043435,bonafide,flac_T/T_0000043435.flac,
T_0000064797,bonafide,flac_T/T_0000064797.flac,
T_0000180055,bonafide,flac_T/T_0000180055.flac,
T_0000140282,bonafide,flac_T/T_0000140282.flac,
T_0000182154,bonafide,flac_T/T_0000182154.flac,
T_0000173476,bonafide,flac_T/T_0000173476.flac,
T_0000012377,bonafide,flac_T/T_0000012377.flac,
T_0000001192,bonafide,flac_T/T_0000001192.flac,
T_0000132441,bonafide,flac_T/T_0000132441.flac,
T_0000118023,bonafide,flac_T/T_0000118023.flac,
T_0000119381,bonafide,flac_T/T_0000119381.flac,
T_0000068667,bonafide,flac_T/T_0000068667.flac,
T_0000143001,bonafide,flac_T/T_0000143001.flac,
T_0000038279,bonafide,flac_T/T_0000038279.flac,
T_0000006508,bonafide,flac_T/T_0000006508.flac,
T_0000021001,bonafide,flac_T/T_0000021001.flac,
T_0000018134,bonafide,flac_T/T_0000018134.flac,
T_0000073417,bonafide,flac_T/T_0000073417.flac,
T_0000119514,bonafide,flac_T/T_0000119514.flac,
T_0000153529,bonafide,flac_T/T_0000153529.flac,
T_0000178833,bonafide,flac_T/T_0000178833.flac,
T_0000159090,bonafide,flac_T/T_0000159090.flac,
T_0000074379,bonafide,flac_T/T_0000074379.flac,
T_0000032959,bonafide,flac_T/T_0000032959.flac,
T_0000093496,bonafide,flac_T/T_0000093496.flac,
T_0000026726,bonafide,flac_T/T_0000026726.flac,
T_0000040751,bonafide,flac_T/T_0000040751.flac,
T_0000175560,bonafide,flac_T/T_0000175560.flac,
T_0000065042,bonafide,flac_T/T_0000065042.flac,
T_0000161963,bonafide,flac_T/T_0000161963.flac,
T_0000107999,bonafide,flac_T/T_0000107999.flac,
T_0000162975,bonafide,flac_T/T_0000162975.flac,
T_0000139124,bonafide,flac_T/T_0000139124.flac,
T_0000133089,bonafide,flac_T/T_0000133089.flac,
T_0000172939,bonafide,flac_T/T_0000172939.flac,
T_0000004479,bonafide,flac_T/T_0000004479.flac,
T_0000164367,bonafide,flac_T/T_0000164367.flac,
T_0000108100,bonafide,flac_T/T_0000108100.flac,
T_0000110639,bonafide,flac_T/T_0000110639.flac,
T_0000050392,bonafide,flac_T/T_0000050392.flac,
T_0000126992,bonafide,flac_T/T_0000126992.flac,
T_0000122017,bonafide,flac_T/T_0000122017.flac,
T_0000068051,bonafide,flac_T/T_0000068051.flac,
T_0000077781,bonafide,flac_T/T_0000077781.flac,
T_0000011003,bonafide,flac_T/T_0000011003.flac,
T_0000114632,bonafide,flac_T/T_0000114632.flac,
T_0000169603,bonafide,flac_T/T_0000169603.flac,
T_0000142726,bonafide,flac_T/T_0000142726.flac,
T_0000004516,bonafide,flac_T/T_0000004516.flac,
T_0000114592,bonafide,flac_T/T_0000114592.flac,
T_0000148374,bonafide,flac_T/T_0000148374.flac,
T_0000131065,bonafide,flac_T/T_0000131065.flac,
T_0000024549,bonafide,flac_T/T_0000024549.flac,
T_0000164048,bonafide,flac_T/T_0000164048.flac,
T_0000037915,bonafide,flac_T/T_0000037915.flac,
T_0000020663,bonafide,flac_T/T_0000020663.flac,
T_0000014768,bonafide,flac_T/T_0000014768.flac,
T_0000146720,bonafide,flac_T/T_0000146720.flac,
T_0000127121,bonafide,flac_T/T_0000127121.flac,
T_0000013363,bonafide,flac_T/T_0000013363.flac,
T_0000136590,bonafide,flac_T/T_0000136590.flac,
T_0000057956,bonafide,flac_T/T_0000057956.flac,
T_0000108228,bonafide,flac_T/T_0000108228.flac,
T_0000160601,bonafide,flac_T/T_0000160601.flac,
T_0000075836,bonafide,flac_T/T_0000075836.flac,
T_0000042109,bonafide,flac_T/T_0000042109.flac,
T_0000011495,bonafide,flac_T/T_0000011495.flac,
T_0000026432,bonafide,flac_T/T_0000026432.flac,
T_0000113026,bonafide,flac_T/T_0000113026.flac,
T_0000153283,bonafide,flac_T/T_0000153283.flac,
T_0000077233,bonafide,flac_T/T_0000077233.flac,
T_0000006982,bonafide,flac_T/T_0000006982.flac,
T_0000055336,bonafide,flac_T/T_0000055336.flac,
T_0000078901,bonafide,flac_T/T_0000078901.flac,
T_0000149071,bonafide,flac_T/T_0000149071.flac,
T_0000171133,bonafide,flac_T/T_0000171133.flac,
T_0000045742,bonafide,flac_T/T_0000045742.flac,
T_0000022983,bonafide,flac_T/T_0000022983.flac,
T_0000158583,bonafide,flac_T/T_0000158583.flac,
T_0000117532,bonafide,flac_T/T_0000117532.flac,
T_0000056498,bonafide,flac_T/T_0000056498.flac,
T_0000039233,bonafide,flac_T/T_0000039233.flac,
T_0000180923,bonafide,flac_T/T_0000180923.flac,
T_0000136507,bonafide,flac_T/T_0000136507.flac,
T_0000016029,bonafide,flac_T/T_0000016029.flac,
T_0000152632,bonafide,flac_T/T_0000152632.flac,
T_0000065919,bonafide,flac_T/T_0000065919.flac,
T_0000093881,bonafide,flac_T/T_0000093881.flac,
T_0000054712,bonafide,flac_T/T_0000054712.flac,
T_0000046911,bonafide,flac_T/T_0000046911.flac,
T_0000066875,bonafide,flac_T/T_0000066875.flac,
T_0000157339,bonafide,flac_T/T_0000157339.flac,
T_0000054651,bonafide,flac_T/T_0000054651.flac,
T_0000160697,bonafide,flac_T/T_0000160697.flac,
T_0000040652,bonafide,flac_T/T_0000040652.flac,
T_0000117313,bonafide,flac_T/T_0000117313.flac,
T_0000150676,bonafide,flac_T/T_0000150676.flac,
T_0000119416,bonafide,flac_T/T_0000119416.flac,
T_0000126414,bonafide,flac_T/T_0000126414.flac,
T_0000109667,bonafide,flac_T/T_0000109667.flac,
T_0000164987,bonafide,flac_T/T_0000164987.flac,
T_0000121412,bonafide,flac_T/T_0000121412.flac,
T_0000028366,bonafide,flac_T/T_0000028366.flac,
T_0000023173,bonafide,flac_T/T_0000023173.flac,
T_0000177127,bonafide,flac_T/T_0000177127.flac,
T_0000125417,bonafide,flac_T/T_0000125417.flac,
T_0000021124,bonafide,flac_T/T_0000021124.flac,
T_0000054593,bonafide,flac_T/T_0000054593.flac,
T_0000142511,bonafide,flac_T/T_0000142511.flac,
T_0000044391,bonafide,flac_T/T_0000044391.flac,
T_0000119299,bonafide,flac_T/T_0000119299.flac,
T_0000153653,bonafide,flac_T/T_0000153653.flac,
T_0000086880,bonafide,flac_T/T_0000086880.flac,
T_0000026336,bonafide,flac_T/T_0000026336.flac,
T_0000100746,bonafide,flac_T/T_0000100746.flac,
T_0000084188,bonafide,flac_T/T_0000084188.flac,
T_0000083061,bonafide,flac_T/T_0000083061.flac,
T_0000013274,bonafide,flac_T/T_0000013274.flac,
T_0000009544,bonafide,flac_T/T_0000009544.flac,
T_0000013102,bonafide,flac_T/T_0000013102.flac,
T_0000134922,bonafide,flac_T/T_0000134922.flac,
T_0000107675,bonafide,flac_T/T_0000107675.flac,
T_0000084071,bonafide,flac_T/T_0000084071.flac,
T_0000073857,bonafide,flac_T/T_0000073857.flac,
T_0000092134,bonafide,flac_T/T_0000092134.flac,
T_0000178377,bonafide,flac_T/T_0000178377.flac,
T_0000062236,bonafide,flac_T/T_0000062236.flac,
T_0000160894,bonafide,flac_T/T_0000160894.flac,
T_0000110557,bonafide,flac_T/T_0000110557.flac,
T_0000020228,bonafide,flac_T/T_0000020228.flac,
T_0000003047,bonafide,flac_T/T_0000003047.flac,
T_0000004057,bonafide,flac_T/T_0000004057.flac,
T_0000155569,bonafide,flac_T/T_0000155569.flac,
T_0000165276,bonafide,flac_T/T_0000165276.flac,
T_0000046118,bonafide,flac_T/T_0000046118.flac,
T_0000137838,bonafide,flac_T/T_0000137838.flac,
T_0000099882,bonafide,flac_T/T_0000099882.flac,
T_0000102212,bonafide,flac_T/T_0000102212.flac,
T_0000123468,bonafide,flac_T/T_0000123468.flac,
T_0000146351,bonafide,flac_T/T_0000146351.flac,
T_0000047059,bonafide,flac_T/T_0000047059.flac,
T_0000021565,bonafide,flac_T/T_0000021565.flac,
T_0000130525,bonafide,flac_T/T_0000130525.flac,
T_0000146516,bonafide,flac_T/T_0000146516.flac,
T_0000071057,bonafide,flac_T/T_0000071057.flac,
T_0000070086,bonafide,flac_T/T_0000070086.flac,
T_0000054267,bonafide,flac_T/T_0000054267.flac,
T_0000054592,bonafide,flac_T/T_0000054592.flac,
T_0000036738,bonafide,flac_T/T_0000036738.flac,
T_0000006109,bonafide,flac_T/T_0000006109.flac,
T_0000103638,bonafide,flac_T/T_0000103638.flac,
T_0000150436,bonafide,flac_T/T_0000150436.flac,
T_0000166423,bonafide,flac_T/T_0000166423.flac,
T_0000142357,bonafide,flac_T/T_0000142357.flac,
T_0000057323,bonafide,flac_T/T_0000057323.flac,
T_0000093154,bonafide,flac_T/T_0000093154.flac,
T_0000008526,bonafide,flac_T/T_0000008526.flac,
T_0000178950,bonafide,flac_T/T_0000178950.flac,
T_0000052972,bonafide,flac_T/T_0000052972.flac,
T_0000111452,bonafide,flac_T/T_0000111452.flac,
T_0000175452,bonafide,flac_T/T_0000175452.flac,
T_0000171493,bonafide,flac_T/T_0000171493.flac,
T_0000175499,bonafide,flac_T/T_0000175499.flac,
T_0000111596,bonafide,flac_T/T_0000111596.flac,
T_0000060873,bonafide,flac_T/T_0000060873.flac,
T_0000169865,bonafide,flac_T/T_0000169865.flac,
T_0000149988,bonafide,flac_T/T_0000149988.flac,
T_0000181316,bonafide,flac_T/T_0000181316.flac,
T_0000080401,bonafide,flac_T/T_0000080401.flac,
T_0000158462,bonafide,flac_T/T_0000158462.flac,
T_0000103301,bonafide,flac_T/T_0000103301.flac,
T_0000096427,bonafide,flac_T/T_0000096427.flac,
T_0000015879,bonafide,flac_T/T_0000015879.flac,
T_0000100798,bonafide,flac_T/T_0000100798.flac,
T_0000050560,bonafide,flac_T/T_0000050560.flac,
T_0000135093,bonafide,flac_T/T_0000135093.flac,
T_0000068983,bonafide,flac_T/T_0000068983.flac,
T_0000086906,bonafide,flac_T/T_0000086906.flac,
T_0000152869,bonafide,flac_T/T_0000152869.flac,
T_0000155222,bonafide,flac_T/T_0000155222.flac,
T_0000109657,bonafide,flac_T/T_0000109657.flac,
T_0000111779,bonafide,flac_T/T_0000111779.flac,
T_0000080655,bonafide,flac_T/T_0000080655.flac,
T_0000029501,bonafide,flac_T/T_0000029501.flac,
T_0000008821,bonafide,flac_T/T_0000008821.flac,
T_0000159878,bonafide,flac_T/T_0000159878.flac,
T_0000116105,bonafide,flac_T/T_0000116105.flac,
T_0000031225,bonafide,flac_T/T_0000031225.flac,
T_0000068195,bonafide,flac_T/T_0000068195.flac,
T_0000067142,bonafide,flac_T/T_0000067142.flac,
T_0000180910,bonafide,flac_T/T_0000180910.flac,
T_0000079353,bonafide,flac_T/T_0000079353.flac,
T_0000093063,bonafide,flac_T/T_0000093063.flac,
T_0000042524,bonafide,flac_T/T_0000042524.flac,
T_0000023134,bonafide,flac_T/T_0000023134.flac,
T_0000053503,bonafide,flac_T/T_0000053503.flac,
T_0000013750,bonafide,flac_T/T_0000013750.flac,
T_0000164469,bonafide,flac_T/T_0000164469.flac,
T_0000103118,bonafide,flac_T/T_0000103118.flac,
T_0000163984,bonafide,flac_T/T_0000163984.flac,
T_0000076405,bonafide,flac_T/T_0000076405.flac,
T_0000007972,bonafide,flac_T/T_0000007972.flac,
T_0000158578,bonafide,flac_T/T_0000158578.flac,
T_0000033469,bonafide,flac_T/T_0000033469.flac,
T_0000154686,bonafide,flac_T/T_0000154686.flac,
T_0000040468,bonafide,flac_T/T_0000040468.flac,
T_0000095596,bonafide,flac_T/T_0000095596.flac,
T_0000070483,bonafide,flac_T/T_0000070483.flac,
T_0000118512,bonafide,flac_T/T_0000118512.flac,
T_0000005041,bonafide,flac_T/T_0000005041.flac,
T_0000145549,bonafide,flac_T/T_0000145549.flac,
T_0000040084,bonafide,flac_T/T_0000040084.flac,
T_0000008257,bonafide,flac_T/T_0000008257.flac,
T_0000093958,bonafide,flac_T/T_0000093958.flac,
T_0000014667,bonafide,flac_T/T_0000014667.flac,
T_0000077782,bonafide,flac_T/T_0000077782.flac,
T_0000013618,bonafide,flac_T/T_0000013618.flac,
T_0000175914,bonafide,flac_T/T_0000175914.flac,
T_0000141838,bonafide,flac_T/T_0000141838.flac,
T_0000014544,bonafide,flac_T/T_0000014544.flac,
T_0000031033,bonafide,flac_T/T_0000031033.flac,
T_0000061067,bonafide,flac_T/T_0000061067.flac,
T_0000108369,bonafide,flac_T/T_0000108369.flac,
T_0000087154,bonafide,flac_T/T_0000087154.flac,
T_0000072164,bonafide,flac_T/T_0000072164.flac,
T_0000030983,bonafide,flac_T/T_0000030983.flac,
T_0000037682,bonafide,flac_T/T_0000037682.flac,
T_0000024368,bonafide,flac_T/T_0000024368.flac,
T_0000110171,bonafide,flac_T/T_0000110171.flac,
T_0000108169,bonafide,flac_T/T_0000108169.flac,
T_0000030334,bonafide,flac_T/T_0000030334.flac,
T_0000105123,bonafide,flac_T/T_0000105123.flac,
T_0000173555,bonafide,flac_T/T_0000173555.flac,
T_0000116809,bonafide,flac_T/T_0000116809.flac,
T_0000104268,bonafide,flac_T/T_0000104268.flac,
T_0000015584,bonafide,flac_T/T_0000015584.flac,
T_0000011263,bonafide,flac_T/T_0000011263.flac,
T_0000073528,bonafide,flac_T/T_0000073528.flac,
T_0000150591,bonafide,flac_T/T_0000150591.flac,
T_0000023142,bonafide,flac_T/T_0000023142.flac,
T_0000062306,bonafide,flac_T/T_0000062306.flac,
T_0000140191,bonafide,flac_T/T_0000140191.flac,
T_0000030707,bonafide,flac_T/T_0000030707.flac,
T_0000035686,bonafide,flac_T/T_0000035686.flac,
T_0000052079,bonafide,flac_T/T_0000052079.flac,
T_0000117018,bonafide,flac_T/T_0000117018.flac,
T_0000096333,bonafide,flac_T/T_0000096333.flac,
T_0000045389,bonafide,flac_T/T_0000045389.flac,
T_0000058437,bonafide,flac_T/T_0000058437.flac,
T_0000104943,bonafide,flac_T/T_0000104943.flac,
T_0000176604,bonafide,flac_T/T_0000176604.flac,
T_0000023877,bonafide,flac_T/T_0000023877.flac,
T_0000042819,bonafide,flac_T/T_0000042819.flac,
T_0000126366,bonafide,flac_T/T_0000126366.flac,
T_0000103104,bonafide,flac_T/T_0000103104.flac,
T_0000121784,bonafide,flac_T/T_0000121784.flac,
T_0000085316,bonafide,flac_T/T_0000085316.flac,
T_0000002458,bonafide,flac_T/T_0000002458.flac,
T_0000050443,bonafide,flac_T/T_0000050443.flac,
T_0000099846,bonafide,flac_T/T_0000099846.flac,
T_0000156846,bonafide,flac_T/T_0000156846.flac,
T_0000111657,bonafide,flac_T/T_0000111657.flac,
T_0000164318,bonafide,flac_T/T_0000164318.flac,
T_0000074445,bonafide,flac_T/T_0000074445.flac,
T_0000037589,bonafide,flac_T/T_0000037589.flac,
T_0000102770,bonafide,flac_T/T_0000102770.flac,
T_0000055848,bonafide,flac_T/T_0000055848.flac,
T_0000004347,bonafide,flac_T/T_0000004347.flac,
T_0000129258,bonafide,flac_T/T_0000129258.flac,
T_0000077247,bonafide,flac_T/T_0000077247.flac,
T_0000044985,bonafide,flac_T/T_0000044985.flac,
T_0000156284,bonafide,flac_T/T_0000156284.flac,
T_0000111932,bonafide,flac_T/T_0000111932.flac,
T_0000007635,bonafide,flac_T/T_0000007635.flac,
T_0000121935,bonafide,flac_T/T_0000121935.flac,
T_0000161169,bonafide,flac_T/T_0000161169.flac,
T_0000167233,bonafide,flac_T/T_0000167233.flac,
T_0000165774,bonafide,flac_T/T_0000165774.flac,
T_0000159848,bonafide,flac_T/T_0000159848.flac,
T_0000163905,bonafide,flac_T/T_0000163905.flac,
T_0000119848,bonafide,flac_T/T_0000119848.flac,
T_0000173599,bonafide,flac_T/T_0000173599.flac,
T_0000030943,bonafide,flac_T/T_0000030943.flac,
T_0000169654,bonafide,flac_T/T_0000169654.flac,
T_0000084560,bonafide,flac_T/T_0000084560.flac,
T_0000087780,bonafide,flac_T/T_0000087780.flac,
T_0000020429,bonafide,flac_T/T_0000020429.flac,
T_0000035208,bonafide,flac_T/T_0000035208.flac,
T_0000063505,bonafide,flac_T/T_0000063505.flac,
T_0000032132,bonafide,flac_T/T_0000032132.flac,
T_0000079559,bonafide,flac_T/T_0000079559.flac,
T_0000038705,bonafide,flac_T/T_0000038705.flac,
T_0000013116,bonafide,flac_T/T_0000013116.flac,
T_0000019340,bonafide,flac_T/T_0000019340.flac,
T_0000125666,bonafide,flac_T/T_0000125666.flac,
T_0000061273,bonafide,flac_T/T_0000061273.flac,
T_0000166295,bonafide,flac_T/T_0000166295.flac,
T_0000132702,bonafide,flac_T/T_0000132702.flac,
T_0000149960,bonafide,flac_T/T_0000149960.flac,
T_0000143562,bonafide,flac_T/T_0000143562.flac,
T_0000020687,bonafide,flac_T/T_0000020687.flac,
T_0000174515,bonafide,flac_T/T_0000174515.flac,
T_0000160720,bonafide,flac_T/T_0000160720.flac,
T_0000083827,bonafide,flac_T/T_0000083827.flac,
T_0000123964,bonafide,flac_T/T_0000123964.flac,
T_0000021275,bonafide,flac_T/T_0000021275.flac,
T_0000053071,bonafide,flac_T/T_0000053071.flac,
T_0000152825,bonafide,flac_T/T_0000152825.flac,
T_0000160735,bonafide,flac_T/T_0000160735.flac,
T_0000023557,bonafide,flac_T/T_0000023557.flac,
T_0000012329,bonafide,flac_T/T_0000012329.flac,
T_0000092501,bonafide,flac_T/T_0000092501.flac,
T_0000091392,bonafide,flac_T/T_0000091392.flac,
T_0000037310,bonafide,flac_T/T_0000037310.flac,
T_0000170452,bonafide,flac_T/T_0000170452.flac,
T_0000170177,bonafide,flac_T/T_0000170177.flac,
T_0000096453,bonafide,flac_T/T_0000096453.flac,
T_0000046105,bonafide,flac_T/T_0000046105.flac,
T_0000069139,bonafide,flac_T/T_0000069139.flac,
T_0000056923,bonafide,flac_T/T_0000056923.flac,
T_0000047021,bonafide,flac_T/T_0000047021.flac,
T_0000054068,bonafide,flac_T/T_0000054068.flac,
T_0000118651,bonafide,flac_T/T_0000118651.flac,
T_0000057457,bonafide,flac_T/T_0000057457.flac,
T_0000100559,bonafide,flac_T/T_0000100559.flac,
T_0000104229,bonafide,flac_T/T_0000104229.flac,
T_0000027504,bonafide,flac_T/T_0000027504.flac,
T_0000041469,bonafide,flac_T/T_0000041469.flac,
T_0000062499,bonafide,flac_T/T_0000062499.flac,
T_0000057729,bonafide,flac_T/T_0000057729.flac,
T_0000106644,bonafide,flac_T/T_0000106644.flac,
T_0000105895,bonafide,flac_T/T_0000105895.flac,
T_0000052284,bonafide,flac_T/T_0000052284.flac,
T_0000113841,bonafide,flac_T/T_0000113841.flac,
T_0000122898,bonafide,flac_T/T_0000122898.flac,
T_0000022870,bonafide,flac_T/T_0000022870.flac,
T_0000154533,bonafide,flac_T/T_0000154533.flac,
T_0000113760,bonafide,flac_T/T_0000113760.flac,
T_0000100321,bonafide,flac_T/T_0000100321.flac,
T_0000030918,bonafide,flac_T/T_0000030918.flac,
T_0000108205,bonafide,flac_T/T_0000108205.flac,
T_0000025797,bonafide,flac_T/T_0000025797.flac,
T_0000154780,bonafide,flac_T/T_0000154780.flac,
T_0000046919,bonafide,flac_T/T_0000046919.flac,
T_0000180917,bonafide,flac_T/T_0000180917.flac,
T_0000177469,bonafide,flac_T/T_0000177469.flac,
T_0000089120,bonafide,flac_T/T_0000089120.flac,
T_0000171501,bonafide,flac_T/T_0000171501.flac,
T_0000109462,bonafide,flac_T/T_0000109462.flac,
T_0000166427,bonafide,flac_T/T_0000166427.flac,
T_0000093685,bonafide,flac_T/T_0000093685.flac,
T_0000131007,bonafide,flac_T/T_0000131007.flac,
T_0000113613,bonafide,flac_T/T_0000113613.flac,
T_0000013022,bonafide,flac_T/T_0000013022.flac,
T_0000050897,bonafide,flac_T/T_0000050897.flac,
T_0000068626,bonafide,flac_T/T_0000068626.flac,
T_0000137196,bonafide,flac_T/T_0000137196.flac,
T_0000150312,bonafide,flac_T/T_0000150312.flac,
T_0000069258,bonafide,flac_T/T_0000069258.flac,
T_0000074485,bonafide,flac_T/T_0000074485.flac,
T_0000086209,bonafide,flac_T/T_0000086209.flac,
T_0000082922,bonafide,flac_T/T_0000082922.flac,
T_0000136229,bonafide,flac_T/T_0000136229.flac,
T_0000114316,bonafide,flac_T/T_0000114316.flac,
T_0000035312,bonafide,flac_T/T_0000035312.flac,
T_0000149014,bonafide,flac_T/T_0000149014.flac,
T_0000176591,bonafide,flac_T/T_0000176591.flac,
T_0000106636,bonafide,flac_T/T_0000106636.flac,
T_0000063188,bonafide,flac_T/T_0000063188.flac,
T_0000151620,bonafide,flac_T/T_0000151620.flac,
T_0000099106,bonafide,flac_T/T_0000099106.flac,
T_0000160182,bonafide,flac_T/T_0000160182.flac,
T_0000115699,bonafide,flac_T/T_0000115699.flac,
T_0000154913,bonafide,flac_T/T_0000154913.flac,
T_0000021698,bonafide,flac_T/T_0000021698.flac,
T_0000165277,bonafide,flac_T/T_0000165277.flac,
T_0000086068,bonafide,flac_T/T_0000086068.flac,
T_0000004849,bonafide,flac_T/T_0000004849.flac,
T_0000084795,bonafide,flac_T/T_0000084795.flac,
T_0000181852,bonafide,flac_T/T_0000181852.flac,
T_0000010852,bonafide,flac_T/T_0000010852.flac,
T_0000119752,bonafide,flac_T/T_0000119752.flac,
T_0000111692,bonafide,flac_T/T_0000111692.flac,
T_0000078859,bonafide,flac_T/T_0000078859.flac,
T_0000002336,bonafide,flac_T/T_0000002336.flac,
T_0000012247,bonafide,flac_T/T_0000012247.flac,
T_0000095181,bonafide,flac_T/T_0000095181.flac,
T_0000028896,bonafide,flac_T/T_0000028896.flac,
T_0000180347,bonafide,flac_T/T_0000180347.flac,
T_0000131336,bonafide,flac_T/T_0000131336.flac,
T_0000055383,bonafide,flac_T/T_0000055383.flac,
T_0000119739,bonafide,flac_T/T_0000119739.flac,
T_0000099823,bonafide,flac_T/T_0000099823.flac,
T_0000054158,bonafide,flac_T/T_0000054158.flac,
T_0000119471,bonafide,flac_T/T_0000119471.flac,
T_0000017033,bonafide,flac_T/T_0000017033.flac,
T_0000024413,bonafide,flac_T/T_0000024413.flac,
T_0000119001,bonafide,flac_T/T_0000119001.flac,
T_0000123242,bonafide,flac_T/T_0000123242.flac,
T_0000084410,bonafide,flac_T/T_0000084410.flac,
T_0000045220,bonafide,flac_T/T_0000045220.flac,
T_0000059111,bonafide,flac_T/T_0000059111.flac,
T_0000078774,bonafide,flac_T/T_0000078774.flac,
T_0000096179,bonafide,flac_T/T_0000096179.flac,
T_0000043239,bonafide,flac_T/T_0000043239.flac,
T_0000108482,bonafide,flac_T/T_0000108482.flac,
T_0000148561,bonafide,flac_T/T_0000148561.flac,
T_0000100935,bonafide,flac_T/T_0000100935.flac,
T_0000028704,bonafide,flac_T/T_0000028704.flac,
T_0000001186,bonafide,flac_T/T_0000001186.flac,
T_0000131736,bonafide,flac_T/T_0000131736.flac,
T_0000068935,bonafide,flac_T/T_0000068935.flac,
T_0000092836,bonafide,flac_T/T_0000092836.flac,
T_0000109789,bonafide,flac_T/T_0000109789.flac,
T_0000173288,bonafide,flac_T/T_0000173288.flac,
T_0000052515,bonafide,flac_T/T_0000052515.flac,
T_0000088988,bonafide,flac_T/T_0000088988.flac,
T_0000145589,bonafide,flac_T/T_0000145589.flac,
T_0000020488,bonafide,flac_T/T_0000020488.flac,
T_0000100316,bonafide,flac_T/T_0000100316.flac,
T_0000104531,bonafide,flac_T/T_0000104531.flac,
T_0000136393,bonafide,flac_T/T_0000136393.flac,
T_0000031277,bonafide,flac_T/T_0000031277.flac,
T_0000015644,bonafide,flac_T/T_0000015644.flac,
T_0000143958,bonafide,flac_T/T_0000143958.flac,
T_0000051605,bonafide,flac_T/T_0000051605.flac,
T_0000119132,bonafide,flac_T/T_0000119132.flac,
T_0000078952,bonafide,flac_T/T_0000078952.flac,
T_0000083410,bonafide,flac_T/T_0000083410.flac,
T_0000071205,bonafide,flac_T/T_0000071205.flac,
T_0000060793,bonafide,flac_T/T_0000060793.flac,
T_0000046418,bonafide,flac_T/T_0000046418.flac,
T_0000129782,bonafide,flac_T/T_0000129782.flac,
T_0000011000,bonafide,flac_T/T_0000011000.flac,
T_0000109642,bonafide,flac_T/T_0000109642.flac,
T_0000016923,bonafide,flac_T/T_0000016923.flac,
T_0000170354,bonafide,flac_T/T_0000170354.flac,
T_0000057725,bonafide,flac_T/T_0000057725.flac,
T_0000109028,bonafide,flac_T/T_0000109028.flac,
T_0000071711,bonafide,flac_T/T_0000071711.flac,
T_0000080979,bonafide,flac_T/T_0000080979.flac,
T_0000013176,bonafide,flac_T/T_0000013176.flac,
T_0000083627,bonafide,flac_T/T_0000083627.flac,
T_0000174393,bonafide,flac_T/T_0000174393.flac,
T_0000152072,bonafide,flac_T/T_0000152072.flac,
T_0000153510,bonafide,flac_T/T_0000153510.flac,
T_0000112453,bonafide,flac_T/T_0000112453.flac,
T_0000059193,bonafide,flac_T/T_0000059193.flac,
T_0000151195,bonafide,flac_T/T_0000151195.flac,
T_0000126630,bonafide,flac_T/T_0000126630.flac,
T_0000050005,bonafide,flac_T/T_0000050005.flac,
T_0000076205,bonafide,flac_T/T_0000076205.flac,
T_0000024315,bonafide,flac_T/T_0000024315.flac,
T_0000150983,bonafide,flac_T/T_0000150983.flac,
T_0000072991,bonafide,flac_T/T_0000072991.flac,
T_0000001732,bonafide,flac_T/T_0000001732.flac,
T_0000060740,bonafide,flac_T/T_0000060740.flac,
T_0000053665,bonafide,flac_T/T_0000053665.flac,
T_0000120835,bonafide,flac_T/T_0000120835.flac,
T_0000133418,bonafide,flac_T/T_0000133418.flac,
T_0000134931,bonafide,flac_T/T_0000134931.flac,
T_0000047307,bonafide,flac_T/T_0000047307.flac,
T_0000043226,bonafide,flac_T/T_0000043226.flac,
T_0000101104,bonafide,flac_T/T_0000101104.flac,
T_0000108256,bonafide,flac_T/T_0000108256.flac,
T_0000030590,bonafide,flac_T/T_0000030590.flac,
T_0000036825,bonafide,flac_T/T_0000036825.flac,
T_0000121112,bonafide,flac_T/T_0000121112.flac,
T_0000057299,bonafide,flac_T/T_0000057299.flac,
T_0000108593,bonafide,flac_T/T_0000108593.flac,
T_0000013231,bonafide,flac_T/T_0000013231.flac,
T_0000163555,bonafide,flac_T/T_0000163555.flac,
T_0000141879,bonafide,flac_T/T_0000141879.flac,
T_0000032032,bonafide,flac_T/T_0000032032.flac,
T_0000018778,bonafide,flac_T/T_0000018778.flac,
T_0000013671,bonafide,flac_T/T_0000013671.flac,
T_0000114797,bonafide,flac_T/T_0000114797.flac,
T_0000051217,bonafide,flac_T/T_0000051217.flac,
T_0000142154,bonafide,flac_T/T_0000142154.flac,
T_0000017007,bonafide,flac_T/T_0000017007.flac,
T_0000042344,bonafide,flac_T/T_0000042344.flac,
T_0000084659,bonafide,flac_T/T_0000084659.flac,
T_0000161467,bonafide,flac_T/T_0000161467.flac,
T_0000000573,bonafide,flac_T/T_0000000573.flac,
T_0000104574,bonafide,flac_T/T_0000104574.flac,
T_0000161942,bonafide,flac_T/T_0000161942.flac,
T_0000070622,bonafide,flac_T/T_0000070622.flac,
T_0000173691,bonafide,flac_T/T_0000173691.flac,
T_0000074426,bonafide,flac_T/T_0000074426.flac,
T_0000030919,bonafide,flac_T/T_0000030919.flac,
T_0000058921,bonafide,flac_T/T_0000058921.flac,
T_0000100114,bonafide,flac_T/T_0000100114.flac,
T_0000053181,bonafide,flac_T/T_0000053181.flac,
T_0000069944,bonafide,flac_T/T_0000069944.flac,
T_0000117459,bonafide,flac_T/T_0000117459.flac,
T_0000091094,bonafide,flac_T/T_0000091094.flac,
T_0000103252,bonafide,flac_T/T_0000103252.flac,
T_0000133171,bonafide,flac_T/T_0000133171.flac,
T_0000158957,bonafide,flac_T/T_0000158957.flac,
T_0000026470,bonafide,flac_T/T_0000026470.flac,
T_0000093857,bonafide,flac_T/T_0000093857.flac,
T_0000135221,bonafide,flac_T/T_0000135221.flac,
T_0000024908,bonafide,flac_T/T_0000024908.flac,
T_0000086407,bonafide,flac_T/T_0000086407.flac,
T_0000131533,bonafide,flac_T/T_0000131533.flac,
T_0000009716,bonafide,flac_T/T_0000009716.flac,
T_0000016506,bonafide,flac_T/T_0000016506.flac,
T_0000090113,bonafide,flac_T/T_0000090113.flac,
T_0000111763,bonafide,flac_T/T_0000111763.flac,
T_0000102190,bonafide,flac_T/T_0000102190.flac,
T_0000034454,bonafide,flac_T/T_0000034454.flac,
T_0000020688,bonafide,flac_T/T_0000020688.flac,
T_0000036655,bonafide,flac_T/T_0000036655.flac,
T_0000022946,bonafide,flac_T/T_0000022946.flac,
T_0000013981,bonafide,flac_T/T_0000013981.flac,
T_0000064534,bonafide,flac_T/T_0000064534.flac,
T_0000180959,bonafide,flac_T/T_0000180959.flac,
T_0000020105,bonafide,flac_T/T_0000020105.flac,
T_0000169595,bonafide,flac_T/T_0000169595.flac,
T_0000083753,bonafide,flac_T/T_0000083753.flac,
T_0000109409,bonafide,flac_T/T_0000109409.flac,
T_0000062728,bonafide,flac_T/T_0000062728.flac,
T_0000000414,bonafide,flac_T/T_0000000414.flac,
T_0000059612,bonafide,flac_T/T_0000059612.flac,
T_0000094740,bonafide,flac_T/T_0000094740.flac,
T_0000092471,bonafide,flac_T/T_0000092471.flac,
T_0000072233,bonafide,flac_T/T_0000072233.flac,
T_0000120838,bonafide,flac_T/T_0000120838.flac,
T_0000115229,bonafide,flac_T/T_0000115229.flac,
T_0000008388,bonafide,flac_T/T_0000008388.flac,
T_0000177686,bonafide,flac_T/T_0000177686.flac,
T_0000180881,bonafide,flac_T/T_0000180881.flac,
T_0000047324,bonafide,flac_T/T_0000047324.flac,
T_0000109843,bonafide,flac_T/T_0000109843.flac,
T_0000091158,bonafide,flac_T/T_0000091158.flac,
T_0000176516,bonafide,flac_T/T_0000176516.flac,
T_0000024587,bonafide,flac_T/T_0000024587.flac,
T_0000173757,bonafide,flac_T/T_0000173757.flac,
T_0000010797,bonafide,flac_T/T_0000010797.flac,
T_0000128441,bonafide,flac_T/T_0000128441.flac,
T_0000046861,bonafide,flac_T/T_0000046861.flac,
T_0000048984,bonafide,flac_T/T_0000048984.flac,
T_0000147534,bonafide,flac_T/T_0000147534.flac,
T_0000071657,bonafide,flac_T/T_0000071657.flac,
T_0000181597,bonafide,flac_T/T_0000181597.flac,
T_0000020214,bonafide,flac_T/T_0000020214.flac,
T_0000125691,bonafide,flac_T/T_0000125691.flac,
T_0000019597,bonafide,flac_T/T_0000019597.flac,
T_0000074479,bonafide,flac_T/T_0000074479.flac,
T_0000017642,bonafide,flac_T/T_0000017642.flac,
T_0000089848,bonafide,flac_T/T_0000089848.flac,
T_0000044418,bonafide,flac_T/T_0000044418.flac,
T_0000167204,bonafide,flac_T/T_0000167204.flac,
T_0000089193,bonafide,flac_T/T_0000089193.flac,
T_0000103374,bonafide,flac_T/T_0000103374.flac,
T_0000125063,bonafide,flac_T/T_0000125063.flac,
T_0000129308,bonafide,flac_T/T_0000129308.flac,
T_0000027280,bonafide,flac_T/T_0000027280.flac,
T_0000148167,bonafide,flac_T/T_0000148167.flac,
T_0000043316,bonafide,flac_T/T_0000043316.flac,
T_0000086672,bonafide,flac_T/T_0000086672.flac,
T_0000111776,bonafide,flac_T/T_0000111776.flac,
T_0000088353,bonafide,flac_T/T_0000088353.flac,
T_0000150132,bonafide,flac_T/T_0000150132.flac,
T_0000112031,bonafide,flac_T/T_0000112031.flac,
T_0000126705,bonafide,flac_T/T_0000126705.flac,
T_0000099629,bonafide,flac_T/T_0000099629.flac,
T_0000162921,bonafide,flac_T/T_0000162921.flac,
T_0000087092,bonafide,flac_T/T_0000087092.flac,
T_0000009585,bonafide,flac_T/T_0000009585.flac,
T_0000090296,bonafide,flac_T/T_0000090296.flac,
T_0000171069,bonafide,flac_T/T_0000171069.flac,
T_0000177168,bonafide,flac_T/T_0000177168.flac,
T_0000178058,bonafide,flac_T/T_0000178058.flac,
T_0000137070,bonafide,flac_T/T_0000137070.flac,
T_0000008290,bonafide,flac_T/T_0000008290.flac,
T_0000085732,bonafide,flac_T/T_0000085732.flac,
T_0000029093,bonafide,flac_T/T_0000029093.flac,
T_0000172569,bonafide,flac_T/T_0000172569.flac,
T_0000113736,bonafide,flac_T/T_0000113736.flac,
T_0000068942,bonafide,flac_T/T_0000068942.flac,
T_0000082803,bonafide,flac_T/T_0000082803.flac,
T_0000136410,bonafide,flac_T/T_0000136410.flac,
T_0000060311,bonafide,flac_T/T_0000060311.flac,
T_0000038235,bonafide,flac_T/T_0000038235.flac,
T_0000102754,bonafide,flac_T/T_0000102754.flac,
T_0000117591,bonafide,flac_T/T_0000117591.flac,
T_0000146544,bonafide,flac_T/T_0000146544.flac,
T_0000076901,bonafide,flac_T/T_0000076901.flac,
T_0000070707,bonafide,flac_T/T_0000070707.flac,
T_0000138407,bonafide,flac_T/T_0000138407.flac,
T_0000048291,bonafide,flac_T/T_0000048291.flac,
T_0000024070,bonafide,flac_T/T_0000024070.flac,
T_0000150485,bonafide,flac_T/T_0000150485.flac,
T_0000167970,bonafide,flac_T/T_0000167970.flac,
T_0000052590,bonafide,flac_T/T_0000052590.flac,
T_0000088478,bonafide,flac_T/T_0000088478.flac,
T_0000057203,bonafide,flac_T/T_0000057203.flac,
T_0000128290,bonafide,flac_T/T_0000128290.flac,
T_0000053776,bonafide,flac_T/T_0000053776.flac,
T_0000135677,bonafide,flac_T/T_0000135677.flac,
T_0000002636,bonafide,flac_T/T_0000002636.flac,
T_0000181765,bonafide,flac_T/T_0000181765.flac,
T_0000110767,bonafide,flac_T/T_0000110767.flac,
T_0000151772,bonafide,flac_T/T_0000151772.flac,
T_0000095326,bonafide,flac_T/T_0000095326.flac,
T_0000086540,bonafide,flac_T/T_0000086540.flac,
T_0000060694,bonafide,flac_T/T_0000060694.flac,
T_0000002832,bonafide,flac_T/T_0000002832.flac,
T_0000145810,bonafide,flac_T/T_0000145810.flac,
T_0000160248,bonafide,flac_T/T_0000160248.flac,
T_0000157387,bonafide,flac_T/T_0000157387.flac,
T_0000098172,bonafide,flac_T/T_0000098172.flac,
T_0000148305,bonafide,flac_T/T_0000148305.flac,
T_0000130107,bonafide,flac_T/T_0000130107.flac,
T_0000084812,bonafide,flac_T/T_0000084812.flac,
T_0000148034,bonafide,flac_T/T_0000148034.flac,
T_0000127161,bonafide,flac_T/T_0000127161.flac,
T_0000105292,bonafide,flac_T/T_0000105292.flac,
T_0000026613,bonafide,flac_T/T_0000026613.flac,
T_0000066656,bonafide,flac_T/T_0000066656.flac,
T_0000043603,bonafide,flac_T/T_0000043603.flac,
T_0000180237,bonafide,flac_T/T_0000180237.flac,
T_0000157379,bonafide,flac_T/T_0000157379.flac,
T_0000117752,bonafide,flac_T/T_0000117752.flac,
T_0000034177,bonafide,flac_T/T_0000034177.flac,
T_0000172101,bonafide,flac_T/T_0000172101.flac,
T_0000056444,bonafide,flac_T/T_0000056444.flac,
T_0000085783,bonafide,flac_T/T_0000085783.flac,
T_0000023135,bonafide,flac_T/T_0000023135.flac,
T_0000145959,bonafide,flac_T/T_0000145959.flac,
T_0000016103,bonafide,flac_T/T_0000016103.flac,
T_0000014979,bonafide,flac_T/T_0000014979.flac,
T_0000030874,bonafide,flac_T/T_0000030874.flac,
T_0000060557,bonafide,flac_T/T_0000060557.flac,
T_0000073909,bonafide,flac_T/T_0000073909.flac,
T_0000037846,bonafide,flac_T/T_0000037846.flac,
T_0000055315,bonafide,flac_T/T_0000055315.flac,
T_0000119506,bonafide,flac_T/T_0000119506.flac,
T_0000078861,bonafide,flac_T/T_0000078861.flac,
T_0000147852,bonafide,flac_T/T_0000147852.flac,
T_0000091154,bonafide,flac_T/T_0000091154.flac,
T_0000065217,bonafide,flac_T/T_0000065217.flac,
T_0000144951,bonafide,flac_T/T_0000144951.flac,
T_0000146554,bonafide,flac_T/T_0000146554.flac,
T_0000064868,bonafide,flac_T/T_0000064868.flac,
T_0000009751,bonafide,flac_T/T_0000009751.flac,
T_0000007576,bonafide,flac_T/T_0000007576.flac,
T_0000147612,bonafide,flac_T/T_0000147612.flac,
T_0000142617,bonafide,flac_T/T_0000142617.flac,
T_0000096216,bonafide,flac_T/T_0000096216.flac,
T_0000139815,bonafide,flac_T/T_0000139815.flac,
T_0000160522,bonafide,flac_T/T_0000160522.flac,
T_0000128225,bonafide,flac_T/T_0000128225.flac,
T_0000021055,bonafide,flac_T/T_0000021055.flac,
T_0000055424,bonafide,flac_T/T_0000055424.flac,
T_0000155246,bonafide,flac_T/T_0000155246.flac,
T_0000017357,bonafide,flac_T/T_0000017357.flac,
T_0000038356,bonafide,flac_T/T_0000038356.flac,
T_0000117074,bonafide,flac_T/T_0000117074.flac,
T_0000155607,bonafide,flac_T/T_0000155607.flac,
T_0000013949,bonafide,flac_T/T_0000013949.flac,
T_0000021492,bonafide,flac_T/T_0000021492.flac,
T_0000078562,bonafide,flac_T/T_0000078562.flac,
T_0000027829,bonafide,flac_T/T_0000027829.flac,
T_0000170786,bonafide,flac_T/T_0000170786.flac,
T_0000010286,bonafide,flac_T/T_0000010286.flac,
T_0000112852,bonafide,flac_T/T_0000112852.flac,
T_0000086934,bonafide,flac_T/T_0000086934.flac,
T_0000159340,bonafide,flac_T/T_0000159340.flac,
T_0000060524,bonafide,flac_T/T_0000060524.flac,
T_0000049021,bonafide,flac_T/T_0000049021.flac,
T_0000055530,bonafide,flac_T/T_0000055530.flac,
T_0000039633,bonafide,flac_T/T_0000039633.flac,
T_0000041123,bonafide,flac_T/T_0000041123.flac,
T_0000060412,bonafide,flac_T/T_0000060412.flac,
T_0000091751,bonafide,flac_T/T_0000091751.flac,
T_0000174399,bonafide,flac_T/T_0000174399.flac,
T_0000011401,bonafide,flac_T/T_0000011401.flac,
T_0000162338,bonafide,flac_T/T_0000162338.flac,
T_0000156825,bonafide,flac_T/T_0000156825.flac,
T_0000139566,bonafide,flac_T/T_0000139566.flac,
T_0000048872,bonafide,flac_T/T_0000048872.flac,
T_0000055586,bonafide,flac_T/T_0000055586.flac,
T_0000141886,bonafide,flac_T/T_0000141886.flac,
T_0000061002,bonafide,flac_T/T_0000061002.flac,
T_0000050016,bonafide,flac_T/T_0000050016.flac,
T_0000036946,bonafide,flac_T/T_0000036946.flac,
T_0000133537,bonafide,flac_T/T_0000133537.flac,
T_0000024581,bonafide,flac_T/T_0000024581.flac,
T_0000031345,bonafide,flac_T/T_0000031345.flac,
T_0000083082,bonafide,flac_T/T_0000083082.flac,
T_0000051878,bonafide,flac_T/T_0000051878.flac,
T_0000035111,bonafide,flac_T/T_0000035111.flac,
T_0000116908,bonafide,flac_T/T_0000116908.flac,
T_0000099189,bonafide,flac_T/T_0000099189.flac,
T_0000177816,bonafide,flac_T/T_0000177816.flac,
T_0000040923,bonafide,flac_T/T_0000040923.flac,
T_0000052211,bonafide,flac_T/T_0000052211.flac,
T_0000112567,bonafide,flac_T/T_0000112567.flac,
T_0000143483,bonafide,flac_T/T_0000143483.flac,
T_0000084189,bonafide,flac_T/T_0000084189.flac,
T_0000113980,bonafide,flac_T/T_0000113980.flac,
T_0000161613,bonafide,flac_T/T_0000161613.flac,
T_0000125186,bonafide,flac_T/T_0000125186.flac,
T_0000131863,bonafide,flac_T/T_0000131863.flac,
T_0000016139,bonafide,flac_T/T_0000016139.flac,
T_0000085297,bonafide,flac_T/T_0000085297.flac,
T_0000060032,bonafide,flac_T/T_0000060032.flac,
T_0000142409,bonafide,flac_T/T_0000142409.flac,
T_0000052813,bonafide,flac_T/T_0000052813.flac,
T_0000177886,bonafide,flac_T/T_0000177886.flac,
T_0000138125,bonafide,flac_T/T_0000138125.flac,
T_0000090289,bonafide,flac_T/T_0000090289.flac,
T_0000118024,bonafide,flac_T/T_0000118024.flac,
T_0000128820,bonafide,flac_T/T_0000128820.flac,
T_0000150964,bonafide,flac_T/T_0000150964.flac,
T_0000051409,bonafide,flac_T/T_0000051409.flac,
T_0000181728,bonafide,flac_T/T_0000181728.flac,
T_0000097191,bonafide,flac_T/T_0000097191.flac,
T_0000077637,bonafide,flac_T/T_0000077637.flac,
T_0000066563,bonafide,flac_T/T_0000066563.flac,
T_0000155269,bonafide,flac_T/T_0000155269.flac,
T_0000104403,bonafide,flac_T/T_0000104403.flac,
T_0000077927,bonafide,flac_T/T_0000077927.flac,
T_0000014077,bonafide,flac_T/T_0000014077.flac,
T_0000024290,bonafide,flac_T/T_0000024290.flac,
T_0000101144,bonafide,flac_T/T_0000101144.flac,
T_0000012470,bonafide,flac_T/T_0000012470.flac,
T_0000108336,bonafide,flac_T/T_0000108336.flac,
T_0000167517,bonafide,flac_T/T_0000167517.flac,
T_0000040227,bonafide,flac_T/T_0000040227.flac,
T_0000134687,bonafide,flac_T/T_0000134687.flac,
T_0000084091,bonafide,flac_T/T_0000084091.flac,
T_0000103517,bonafide,flac_T/T_0000103517.flac,
T_0000072324,bonafide,flac_T/T_0000072324.flac,
T_0000046477,bonafide,flac_T/T_0000046477.flac,
T_0000099014,bonafide,flac_T/T_0000099014.flac,
T_0000015126,bonafide,flac_T/T_0000015126.flac,
T_0000157254,bonafide,flac_T/T_0000157254.flac,
T_0000068843,bonafide,flac_T/T_0000068843.flac,
T_0000073256,bonafide,flac_T/T_0000073256.flac,
T_0000054366,bonafide,flac_T/T_0000054366.flac,
T_0000123896,bonafide,flac_T/T_0000123896.flac,
T_0000162435,bonafide,flac_T/T_0000162435.flac,
T_0000034602,bonafide,flac_T/T_0000034602.flac,
T_0000121837,bonafide,flac_T/T_0000121837.flac,
T_0000135973,bonafide,flac_T/T_0000135973.flac,
T_0000021549,bonafide,flac_T/T_0000021549.flac,
T_0000179594,bonafide,flac_T/T_0000179594.flac,
T_0000137566,bonafide,flac_T/T_0000137566.flac,
T_0000112562,bonafide,flac_T/T_0000112562.flac,
T_0000174421,bonafide,flac_T/T_0000174421.flac,
T_0000033279,bonafide,flac_T/T_0000033279.flac,
T_0000028529,bonafide,flac_T/T_0000028529.flac,
T_0000133898,bonafide,flac_T/T_0000133898.flac,
T_0000003949,bonafide,flac_T/T_0000003949.flac,
T_0000131514,bonafide,flac_T/T_0000131514.flac,
T_0000128743,bonafide,flac_T/T_0000128743.flac,
T_0000104142,bonafide,flac_T/T_0000104142.flac,
T_0000142528,bonafide,flac_T/T_0000142528.flac,
T_0000151159,bonafide,flac_T/T_0000151159.flac,
T_0000176082,bonafide,flac_T/T_0000176082.flac,
T_0000069481,bonafide,flac_T/T_0000069481.flac,
T_0000008393,bonafide,flac_T/T_0000008393.flac,
T_0000163933,bonafide,flac_T/T_0000163933.flac,
T_0000039221,bonafide,flac_T/T_0000039221.flac,
T_0000134194,bonafide,flac_T/T_0000134194.flac,
T_0000065244,bonafide,flac_T/T_0000065244.flac,
T_0000035626,bonafide,flac_T/T_0000035626.flac,
T_0000005157,bonafide,flac_T/T_0000005157.flac,
T_0000158466,bonafide,flac_T/T_0000158466.flac,
T_0000169874,bonafide,flac_T/T_0000169874.flac,
T_0000042484,bonafide,flac_T/T_0000042484.flac,
T_0000049533,bonafide,flac_T/T_0000049533.flac,
T_0000130390,bonafide,flac_T/T_0000130390.flac,
T_0000160354,bonafide,flac_T/T_0000160354.flac,
T_0000003974,bonafide,flac_T/T_0000003974.flac,
T_0000009203,bonafide,flac_T/T_0000009203.flac,
T_0000057747,bonafide,flac_T/T_0000057747.flac,
T_0000008508,bonafide,flac_T/T_0000008508.flac,
T_0000175033,bonafide,flac_T/T_0000175033.flac,
T_0000152674,bonafide,flac_T/T_0000152674.flac,
T_0000179132,bonafide,flac_T/T_0000179132.flac,
T_0000159226,bonafide,flac_T/T_0000159226.flac,
T_0000176371,bonafide,flac_T/T_0000176371.flac,
T_0000020563,bonafide,flac_T/T_0000020563.flac,
T_0000125401,bonafide,flac_T/T_0000125401.flac,
T_0000140887,bonafide,flac_T/T_0000140887.flac,
T_0000172119,bonafide,flac_T/T_0000172119.flac,
T_0000145575,bonafide,flac_T/T_0000145575.flac,
T_0000014486,bonafide,flac_T/T_0000014486.flac,
T_0000037882,bonafide,flac_T/T_0000037882.flac,
T_0000011939,bonafide,flac_T/T_0000011939.flac,
T_0000027306,bonafide,flac_T/T_0000027306.flac,
T_0000140803,bonafide,flac_T/T_0000140803.flac,
T_0000172264,bonafide,flac_T/T_0000172264.flac,
T_0000150629,bonafide,flac_T/T_0000150629.flac,
T_0000153334,bonafide,flac_T/T_0000153334.flac,
T_0000067535,bonafide,flac_T/T_0000067535.flac,
T_0000084095,bonafide,flac_T/T_0000084095.flac,
T_0000047574,bonafide,flac_T/T_0000047574.flac,
T_0000167458,bonafide,flac_T/T_0000167458.flac,
T_0000068423,bonafide,flac_T/T_0000068423.flac,
T_0000060187,bonafide,flac_T/T_0000060187.flac,
T_0000020088,bonafide,flac_T/T_0000020088.flac,
T_0000104926,bonafide,flac_T/T_0000104926.flac,
T_0000109519,bonafide,flac_T/T_0000109519.flac,
T_0000034646,bonafide,flac_T/T_0000034646.flac,
T_0000139565,bonafide,flac_T/T_0000139565.flac,
T_0000142499,bonafide,flac_T/T_0000142499.flac,
T_0000063048,bonafide,flac_T/T_0000063048.flac,
T_0000099406,bonafide,flac_T/T_0000099406.flac,
T_0000070922,bonafide,flac_T/T_0000070922.flac,
T_0000128216,bonafide,flac_T/T_0000128216.flac,
T_0000130561,bonafide,flac_T/T_0000130561.flac,
T_0000167793,bonafide,flac_T/T_0000167793.flac,
T_0000146156,bonafide,flac_T/T_0000146156.flac,
T_0000170243,bonafide,flac_T/T_0000170243.flac,
T_0000012210,bonafide,flac_T/T_0000012210.flac,
T_0000109816,bonafide,flac_T/T_0000109816.flac,
T_0000025847,bonafide,flac_T/T_0000025847.flac,
T_0000029795,bonafide,flac_T/T_0000029795.flac,
T_0000032154,bonafide,flac_T/T_0000032154.flac,
T_0000149433,bonafide,flac_T/T_0000149433.flac,
T_0000025876,bonafide,flac_T/T_0000025876.flac,
T_0000077232,bonafide,flac_T/T_0000077232.flac,
T_0000089272,bonafide,flac_T/T_0000089272.flac,
T_0000093832,bonafide,flac_T/T_0000093832.flac,
T_0000130296,bonafide,flac_T/T_0000130296.flac,
T_0000067538,bonafide,flac_T/T_0000067538.flac,
T_0000085402,bonafide,flac_T/T_0000085402.flac,
T_0000154301,bonafide,flac_T/T_0000154301.flac,
T_0000080287,bonafide,flac_T/T_0000080287.flac,
T_0000049473,bonafide,flac_T/T_0000049473.flac,
T_0000020721,bonafide,flac_T/T_0000020721.flac,
T_0000095690,bonafide,flac_T/T_0000095690.flac,
T_0000118183,bonafide,flac_T/T_0000118183.flac,
T_0000030347,bonafide,flac_T/T_0000030347.flac,
T_0000026308,bonafide,flac_T/T_0000026308.flac,
T_0000140504,bonafide,flac_T/T_0000140504.flac,
T_0000025073,bonafide,flac_T/T_0000025073.flac,
T_0000010508,bonafide,flac_T/T_0000010508.flac,
T_0000153913,bonafide,flac_T/T_0000153913.flac,
T_0000123111,bonafide,flac_T/T_0000123111.flac,
T_0000127378,bonafide,flac_T/T_0000127378.flac,
T_0000093942,bonafide,flac_T/T_0000093942.flac,
T_0000156644,bonafide,flac_T/T_0000156644.flac,
T_0000160453,bonafide,flac_T/T_0000160453.flac,
T_0000049012,bonafide,flac_T/T_0000049012.flac,
T_0000056011,bonafide,flac_T/T_0000056011.flac,
T_0000023417,bonafide,flac_T/T_0000023417.flac,
T_0000044222,bonafide,flac_T/T_0000044222.flac,
T_0000068472,bonafide,flac_T/T_0000068472.flac,
T_0000171447,bonafide,flac_T/T_0000171447.flac,
T_0000079442,bonafide,flac_T/T_0000079442.flac,
T_0000104468,bonafide,flac_T/T_0000104468.flac,
T_0000050624,bonafide,flac_T/T_0000050624.flac,
T_0000139685,bonafide,flac_T/T_0000139685.flac,
T_0000176770,bonafide,flac_T/T_0000176770.flac,
T_0000101417,bonafide,flac_T/T_0000101417.flac,
T_0000065179,bonafide,flac_T/T_0000065179.flac,
T_0000040048,bonafide,flac_T/T_0000040048.flac,
T_0000146480,bonafide,flac_T/T_0000146480.flac,
T_0000012481,bonafide,flac_T/T_0000012481.flac,
T_0000170771,bonafide,flac_T/T_0000170771.flac,
T_0000101649,bonafide,flac_T/T_0000101649.flac,
T_0000101313,bonafide,flac_T/T_0000101313.flac,
T_0000070442,bonafide,flac_T/T_0000070442.flac,
T_0000018245,bonafide,flac_T/T_0000018245.flac,
T_0000170341,bonafide,flac_T/T_0000170341.flac,
T_0000077939,bonafide,flac_T/T_0000077939.flac,
T_0000139037,bonafide,flac_T/T_0000139037.flac,
T_0000013891,bonafide,flac_T/T_0000013891.flac,
T_0000121371,bonafide,flac_T/T_0000121371.flac,
T_0000131978,bonafide,flac_T/T_0000131978.flac,
T_0000143815,bonafide,flac_T/T_0000143815.flac,
T_0000112414,bonafide,flac_T/T_0000112414.flac,
T_0000056264,bonafide,flac_T/T_0000056264.flac,
T_0000025943,bonafide,flac_T/T_0000025943.flac,
T_0000125779,bonafide,flac_T/T_0000125779.flac,
T_0000013175,bonafide,flac_T/T_0000013175.flac,
T_0000166218,bonafide,flac_T/T_0000166218.flac,
T_0000118197,bonafide,flac_T/T_0000118197.flac,
T_0000174222,bonafide,flac_T/T_0000174222.flac,
T_0000151017,bonafide,flac_T/T_0000151017.flac,
T_0000153202,bonafide,flac_T/T_0000153202.flac,
T_0000144049,bonafide,flac_T/T_0000144049.flac,
T_0000059552,bonafide,flac_T/T_0000059552.flac,
T_0000083976,bonafide,flac_T/T_0000083976.flac,
T_0000156826,bonafide,flac_T/T_0000156826.flac,
T_0000063549,bonafide,flac_T/T_0000063549.flac,
T_0000063322,bonafide,flac_T/T_0000063322.flac,
T_0000003281,bonafide,flac_T/T_0000003281.flac,
T_0000016030,bonafide,flac_T/T_0000016030.flac,
T_0000158772,bonafide,flac_T/T_0000158772.flac,
T_0000078128,bonafide,flac_T/T_0000078128.flac,
T_0000096830,bonafide,flac_T/T_0000096830.flac,
T_0000059240,bonafide,flac_T/T_0000059240.flac,
T_0000119000,bonafide,flac_T/T_0000119000.flac,
T_0000119718,bonafide,flac_T/T_0000119718.flac,
T_0000063064,bonafide,flac_T/T_0000063064.flac,
T_0000118427,bonafide,flac_T/T_0000118427.flac,
T_0000139485,bonafide,flac_T/T_0000139485.flac,
T_0000133556,bonafide,flac_T/T_0000133556.flac,
T_0000033471,bonafide,flac_T/T_0000033471.flac,
T_0000087660,bonafide,flac_T/T_0000087660.flac,
T_0000173084,bonafide,flac_T/T_0000173084.flac,
T_0000092420,bonafide,flac_T/T_0000092420.flac,
T_0000004585,bonafide,flac_T/T_0000004585.flac,
T_0000052814,bonafide,flac_T/T_0000052814.flac,
T_0000170943,bonafide,flac_T/T_0000170943.flac,
T_0000001064,bonafide,flac_T/T_0000001064.flac,
T_0000104506,bonafide,flac_T/T_0000104506.flac,
T_0000179191,bonafide,flac_T/T_0000179191.flac,
T_0000091360,bonafide,flac_T/T_0000091360.flac,
T_0000162528,bonafide,flac_T/T_0000162528.flac,
T_0000002241,bonafide,flac_T/T_0000002241.flac,
T_0000102431,bonafide,flac_T/T_0000102431.flac,
T_0000081071,bonafide,flac_T/T_0000081071.flac,
T_0000178134,bonafide,flac_T/T_0000178134.flac,
T_0000146570,bonafide,flac_T/T_0000146570.flac,
T_0000082334,bonafide,flac_T/T_0000082334.flac,
T_0000021251,bonafide,flac_T/T_0000021251.flac,
T_0000125082,bonafide,flac_T/T_0000125082.flac,
T_0000119320,bonafide,flac_T/T_0000119320.flac,
T_0000165900,bonafide,flac_T/T_0000165900.flac,
T_0000101686,bonafide,flac_T/T_0000101686.flac,
T_0000071782,bonafide,flac_T/T_0000071782.flac,
T_0000063692,bonafide,flac_T/T_0000063692.flac,
T_0000067567,bonafide,flac_T/T_0000067567.flac,
T_0000046588,bonafide,flac_T/T_0000046588.flac,
T_0000161607,bonafide,flac_T/T_0000161607.flac,
T_0000065463,bonafide,flac_T/T_0000065463.flac,
T_0000136470,bonafide,flac_T/T_0000136470.flac,
T_0000063783,bonafide,flac_T/T_0000063783.flac,
T_0000044397,bonafide,flac_T/T_0000044397.flac,
T_0000049776,bonafide,flac_T/T_0000049776.flac,
T_0000170449,bonafide,flac_T/T_0000170449.flac,
T_0000152587,bonafide,flac_T/T_0000152587.flac,
T_0000025840,bonafide,flac_T/T_0000025840.flac,
T_0000125689,bonafide,flac_T/T_0000125689.flac,
T_0000076695,bonafide,flac_T/T_0000076695.flac,
T_0000077212,bonafide,flac_T/T_0000077212.flac,
T_0000041033,bonafide,flac_T/T_0000041033.flac,
T_0000169920,bonafide,flac_T/T_0000169920.flac,
T_0000007691,bonafide,flac_T/T_0000007691.flac,
T_0000037101,bonafide,flac_T/T_0000037101.flac,
T_0000176502,bonafide,flac_T/T_0000176502.flac,
T_0000101306,bonafide,flac_T/T_0000101306.flac,
T_0000051368,bonafide,flac_T/T_0000051368.flac,
T_0000173134,bonafide,flac_T/T_0000173134.flac,
T_0000165318,bonafide,flac_T/T_0000165318.flac,
T_0000037445,bonafide,flac_T/T_0000037445.flac,
T_0000096119,bonafide,flac_T/T_0000096119.flac,
T_0000000997,bonafide,flac_T/T_0000000997.flac,
T_0000140811,bonafide,flac_T/T_0000140811.flac,
T_0000073840,bonafide,flac_T/T_0000073840.flac,
T_0000102295,bonafide,flac_T/T_0000102295.flac,
T_0000146404,bonafide,flac_T/T_0000146404.flac,
T_0000052920,bonafide,flac_T/T_0000052920.flac,
T_0000095358,bonafide,flac_T/T_0000095358.flac,
T_0000079675,bonafide,flac_T/T_0000079675.flac,
T_0000148145,bonafide,flac_T/T_0000148145.flac,
T_0000134062,bonafide,flac_T/T_0000134062.flac,
T_0000137962,bonafide,flac_T/T_0000137962.flac,
T_0000018127,bonafide,flac_T/T_0000018127.flac,
T_0000127357,bonafide,flac_T/T_0000127357.flac,
T_0000171754,bonafide,flac_T/T_0000171754.flac,
T_0000143300,bonafide,flac_T/T_0000143300.flac,
T_0000115404,bonafide,flac_T/T_0000115404.flac,
T_0000117348,bonafide,flac_T/T_0000117348.flac,
T_0000144288,bonafide,flac_T/T_0000144288.flac,
T_0000048620,bonafide,flac_T/T_0000048620.flac,
T_0000092872,bonafide,flac_T/T_0000092872.flac,
T_0000130151,bonafide,flac_T/T_0000130151.flac,
T_0000154123,bonafide,flac_T/T_0000154123.flac,
T_0000107847,bonafide,flac_T/T_0000107847.flac,
T_0000070701,bonafide,flac_T/T_0000070701.flac,
T_0000163628,bonafide,flac_T/T_0000163628.flac,
T_0000059490,bonafide,flac_T/T_0000059490.flac,
T_0000004618,bonafide,flac_T/T_0000004618.flac,
T_0000074852,bonafide,flac_T/T_0000074852.flac,
T_0000010966,bonafide,flac_T/T_0000010966.flac,
T_0000072250,bonafide,flac_T/T_0000072250.flac,
T_0000114864,bonafide,flac_T/T_0000114864.flac,
T_0000127393,bonafide,flac_T/T_0000127393.flac,
T_0000166430,bonafide,flac_T/T_0000166430.flac,
T_0000075628,bonafide,flac_T/T_0000075628.flac,
T_0000083199,bonafide,flac_T/T_0000083199.flac,
T_0000115269,bonafide,flac_T/T_0000115269.flac,
T_0000005088,bonafide,flac_T/T_0000005088.flac,
T_0000154713,bonafide,flac_T/T_0000154713.flac,
T_0000039283,bonafide,flac_T/T_0000039283.flac,
T_0000041096,bonafide,flac_T/T_0000041096.flac,
T_0000149355,bonafide,flac_T/T_0000149355.flac,
T_0000016376,bonafide,flac_T/T_0000016376.flac,
T_0000050515,bonafide,flac_T/T_0000050515.flac,
T_0000027714,bonafide,flac_T/T_0000027714.flac,
T_0000003283,bonafide,flac_T/T_0000003283.flac,
T_0000096584,bonafide,flac_T/T_0000096584.flac,
T_0000172541,bonafide,flac_T/T_0000172541.flac,
T_0000128447,bonafide,flac_T/T_0000128447.flac,
T_0000161759,bonafide,flac_T/T_0000161759.flac,
T_0000166600,bonafide,flac_T/T_0000166600.flac,
T_0000073809,bonafide,flac_T/T_0000073809.flac,
T_0000060085,bonafide,flac_T/T_0000060085.flac,
T_0000019020,bonafide,flac_T/T_0000019020.flac,
T_0000031054,bonafide,flac_T/T_0000031054.flac,
T_0000180097,bonafide,flac_T/T_0000180097.flac,
T_0000021312,bonafide,flac_T/T_0000021312.flac,
T_0000152838,bonafide,flac_T/T_0000152838.flac,
T_0000083114,bonafide,flac_T/T_0000083114.flac,
T_0000176012,bonafide,flac_T/T_0000176012.flac,
T_0000148515,bonafide,flac_T/T_0000148515.flac,
T_0000006337,bonafide,flac_T/T_0000006337.flac,
T_0000169352,bonafide,flac_T/T_0000169352.flac,
T_0000181932,bonafide,flac_T/T_0000181932.flac,
T_0000145165,bonafide,flac_T/T_0000145165.flac,
T_0000043981,bonafide,flac_T/T_0000043981.flac,
T_0000136501,bonafide,flac_T/T_0000136501.flac,
T_0000166877,bonafide,flac_T/T_0000166877.flac,
T_0000033933,bonafide,flac_T/T_0000033933.flac,
T_0000176152,bonafide,flac_T/T_0000176152.flac,
T_0000051661,bonafide,flac_T/T_0000051661.flac,
T_0000142171,bonafide,flac_T/T_0000142171.flac,
T_0000159149,bonafide,flac_T/T_0000159149.flac,
T_0000033159,bonafide,flac_T/T_0000033159.flac,
T_0000009970,bonafide,flac_T/T_0000009970.flac,
T_0000123106,bonafide,flac_T/T_0000123106.flac,
T_0000157607,bonafide,flac_T/T_0000157607.flac,
T_0000111909,bonafide,flac_T/T_0000111909.flac,
T_0000167553,bonafide,flac_T/T_0000167553.flac,
T_0000066024,bonafide,flac_T/T_0000066024.flac,
T_0000010452,bonafide,flac_T/T_0000010452.flac,
T_0000045268,bonafide,flac_T/T_0000045268.flac,
T_0000078971,bonafide,flac_T/T_0000078971.flac,
T_0000009461,bonafide,flac_T/T_0000009461.flac,
T_0000135028,bonafide,flac_T/T_0000135028.flac,
T_0000163959,bonafide,flac_T/T_0000163959.flac,
T_0000102768,bonafide,flac_T/T_0000102768.flac,
T_0000104289,bonafide,flac_T/T_0000104289.flac,
T_0000000922,bonafide,flac_T/T_0000000922.flac,
T_0000068007,bonafide,flac_T/T_0000068007.flac,
T_0000068291,bonafide,flac_T/T_0000068291.flac,
T_0000177446,bonafide,flac_T/T_0000177446.flac,
T_0000164430,bonafide,flac_T/T_0000164430.flac,
T_0000144354,bonafide,flac_T/T_0000144354.flac,
T_0000045505,bonafide,flac_T/T_0000045505.flac,
T_0000003925,bonafide,flac_T/T_0000003925.flac,
T_0000050367,bonafide,flac_T/T_0000050367.flac,
T_0000001540,bonafide,flac_T/T_0000001540.flac,
T_0000159279,bonafide,flac_T/T_0000159279.flac,
T_0000088585,bonafide,flac_T/T_0000088585.flac,
T_0000170685,bonafide,flac_T/T_0000170685.flac,
T_0000058724,bonafide,flac_T/T_0000058724.flac,
T_0000089323,bonafide,flac_T/T_0000089323.flac,
T_0000119260,bonafide,flac_T/T_0000119260.flac,
T_0000003324,bonafide,flac_T/T_0000003324.flac,
T_0000163664,bonafide,flac_T/T_0000163664.flac,
T_0000144011,bonafide,flac_T/T_0000144011.flac,
T_0000031121,bonafide,flac_T/T_0000031121.flac,
T_0000012279,bonafide,flac_T/T_0000012279.flac,
T_0000113941,bonafide,flac_T/T_0000113941.flac,
T_0000078888,bonafide,flac_T/T_0000078888.flac,
T_0000158460,bonafide,flac_T/T_0000158460.flac,
T_0000070170,bonafide,flac_T/T_0000070170.flac,
T_0000022308,bonafide,flac_T/T_0000022308.flac,
T_0000137154,bonafide,flac_T/T_0000137154.flac,
T_0000087811,bonafide,flac_T/T_0000087811.flac,
T_0000122333,bonafide,flac_T/T_0000122333.flac,
T_0000159931,bonafide,flac_T/T_0000159931.flac,
T_0000060210,bonafide,flac_T/T_0000060210.flac,
T_0000166918,bonafide,flac_T/T_0000166918.flac,
T_0000029566,bonafide,flac_T/T_0000029566.flac,
T_0000080445,bonafide,flac_T/T_0000080445.flac,
T_0000047689,bonafide,flac_T/T_0000047689.flac,
T_0000088674,bonafide,flac_T/T_0000088674.flac,
T_0000044379,bonafide,flac_T/T_0000044379.flac,
T_0000015796,bonafide,flac_T/T_0000015796.flac,
T_0000034071,bonafide,flac_T/T_0000034071.flac,
T_0000072583,bonafide,flac_T/T_0000072583.flac,
T_0000070583,bonafide,flac_T/T_0000070583.flac,
T_0000060790,bonafide,flac_T/T_0000060790.flac,
T_0000162086,bonafide,flac_T/T_0000162086.flac,
T_0000167046,bonafide,flac_T/T_0000167046.flac,
T_0000109162,bonafide,flac_T/T_0000109162.flac,
T_0000015474,bonafide,flac_T/T_0000015474.flac,
T_0000163421,bonafide,flac_T/T_0000163421.flac,
T_0000126621,bonafide,flac_T/T_0000126621.flac,
T_0000171400,bonafide,flac_T/T_0000171400.flac,
T_0000114397,bonafide,flac_T/T_0000114397.flac,
T_0000071324,bonafide,flac_T/T_0000071324.flac,
T_0000037425,bonafide,flac_T/T_0000037425.flac,
T_0000127451,bonafide,flac_T/T_0000127451.flac,
T_0000073354,bonafide,flac_T/T_0000073354.flac,
T_0000088218,bonafide,flac_T/T_0000088218.flac,
T_0000068265,bonafide,flac_T/T_0000068265.flac,
T_0000143881,bonafide,flac_T/T_0000143881.flac,
T_0000004181,bonafide,flac_T/T_0000004181.flac,
T_0000142869,bonafide,flac_T/T_0000142869.flac,
T_0000063989,bonafide,flac_T/T_0000063989.flac,
T_0000157198,bonafide,flac_T/T_0000157198.flac,
T_0000107540,bonafide,flac_T/T_0000107540.flac,
T_0000111846,bonafide,flac_T/T_0000111846.flac,
T_0000148411,bonafide,flac_T/T_0000148411.flac,
T_0000143067,bonafide,flac_T/T_0000143067.flac,
T_0000152727,bonafide,flac_T/T_0000152727.flac,
T_0000114980,bonafide,flac_T/T_0000114980.flac,
T_0000059219,bonafide,flac_T/T_0000059219.flac,
T_0000008319,bonafide,flac_T/T_0000008319.flac,
T_0000115254,bonafide,flac_T/T_0000115254.flac,
T_0000089591,bonafide,flac_T/T_0000089591.flac,
T_0000070096,bonafide,flac_T/T_0000070096.flac,
T_0000160885,bonafide,flac_T/T_0000160885.flac,
T_0000138018,bonafide,flac_T/T_0000138018.flac,
T_0000074316,bonafide,flac_T/T_0000074316.flac,
T_0000056021,bonafide,flac_T/T_0000056021.flac,
T_0000132493,bonafide,flac_T/T_0000132493.flac,
T_0000079295,bonafide,flac_T/T_0000079295.flac,
T_0000009604,bonafide,flac_T/T_0000009604.flac,
T_0000141210,bonafide,flac_T/T_0000141210.flac,
T_0000075775,bonafide,flac_T/T_0000075775.flac,
T_0000058458,bonafide,flac_T/T_0000058458.flac,
T_0000101453,bonafide,flac_T/T_0000101453.flac,
T_0000096292,bonafide,flac_T/T_0000096292.flac,
T_0000047510,bonafide,flac_T/T_0000047510.flac,
T_0000163418,bonafide,flac_T/T_0000163418.flac,
T_0000163964,bonafide,flac_T/T_0000163964.flac,
T_0000066023,bonafide,flac_T/T_0000066023.flac,
T_0000146883,bonafide,flac_T/T_0000146883.flac,
T_0000144750,bonafide,flac_T/T_0000144750.flac,
T_0000058121,bonafide,flac_T/T_0000058121.flac,
T_0000140386,bonafide,flac_T/T_0000140386.flac,
T_0000154102,bonafide,flac_T/T_0000154102.flac,
T_0000044300,bonafide,flac_T/T_0000044300.flac,
T_0000133427,bonafide,flac_T/T_0000133427.flac,
T_0000059116,bonafide,flac_T/T_0000059116.flac,
T_0000113799,bonafide,flac_T/T_0000113799.flac,
T_0000105682,bonafide,flac_T/T_0000105682.flac,
T_0000176658,bonafide,flac_T/T_0000176658.flac,
T_0000079761,bonafide,flac_T/T_0000079761.flac,
T_0000006219,bonafide,flac_T/T_0000006219.flac,
T_0000158391,bonafide,flac_T/T_0000158391.flac,
T_0000056720,bonafide,flac_T/T_0000056720.flac,
T_0000144864,bonafide,flac_T/T_0000144864.flac,
T_0000082900,bonafide,flac_T/T_0000082900.flac,
T_0000063754,bonafide,flac_T/T_0000063754.flac,
T_0000077410,bonafide,flac_T/T_0000077410.flac,
T_0000128110,bonafide,flac_T/T_0000128110.flac,
T_0000059876,bonafide,flac_T/T_0000059876.flac,
T_0000096509,bonafide,flac_T/T_0000096509.flac,
T_0000013330,bonafide,flac_T/T_0000013330.flac,
T_0000107440,bonafide,flac_T/T_0000107440.flac,
T_0000133848,bonafide,flac_T/T_0000133848.flac,
T_0000126294,bonafide,flac_T/T_0000126294.flac,
T_0000087032,bonafide,flac_T/T_0000087032.flac,
T_0000160166,bonafide,flac_T/T_0000160166.flac,
T_0000128000,bonafide,flac_T/T_0000128000.flac,
T_0000118239,bonafide,flac_T/T_0000118239.flac,
T_0000165604,bonafide,flac_T/T_0000165604.flac,
T_0000011621,bonafide,flac_T/T_0000011621.flac,
T_0000053997,bonafide,flac_T/T_0000053997.flac,
T_0000010814,bonafide,flac_T/T_0000010814.flac,
T_0000172727,bonafide,flac_T/T_0000172727.flac,
T_0000109978,bonafide,flac_T/T_0000109978.flac,
T_0000153140,bonafide,flac_T/T_0000153140.flac,
T_0000166224,bonafide,flac_T/T_0000166224.flac,
T_0000152254,bonafide,flac_T/T_0000152254.flac,
T_0000179409,bonafide,flac_T/T_0000179409.flac,
T_0000162151,bonafide,flac_T/T_0000162151.flac,
T_0000020502,bonafide,flac_T/T_0000020502.flac,
T_0000071712,bonafide,flac_T/T_0000071712.flac,
T_0000125205,bonafide,flac_T/T_0000125205.flac,
T_0000084211,bonafide,flac_T/T_0000084211.flac,
T_0000161492,bonafide,flac_T/T_0000161492.flac,
T_0000103960,bonafide,flac_T/T_0000103960.flac,
T_0000088618,bonafide,flac_T/T_0000088618.flac,
T_0000034636,bonafide,flac_T/T_0000034636.flac,
T_0000159932,bonafide,flac_T/T_0000159932.flac,
T_0000076275,bonafide,flac_T/T_0000076275.flac,
T_0000170120,bonafide,flac_T/T_0000170120.flac,
T_0000084976,bonafide,flac_T/T_0000084976.flac,
T_0000081463,bonafide,flac_T/T_0000081463.flac,
T_0000128147,bonafide,flac_T/T_0000128147.flac,
T_0000023180,bonafide,flac_T/T_0000023180.flac,
T_0000027187,bonafide,flac_T/T_0000027187.flac,
T_0000060090,bonafide,flac_T/T_0000060090.flac,
T_0000022799,bonafide,flac_T/T_0000022799.flac,
T_0000011294,bonafide,flac_T/T_0000011294.flac,
T_0000001197,bonafide,flac_T/T_0000001197.flac,
T_0000137522,bonafide,flac_T/T_0000137522.flac,
T_0000175173,bonafide,flac_T/T_0000175173.flac,
T_0000139910,bonafide,flac_T/T_0000139910.flac,
T_0000032749,bonafide,flac_T/T_0000032749.flac,
T_0000107530,bonafide,flac_T/T_0000107530.flac,
T_0000060881,bonafide,flac_T/T_0000060881.flac,
T_0000008086,bonafide,flac_T/T_0000008086.flac,
T_0000052728,bonafide,flac_T/T_0000052728.flac,
T_0000132280,bonafide,flac_T/T_0000132280.flac,
T_0000069867,bonafide,flac_T/T_0000069867.flac,
T_0000050003,bonafide,flac_T/T_0000050003.flac,
T_0000095076,bonafide,flac_T/T_0000095076.flac,
T_0000156251,bonafide,flac_T/T_0000156251.flac,
T_0000106625,bonafide,flac_T/T_0000106625.flac,
T_0000154806,bonafide,flac_T/T_0000154806.flac,
T_0000075544,bonafide,flac_T/T_0000075544.flac,
T_0000180603,bonafide,flac_T/T_0000180603.flac,
T_0000035096,bonafide,flac_T/T_0000035096.flac,
T_0000157540,bonafide,flac_T/T_0000157540.flac,
T_0000158292,bonafide,flac_T/T_0000158292.flac,
T_0000151226,bonafide,flac_T/T_0000151226.flac,
T_0000154451,bonafide,flac_T/T_0000154451.flac,
T_0000097649,bonafide,flac_T/T_0000097649.flac,
T_0000016287,bonafide,flac_T/T_0000016287.flac,
T_0000107845,bonafide,flac_T/T_0000107845.flac,
T_0000096632,bonafide,flac_T/T_0000096632.flac,
T_0000156995,bonafide,flac_T/T_0000156995.flac,
T_0000175777,bonafide,flac_T/T_0000175777.flac,
T_0000036028,bonafide,flac_T/T_0000036028.flac,
T_0000149228,bonafide,flac_T/T_0000149228.flac,
T_0000177331,bonafide,flac_T/T_0000177331.flac,
T_0000133662,bonafide,flac_T/T_0000133662.flac,
T_0000078533,bonafide,flac_T/T_0000078533.flac,
T_0000088894,bonafide,flac_T/T_0000088894.flac,
T_0000152561,bonafide,flac_T/T_0000152561.flac,
T_0000093974,bonafide,flac_T/T_0000093974.flac,
T_0000084462,bonafide,flac_T/T_0000084462.flac,
T_0000117628,bonafide,flac_T/T_0000117628.flac,
T_0000122773,bonafide,flac_T/T_0000122773.flac,
T_0000042144,bonafide,flac_T/T_0000042144.flac,
T_0000173591,bonafide,flac_T/T_0000173591.flac,
T_0000096074,bonafide,flac_T/T_0000096074.flac,
T_0000027447,bonafide,flac_T/T_0000027447.flac,
T_0000113924,bonafide,flac_T/T_0000113924.flac,
T_0000169589,bonafide,flac_T/T_0000169589.flac,
T_0000041727,bonafide,flac_T/T_0000041727.flac,
T_0000148334,bonafide,flac_T/T_0000148334.flac,
T_0000133037,bonafide,flac_T/T_0000133037.flac,
T_0000174271,bonafide,flac_T/T_0000174271.flac,
T_0000082653,bonafide,flac_T/T_0000082653.flac,
T_0000002833,bonafide,flac_T/T_0000002833.flac,
T_0000048014,bonafide,flac_T/T_0000048014.flac,
T_0000039817,bonafide,flac_T/T_0000039817.flac,
T_0000150407,bonafide,flac_T/T_0000150407.flac,
T_0000041440,bonafide,flac_T/T_0000041440.flac,
T_0000170386,bonafide,flac_T/T_0000170386.flac,
T_0000006719,bonafide,flac_T/T_0000006719.flac,
T_0000094949,bonafide,flac_T/T_0000094949.flac,
T_0000109827,bonafide,flac_T/T_0000109827.flac,
T_0000175083,bonafide,flac_T/T_0000175083.flac,
T_0000026297,bonafide,flac_T/T_0000026297.flac,
T_0000128908,bonafide,flac_T/T_0000128908.flac,
T_0000048774,bonafide,flac_T/T_0000048774.flac,
T_0000080362,bonafide,flac_T/T_0000080362.flac,
T_0000147053,bonafide,flac_T/T_0000147053.flac,
T_0000103023,bonafide,flac_T/T_0000103023.flac,
T_0000022151,bonafide,flac_T/T_0000022151.flac,
T_0000054484,bonafide,flac_T/T_0000054484.flac,
T_0000023451,bonafide,flac_T/T_0000023451.flac,
T_0000047434,bonafide,flac_T/T_0000047434.flac,
T_0000171740,bonafide,flac_T/T_0000171740.flac,
T_0000097584,bonafide,flac_T/T_0000097584.flac,
T_0000074390,bonafide,flac_T/T_0000074390.flac,
T_0000077499,bonafide,flac_T/T_0000077499.flac,
T_0000053781,bonafide,flac_T/T_0000053781.flac,
T_0000033976,bonafide,flac_T/T_0000033976.flac,
T_0000014205,bonafide,flac_T/T_0000014205.flac,
T_0000024564,bonafide,flac_T/T_0000024564.flac,
T_0000162005,bonafide,flac_T/T_0000162005.flac,
T_0000041298,bonafide,flac_T/T_0000041298.flac,
T_0000075111,bonafide,flac_T/T_0000075111.flac,
T_0000170781,bonafide,flac_T/T_0000170781.flac,
T_0000161455,bonafide,flac_T/T_0000161455.flac,
T_0000124977,bonafide,flac_T/T_0000124977.flac,
T_0000073019,bonafide,flac_T/T_0000073019.flac,
T_0000145171,bonafide,flac_T/T_0000145171.flac,
T_0000161524,bonafide,flac_T/T_0000161524.flac,
T_0000090168,bonafide,flac_T/T_0000090168.flac,
T_0000048503,bonafide,flac_T/T_0000048503.flac,
T_0000123504,bonafide,flac_T/T_0000123504.flac,
T_0000175726,bonafide,flac_T/T_0000175726.flac,
T_0000035778,bonafide,flac_T/T_0000035778.flac,
T_0000052841,bonafide,flac_T/T_0000052841.flac,
T_0000143375,bonafide,flac_T/T_0000143375.flac,
T_0000138797,bonafide,flac_T/T_0000138797.flac,
T_0000121165,bonafide,flac_T/T_0000121165.flac,
T_0000088339,bonafide,flac_T/T_0000088339.flac,
T_0000118541,bonafide,flac_T/T_0000118541.flac,
T_0000093481,bonafide,flac_T/T_0000093481.flac,
T_0000044655,bonafide,flac_T/T_0000044655.flac,
T_0000149021,bonafide,flac_T/T_0000149021.flac,
T_0000089002,bonafide,flac_T/T_0000089002.flac,
T_0000135391,bonafide,flac_T/T_0000135391.flac,
T_0000062592,bonafide,flac_T/T_0000062592.flac,
T_0000084735,bonafide,flac_T/T_0000084735.flac,
T_0000069527,bonafide,flac_T/T_0000069527.flac,
T_0000057564,bonafide,flac_T/T_0000057564.flac,
T_0000005369,bonafide,flac_T/T_0000005369.flac,
T_0000123156,bonafide,flac_T/T_0000123156.flac,
T_0000018071,bonafide,flac_T/T_0000018071.flac,
T_0000046178,bonafide,flac_T/T_0000046178.flac,
T_0000066787,bonafide,flac_T/T_0000066787.flac,
T_0000055550,bonafide,flac_T/T_0000055550.flac,
T_0000050446,bonafide,flac_T/T_0000050446.flac,
T_0000092306,bonafide,flac_T/T_0000092306.flac,
T_0000058872,bonafide,flac_T/T_0000058872.flac,
T_0000024535,bonafide,flac_T/T_0000024535.flac,
T_0000125167,bonafide,flac_T/T_0000125167.flac,
T_0000081315,bonafide,flac_T/T_0000081315.flac,
T_0000052791,bonafide,flac_T/T_0000052791.flac,
T_0000098081,bonafide,flac_T/T_0000098081.flac,
T_0000046955,bonafide,flac_T/T_0000046955.flac,
T_0000029111,bonafide,flac_T/T_0000029111.flac,
T_0000013801,bonafide,flac_T/T_0000013801.flac,
T_0000128500,bonafide,flac_T/T_0000128500.flac,
T_0000152759,bonafide,flac_T/T_0000152759.flac,
T_0000119216,bonafide,flac_T/T_0000119216.flac,
T_0000070461,bonafide,flac_T/T_0000070461.flac,
T_0000071882,bonafide,flac_T/T_0000071882.flac,
T_0000153707,bonafide,flac_T/T_0000153707.flac,
T_0000075637,bonafide,flac_T/T_0000075637.flac,
T_0000045447,bonafide,flac_T/T_0000045447.flac,
T_0000089695,bonafide,flac_T/T_0000089695.flac,
T_0000105276,bonafide,flac_T/T_0000105276.flac,
T_0000109169,bonafide,flac_T/T_0000109169.flac,
T_0000058604,bonafide,flac_T/T_0000058604.flac,
T_0000096559,bonafide,flac_T/T_0000096559.flac,
T_0000003198,bonafide,flac_T/T_0000003198.flac,
T_0000068689,bonafide,flac_T/T_0000068689.flac,
T_0000118941,bonafide,flac_T/T_0000118941.flac,
T_0000095817,bonafide,flac_T/T_0000095817.flac,
T_0000012452,bonafide,flac_T/T_0000012452.flac,
T_0000179227,bonafide,flac_T/T_0000179227.flac,
T_0000147414,bonafide,flac_T/T_0000147414.flac,
T_0000121134,bonafide,flac_T/T_0000121134.flac,
T_0000086857,bonafide,flac_T/T_0000086857.flac,
T_0000145478,bonafide,flac_T/T_0000145478.flac,
T_0000010688,bonafide,flac_T/T_0000010688.flac,
T_0000079740,bonafide,flac_T/T_0000079740.flac,
T_0000131147,bonafide,flac_T/T_0000131147.flac,
T_0000019153,bonafide,flac_T/T_0000019153.flac,
T_0000041773,bonafide,flac_T/T_0000041773.flac,
T_0000104297,bonafide,flac_T/T_0000104297.flac,
T_0000099869,bonafide,flac_T/T_0000099869.flac,
T_0000099994,bonafide,flac_T/T_0000099994.flac,
T_0000094795,bonafide,flac_T/T_0000094795.flac,
T_0000036566,bonafide,flac_T/T_0000036566.flac,
T_0000039278,bonafide,flac_T/T_0000039278.flac,
T_0000070882,bonafide,flac_T/T_0000070882.flac,
T_0000140486,bonafide,flac_T/T_0000140486.flac,
T_0000105989,bonafide,flac_T/T_0000105989.flac,
T_0000122199,bonafide,flac_T/T_0000122199.flac,
T_0000168121,bonafide,flac_T/T_0000168121.flac,
T_0000164627,bonafide,flac_T/T_0000164627.flac,
T_0000105764,bonafide,flac_T/T_0000105764.flac,
T_0000121609,bonafide,flac_T/T_0000121609.flac,
T_0000162935,bonafide,flac_T/T_0000162935.flac,
T_0000022738,bonafide,flac_T/T_0000022738.flac,
T_0000084885,bonafide,flac_T/T_0000084885.flac,
T_0000139032,bonafide,flac_T/T_0000139032.flac,
T_0000158539,bonafide,flac_T/T_0000158539.flac,
T_0000097569,bonafide,flac_T/T_0000097569.flac,
T_0000077234,bonafide,flac_T/T_0000077234.flac,
T_0000041532,bonafide,flac_T/T_0000041532.flac,
T_0000101728,bonafide,flac_T/T_0000101728.flac,
T_0000076544,bonafide,flac_T/T_0000076544.flac,
T_0000083693,bonafide,flac_T/T_0000083693.flac,
T_0000077268,bonafide,flac_T/T_0000077268.flac,
T_0000178858,bonafide,flac_T/T_0000178858.flac,
T_0000118780,bonafide,flac_T/T_0000118780.flac,
T_0000020924,bonafide,flac_T/T_0000020924.flac,
T_0000107783,bonafide,flac_T/T_0000107783.flac,
T_0000147517,bonafide,flac_T/T_0000147517.flac,
T_0000081112,bonafide,flac_T/T_0000081112.flac,
T_0000144469,bonafide,flac_T/T_0000144469.flac,
T_0000171873,bonafide,flac_T/T_0000171873.flac,
T_0000080249,bonafide,flac_T/T_0000080249.flac,
T_0000162201,bonafide,flac_T/T_0000162201.flac,
T_0000091759,bonafide,flac_T/T_0000091759.flac,
T_0000068189,bonafide,flac_T/T_0000068189.flac,
T_0000077297,bonafide,flac_T/T_0000077297.flac,
T_0000057308,bonafide,flac_T/T_0000057308.flac,
T_0000181599,bonafide,flac_T/T_0000181599.flac,
T_0000088039,bonafide,flac_T/T_0000088039.flac,
T_0000119094,bonafide,flac_T/T_0000119094.flac,
T_0000153332,bonafide,flac_T/T_0000153332.flac,
T_0000055420,bonafide,flac_T/T_0000055420.flac,
T_0000178538,bonafide,flac_T/T_0000178538.flac,
T_0000148309,bonafide,flac_T/T_0000148309.flac,
T_0000129067,bonafide,flac_T/T_0000129067.flac,
T_0000121687,bonafide,flac_T/T_0000121687.flac,
T_0000126848,bonafide,flac_T/T_0000126848.flac,
T_0000072756,bonafide,flac_T/T_0000072756.flac,
T_0000062580,bonafide,flac_T/T_0000062580.flac,
T_0000016744,bonafide,flac_T/T_0000016744.flac,
T_0000001386,bonafide,flac_T/T_0000001386.flac,
T_0000069146,bonafide,flac_T/T_0000069146.flac,
T_0000024446,bonafide,flac_T/T_0000024446.flac,
T_0000132337,bonafide,flac_T/T_0000132337.flac,
T_0000175150,bonafide,flac_T/T_0000175150.flac,
T_0000008922,bonafide,flac_T/T_0000008922.flac,
T_0000099713,bonafide,flac_T/T_0000099713.flac,
T_0000118558,bonafide,flac_T/T_0000118558.flac,
T_0000129298,bonafide,flac_T/T_0000129298.flac,
T_0000129789,bonafide,flac_T/T_0000129789.flac,
T_0000031367,bonafide,flac_T/T_0000031367.flac,
T_0000120080,bonafide,flac_T/T_0000120080.flac,
T_0000012865,bonafide,flac_T/T_0000012865.flac,
T_0000106993,bonafide,flac_T/T_0000106993.flac,
T_0000177948,bonafide,flac_T/T_0000177948.flac,
T_0000027382,bonafide,flac_T/T_0000027382.flac,
T_0000079410,bonafide,flac_T/T_0000079410.flac,
T_0000133439,bonafide,flac_T/T_0000133439.flac,
T_0000097745,bonafide,flac_T/T_0000097745.flac,
T_0000002052,bonafide,flac_T/T_0000002052.flac,
T_0000085415,bonafide,flac_T/T_0000085415.flac,
T_0000172754,bonafide,flac_T/T_0000172754.flac,
T_0000171036,bonafide,flac_T/T_0000171036.flac,
T_0000170620,bonafide,flac_T/T_0000170620.flac,
T_0000174102,bonafide,flac_T/T_0000174102.flac,
T_0000022963,bonafide,flac_T/T_0000022963.flac,
T_0000105331,bonafide,flac_T/T_0000105331.flac,
T_0000148908,bonafide,flac_T/T_0000148908.flac,
T_0000048046,bonafide,flac_T/T_0000048046.flac,
T_0000148951,bonafide,flac_T/T_0000148951.flac,
T_0000112280,bonafide,flac_T/T_0000112280.flac,
T_0000124262,bonafide,flac_T/T_0000124262.flac,
T_0000165931,bonafide,flac_T/T_0000165931.flac,
T_0000122538,bonafide,flac_T/T_0000122538.flac,
T_0000066360,bonafide,flac_T/T_0000066360.flac,
T_0000096341,bonafide,flac_T/T_0000096341.flac,
T_0000139118,bonafide,flac_T/T_0000139118.flac,
T_0000157073,bonafide,flac_T/T_0000157073.flac,
T_0000115109,bonafide,flac_T/T_0000115109.flac,
T_0000032478,bonafide,flac_T/T_0000032478.flac,
T_0000083666,bonafide,flac_T/T_0000083666.flac,
T_0000046492,bonafide,flac_T/T_0000046492.flac,
T_0000111743,bonafide,flac_T/T_0000111743.flac,
T_0000119772,bonafide,flac_T/T_0000119772.flac,
T_0000152334,bonafide,flac_T/T_0000152334.flac,
T_0000050454,bonafide,flac_T/T_0000050454.flac,
T_0000002335,bonafide,flac_T/T_0000002335.flac,
T_0000052032,bonafide,flac_T/T_0000052032.flac,
T_0000036332,bonafide,flac_T/T_0000036332.flac,
T_0000119066,bonafide,flac_T/T_0000119066.flac,
T_0000054044,bonafide,flac_T/T_0000054044.flac,
T_0000161012,bonafide,flac_T/T_0000161012.flac,
T_0000166490,bonafide,flac_T/T_0000166490.flac,
T_0000107575,bonafide,flac_T/T_0000107575.flac,
T_0000104760,bonafide,flac_T/T_0000104760.flac,
T_0000061427,bonafide,flac_T/T_0000061427.flac,
T_0000031261,bonafide,flac_T/T_0000031261.flac,
T_0000114832,bonafide,flac_T/T_0000114832.flac,
T_0000129942,bonafide,flac_T/T_0000129942.flac,
T_0000007974,bonafide,flac_T/T_0000007974.flac,
T_0000176323,bonafide,flac_T/T_0000176323.flac,
T_0000143926,bonafide,flac_T/T_0000143926.flac,
T_0000088232,bonafide,flac_T/T_0000088232.flac,
T_0000155475,bonafide,flac_T/T_0000155475.flac,
T_0000166111,bonafide,flac_T/T_0000166111.flac,
T_0000068305,bonafide,flac_T/T_0000068305.flac,
T_0000079300,bonafide,flac_T/T_0000079300.flac,
T_0000065376,bonafide,flac_T/T_0000065376.flac,
T_0000003335,bonafide,flac_T/T_0000003335.flac,
T_0000056600,bonafide,flac_T/T_0000056600.flac,
T_0000076687,bonafide,flac_T/T_0000076687.flac,
T_0000156020,bonafide,flac_T/T_0000156020.flac,
T_0000020162,bonafide,flac_T/T_0000020162.flac,
T_0000150209,bonafide,flac_T/T_0000150209.flac,
T_0000105490,bonafide,flac_T/T_0000105490.flac,
T_0000004125,bonafide,flac_T/T_0000004125.flac,
T_0000017741,bonafide,flac_T/T_0000017741.flac,
T_0000022141,bonafide,flac_T/T_0000022141.flac,
T_0000048757,bonafide,flac_T/T_0000048757.flac,
T_0000138389,bonafide,flac_T/T_0000138389.flac,
T_0000012667,bonafide,flac_T/T_0000012667.flac,
T_0000112843,bonafide,flac_T/T_0000112843.flac,
T_0000056947,bonafide,flac_T/T_0000056947.flac,
T_0000027432,bonafide,flac_T/T_0000027432.flac,
T_0000178133,bonafide,flac_T/T_0000178133.flac,
T_0000173682,bonafide,flac_T/T_0000173682.flac,
T_0000050550,bonafide,flac_T/T_0000050550.flac,
T_0000050538,bonafide,flac_T/T_0000050538.flac,
T_0000027817,bonafide,flac_T/T_0000027817.flac,
T_0000033046,bonafide,flac_T/T_0000033046.flac,
T_0000135147,bonafide,flac_T/T_0000135147.flac,
T_0000110516,bonafide,flac_T/T_0000110516.flac,
T_0000141197,bonafide,flac_T/T_0000141197.flac,
T_0000021153,bonafide,flac_T/T_0000021153.flac,
T_0000110246,bonafide,flac_T/T_0000110246.flac,
T_0000181782,bonafide,flac_T/T_0000181782.flac,
T_0000015577,bonafide,flac_T/T_0000015577.flac,
T_0000136902,bonafide,flac_T/T_0000136902.flac,
T_0000074381,bonafide,flac_T/T_0000074381.flac,
T_0000160052,bonafide,flac_T/T_0000160052.flac,
T_0000148705,bonafide,flac_T/T_0000148705.flac,
T_0000077585,bonafide,flac_T/T_0000077585.flac,
T_0000052836,bonafide,flac_T/T_0000052836.flac,
T_0000099620,bonafide,flac_T/T_0000099620.flac,
T_0000094926,bonafide,flac_T/T_0000094926.flac,
T_0000162180,bonafide,flac_T/T_0000162180.flac,
T_0000028424,bonafide,flac_T/T_0000028424.flac,
T_0000103776,bonafide,flac_T/T_0000103776.flac,
T_0000034063,bonafide,flac_T/T_0000034063.flac,
T_0000181335,bonafide,flac_T/T_0000181335.flac,
T_0000144817,bonafide,flac_T/T_0000144817.flac,
T_0000003133,bonafide,flac_T/T_0000003133.flac,
T_0000118572,bonafide,flac_T/T_0000118572.flac,
T_0000157253,bonafide,flac_T/T_0000157253.flac,
T_0000099420,bonafide,flac_T/T_0000099420.flac,
T_0000056014,bonafide,flac_T/T_0000056014.flac,
T_0000171647,bonafide,flac_T/T_0000171647.flac,
T_0000009166,bonafide,flac_T/T_0000009166.flac,
T_0000070457,bonafide,flac_T/T_0000070457.flac,
T_0000144322,bonafide,flac_T/T_0000144322.flac,
T_0000119771,bonafide,flac_T/T_0000119771.flac,
T_0000113708,bonafide,flac_T/T_0000113708.flac,
T_0000162378,bonafide,flac_T/T_0000162378.flac,
T_0000066866,bonafide,flac_T/T_0000066866.flac,
T_0000004662,bonafide,flac_T/T_0000004662.flac,
T_0000180716,bonafide,flac_T/T_0000180716.flac,
T_0000152670,bonafide,flac_T/T_0000152670.flac,
T_0000102983,bonafide,flac_T/T_0000102983.flac,
T_0000087587,bonafide,flac_T/T_0000087587.flac,
T_0000123307,bonafide,flac_T/T_0000123307.flac,
T_0000075577,bonafide,flac_T/T_0000075577.flac,
T_0000153674,bonafide,flac_T/T_0000153674.flac,
T_0000034068,bonafide,flac_T/T_0000034068.flac,
T_0000068164,bonafide,flac_T/T_0000068164.flac,
T_0000037249,bonafide,flac_T/T_0000037249.flac,
T_0000006216,bonafide,flac_T/T_0000006216.flac,
T_0000171169,bonafide,flac_T/T_0000171169.flac,
T_0000148623,bonafide,flac_T/T_0000148623.flac,
T_0000070683,bonafide,flac_T/T_0000070683.flac,
T_0000084039,bonafide,flac_T/T_0000084039.flac,
T_0000015215,bonafide,flac_T/T_0000015215.flac,
T_0000107479,bonafide,flac_T/T_0000107479.flac,
T_0000054473,bonafide,flac_T/T_0000054473.flac,
T_0000076059,bonafide,flac_T/T_0000076059.flac,
T_0000080366,bonafide,flac_T/T_0000080366.flac,
T_0000055660,bonafide,flac_T/T_0000055660.flac,
T_0000014909,bonafide,flac_T/T_0000014909.flac,
T_0000004098,bonafide,flac_T/T_0000004098.flac,
T_0000091598,bonafide,flac_T/T_0000091598.flac,
T_0000083160,bonafide,flac_T/T_0000083160.flac,
T_0000112639,bonafide,flac_T/T_0000112639.flac,
T_0000122278,bonafide,flac_T/T_0000122278.flac,
T_0000009730,bonafide,flac_T/T_0000009730.flac,
T_0000100674,bonafide,flac_T/T_0000100674.flac,
T_0000014008,bonafide,flac_T/T_0000014008.flac,
T_0000118943,bonafide,flac_T/T_0000118943.flac,
T_0000145645,bonafide,flac_T/T_0000145645.flac,
T_0000036488,bonafide,flac_T/T_0000036488.flac,
T_0000024750,bonafide,flac_T/T_0000024750.flac,
T_0000134295,bonafide,flac_T/T_0000134295.flac,
T_0000124308,bonafide,flac_T/T_0000124308.flac,
T_0000163840,bonafide,flac_T/T_0000163840.flac,
T_0000146001,bonafide,flac_T/T_0000146001.flac,
T_0000100860,bonafide,flac_T/T_0000100860.flac,
T_0000074838,bonafide,flac_T/T_0000074838.flac,
T_0000169074,bonafide,flac_T/T_0000169074.flac,
T_0000080879,bonafide,flac_T/T_0000080879.flac,
T_0000179661,bonafide,flac_T/T_0000179661.flac,
T_0000126849,bonafide,flac_T/T_0000126849.flac,
T_0000126580,bonafide,flac_T/T_0000126580.flac,
T_0000177465,bonafide,flac_T/T_0000177465.flac,
T_0000115614,bonafide,flac_T/T_0000115614.flac,
T_0000132698,bonafide,flac_T/T_0000132698.flac,
T_0000052317,bonafide,flac_T/T_0000052317.flac,
T_0000062849,bonafide,flac_T/T_0000062849.flac,
T_0000160265,bonafide,flac_T/T_0000160265.flac,
T_0000178173,bonafide,flac_T/T_0000178173.flac,
T_0000152533,bonafide,flac_T/T_0000152533.flac,
T_0000142252,bonafide,flac_T/T_0000142252.flac,
T_0000089159,bonafide,flac_T/T_0000089159.flac,
T_0000137882,bonafide,flac_T/T_0000137882.flac,
T_0000115440,bonafide,flac_T/T_0000115440.flac,
T_0000137130,bonafide,flac_T/T_0000137130.flac,
T_0000005846,bonafide,flac_T/T_0000005846.flac,
T_0000161716,bonafide,flac_T/T_0000161716.flac,
T_0000010193,bonafide,flac_T/T_0000010193.flac,
T_0000033897,bonafide,flac_T/T_0000033897.flac,
T_0000160120,bonafide,flac_T/T_0000160120.flac,
T_0000133909,bonafide,flac_T/T_0000133909.flac,
T_0000130929,bonafide,flac_T/T_0000130929.flac,
T_0000143017,bonafide,flac_T/T_0000143017.flac,
T_0000138000,bonafide,flac_T/T_0000138000.flac,
T_0000182073,bonafide,flac_T/T_0000182073.flac,
T_0000182117,bonafide,flac_T/T_0000182117.flac,
T_0000079575,bonafide,flac_T/T_0000079575.flac,
T_0000148704,bonafide,flac_T/T_0000148704.flac,
T_0000090201,bonafide,flac_T/T_0000090201.flac,
T_0000032990,bonafide,flac_T/T_0000032990.flac,
T_0000141522,bonafide,flac_T/T_0000141522.flac,
T_0000084229,bonafide,flac_T/T_0000084229.flac,
T_0000014275,bonafide,flac_T/T_0000014275.flac,
T_0000174708,bonafide,flac_T/T_0000174708.flac,
T_0000066660,bonafide,flac_T/T_0000066660.flac,
T_0000174048,bonafide,flac_T/T_0000174048.flac,
T_0000121639,bonafide,flac_T/T_0000121639.flac,
T_0000089390,bonafide,flac_T/T_0000089390.flac,
T_0000145282,bonafide,flac_T/T_0000145282.flac,
T_0000008637,bonafide,flac_T/T_0000008637.flac,
T_0000137195,bonafide,flac_T/T_0000137195.flac,
T_0000004454,bonafide,flac_T/T_0000004454.flac,
T_0000057673,bonafide,flac_T/T_0000057673.flac,
T_0000006020,bonafide,flac_T/T_0000006020.flac,
T_0000085713,bonafide,flac_T/T_0000085713.flac,
T_0000069716,bonafide,flac_T/T_0000069716.flac,
T_0000102318,bonafide,flac_T/T_0000102318.flac,
T_0000027545,bonafide,flac_T/T_0000027545.flac,
T_0000156848,bonafide,flac_T/T_0000156848.flac,
T_0000111304,bonafide,flac_T/T_0000111304.flac,
T_0000002346,bonafide,flac_T/T_0000002346.flac,
T_0000155150,bonafide,flac_T/T_0000155150.flac,
T_0000078452,bonafide,flac_T/T_0000078452.flac,
T_0000007180,bonafide,flac_T/T_0000007180.flac,
T_0000007166,bonafide,flac_T/T_0000007166.flac,
T_0000121821,bonafide,flac_T/T_0000121821.flac,
T_0000132943,bonafide,flac_T/T_0000132943.flac,
T_0000100425,bonafide,flac_T/T_0000100425.flac,
T_0000016896,bonafide,flac_T/T_0000016896.flac,
T_0000159962,bonafide,flac_T/T_0000159962.flac,
T_0000151486,bonafide,flac_T/T_0000151486.flac,
T_0000046969,bonafide,flac_T/T_0000046969.flac,
T_0000121391,bonafide,flac_T/T_0000121391.flac,
T_0000060132,bonafide,flac_T/T_0000060132.flac,
T_0000176283,bonafide,flac_T/T_0000176283.flac,
T_0000172980,bonafide,flac_T/T_0000172980.flac,
T_0000138284,bonafide,flac_T/T_0000138284.flac,
T_0000014702,bonafide,flac_T/T_0000014702.flac,
T_0000069173,bonafide,flac_T/T_0000069173.flac,
T_0000153727,bonafide,flac_T/T_0000153727.flac,
T_0000152921,bonafide,flac_T/T_0000152921.flac,
T_0000076830,bonafide,flac_T/T_0000076830.flac,
T_0000078666,bonafide,flac_T/T_0000078666.flac,
T_0000098801,bonafide,flac_T/T_0000098801.flac,
T_0000162873,bonafide,flac_T/T_0000162873.flac,
T_0000033935,bonafide,flac_T/T_0000033935.flac,
T_0000000666,bonafide,flac_T/T_0000000666.flac,
T_0000142768,bonafide,flac_T/T_0000142768.flac,
T_0000028002,bonafide,flac_T/T_0000028002.flac,
T_0000025632,bonafide,flac_T/T_0000025632.flac,
T_0000059591,bonafide,flac_T/T_0000059591.flac,
T_0000095183,bonafide,flac_T/T_0000095183.flac,
T_0000133357,bonafide,flac_T/T_0000133357.flac,
T_0000099730,bonafide,flac_T/T_0000099730.flac,
T_0000096041,bonafide,flac_T/T_0000096041.flac,
T_0000170555,bonafide,flac_T/T_0000170555.flac,
T_0000093635,bonafide,flac_T/T_0000093635.flac,
T_0000043934,bonafide,flac_T/T_0000043934.flac,
T_0000094415,bonafide,flac_T/T_0000094415.flac,
T_0000150733,bonafide,flac_T/T_0000150733.flac,
T_0000163655,bonafide,flac_T/T_0000163655.flac,
T_0000171765,bonafide,flac_T/T_0000171765.flac,
T_0000037591,bonafide,flac_T/T_0000037591.flac,
T_0000080604,bonafide,flac_T/T_0000080604.flac,
T_0000053010,bonafide,flac_T/T_0000053010.flac,
T_0000039393,bonafide,flac_T/T_0000039393.flac,
T_0000151667,bonafide,flac_T/T_0000151667.flac,
T_0000171528,bonafide,flac_T/T_0000171528.flac,
T_0000105341,bonafide,flac_T/T_0000105341.flac,
T_0000118045,bonafide,flac_T/T_0000118045.flac,
T_0000078846,bonafide,flac_T/T_0000078846.flac,
T_0000103708,bonafide,flac_T/T_0000103708.flac,
T_0000134112,bonafide,flac_T/T_0000134112.flac,
T_0000051518,bonafide,flac_T/T_0000051518.flac,
T_0000056079,bonafide,flac_T/T_0000056079.flac,
T_0000080385,bonafide,flac_T/T_0000080385.flac,
T_0000047528,bonafide,flac_T/T_0000047528.flac,
T_0000089076,bonafide,flac_T/T_0000089076.flac,
T_0000125040,bonafide,flac_T/T_0000125040.flac,
T_0000075779,bonafide,flac_T/T_0000075779.flac,
T_0000053078,bonafide,flac_T/T_0000053078.flac,
T_0000067442,bonafide,flac_T/T_0000067442.flac,
T_0000008190,bonafide,flac_T/T_0000008190.flac,
T_0000078393,bonafide,flac_T/T_0000078393.flac,
T_0000130018,bonafide,flac_T/T_0000130018.flac,
T_0000031903,bonafide,flac_T/T_0000031903.flac,
T_0000049566,bonafide,flac_T/T_0000049566.flac,
T_0000088679,bonafide,flac_T/T_0000088679.flac,
T_0000085100,bonafide,flac_T/T_0000085100.flac,
T_0000162508,bonafide,flac_T/T_0000162508.flac,
T_0000158622,bonafide,flac_T/T_0000158622.flac,
T_0000098944,bonafide,flac_T/T_0000098944.flac,
T_0000107184,bonafide,flac_T/T_0000107184.flac,
T_0000051650,bonafide,flac_T/T_0000051650.flac,
T_0000056733,bonafide,flac_T/T_0000056733.flac,
T_0000075150,bonafide,flac_T/T_0000075150.flac,
T_0000074434,bonafide,flac_T/T_0000074434.flac,
T_0000109997,bonafide,flac_T/T_0000109997.flac,
T_0000164063,bonafide,flac_T/T_0000164063.flac,
T_0000100637,bonafide,flac_T/T_0000100637.flac,
T_0000043700,bonafide,flac_T/T_0000043700.flac,
T_0000137319,bonafide,flac_T/T_0000137319.flac,
T_0000163109,bonafide,flac_T/T_0000163109.flac,
T_0000140529,bonafide,flac_T/T_0000140529.flac,
T_0000145603,bonafide,flac_T/T_0000145603.flac,
T_0000120289,bonafide,flac_T/T_0000120289.flac,
T_0000072848,bonafide,flac_T/T_0000072848.flac,
T_0000077287,bonafide,flac_T/T_0000077287.flac,
T_0000127864,bonafide,flac_T/T_0000127864.flac,
T_0000162443,bonafide,flac_T/T_0000162443.flac,
T_0000048170,bonafide,flac_T/T_0000048170.flac,
T_0000115368,bonafide,flac_T/T_0000115368.flac,
T_0000133117,bonafide,flac_T/T_0000133117.flac,
T_0000090149,bonafide,flac_T/T_0000090149.flac,
T_0000022373,bonafide,flac_T/T_0000022373.flac,
T_0000126947,bonafide,flac_T/T_0000126947.flac,
T_0000019739,bonafide,flac_T/T_0000019739.flac,
T_0000076981,bonafide,flac_T/T_0000076981.flac,
T_0000119091,bonafide,flac_T/T_0000119091.flac,
T_0000079040,bonafide,flac_T/T_0000079040.flac,
T_0000123057,bonafide,flac_T/T_0000123057.flac,
T_0000086144,bonafide,flac_T/T_0000086144.flac,
T_0000023164,bonafide,flac_T/T_0000023164.flac,
T_0000079052,bonafide,flac_T/T_0000079052.flac,
T_0000122311,bonafide,flac_T/T_0000122311.flac,
T_0000127918,bonafide,flac_T/T_0000127918.flac,
T_0000098040,bonafide,flac_T/T_0000098040.flac,
T_0000153534,bonafide,flac_T/T_0000153534.flac,
T_0000043063,bonafide,flac_T/T_0000043063.flac,
T_0000133028,bonafide,flac_T/T_0000133028.flac,
T_0000159576,bonafide,flac_T/T_0000159576.flac,
T_0000166263,bonafide,flac_T/T_0000166263.flac,
T_0000107322,bonafide,flac_T/T_0000107322.flac,
T_0000155023,bonafide,flac_T/T_0000155023.flac,
T_0000019229,bonafide,flac_T/T_0000019229.flac,
T_0000076168,bonafide,flac_T/T_0000076168.flac,
T_0000113949,bonafide,flac_T/T_0000113949.flac,
T_0000104249,bonafide,flac_T/T_0000104249.flac,
T_0000098506,bonafide,flac_T/T_0000098506.flac,
T_0000118522,bonafide,flac_T/T_0000118522.flac,
T_0000082621,bonafide,flac_T/T_0000082621.flac,
T_0000069304,bonafide,flac_T/T_0000069304.flac,
T_0000056197,bonafide,flac_T/T_0000056197.flac,
T_0000178065,bonafide,flac_T/T_0000178065.flac,
T_0000181280,bonafide,flac_T/T_0000181280.flac,
T_0000174526,bonafide,flac_T/T_0000174526.flac,
T_0000077399,bonafide,flac_T/T_0000077399.flac,
T_0000085921,bonafide,flac_T/T_0000085921.flac,
T_0000007834,bonafide,flac_T/T_0000007834.flac,
T_0000065553,bonafide,flac_T/T_0000065553.flac,
T_0000172866,bonafide,flac_T/T_0000172866.flac,
T_0000119684,bonafide,flac_T/T_0000119684.flac,
T_0000112369,bonafide,flac_T/T_0000112369.flac,
T_0000053974,bonafide,flac_T/T_0000053974.flac,
T_0000149650,bonafide,flac_T/T_0000149650.flac,
T_0000031214,bonafide,flac_T/T_0000031214.flac,
T_0000012934,bonafide,flac_T/T_0000012934.flac,
T_0000177887,bonafide,flac_T/T_0000177887.flac,
T_0000038902,bonafide,flac_T/T_0000038902.flac,
T_0000038552,bonafide,flac_T/T_0000038552.flac,
T_0000054901,bonafide,flac_T/T_0000054901.flac,
T_0000001104,bonafide,flac_T/T_0000001104.flac,
T_0000035900,bonafide,flac_T/T_0000035900.flac,
T_0000158132,bonafide,flac_T/T_0000158132.flac,
T_0000110863,bonafide,flac_T/T_0000110863.flac,
T_0000123503,bonafide,flac_T/T_0000123503.flac,
T_0000082289,bonafide,flac_T/T_0000082289.flac,
T_0000003443,bonafide,flac_T/T_0000003443.flac,
T_0000071539,bonafide,flac_T/T_0000071539.flac,
T_0000078149,bonafide,flac_T/T_0000078149.flac,
T_0000099791,bonafide,flac_T/T_0000099791.flac,
T_0000037912,bonafide,flac_T/T_0000037912.flac,
T_0000171781,bonafide,flac_T/T_0000171781.flac,
T_0000061906,bonafide,flac_T/T_0000061906.flac,
T_0000073593,bonafide,flac_T/T_0000073593.flac,
T_0000019964,bonafide,flac_T/T_0000019964.flac,
T_0000044887,bonafide,flac_T/T_0000044887.flac,
T_0000073772,bonafide,flac_T/T_0000073772.flac,
T_0000143912,bonafide,flac_T/T_0000143912.flac,
T_0000003649,bonafide,flac_T/T_0000003649.flac,
T_0000103124,bonafide,flac_T/T_0000103124.flac,
T_0000073599,bonafide,flac_T/T_0000073599.flac,
T_0000036543,bonafide,flac_T/T_0000036543.flac,
T_0000105992,bonafide,flac_T/T_0000105992.flac,
T_0000095084,bonafide,flac_T/T_0000095084.flac,
T_0000154376,bonafide,flac_T/T_0000154376.flac,
T_0000028801,bonafide,flac_T/T_0000028801.flac,
T_0000000661,bonafide,flac_T/T_0000000661.flac,
T_0000020648,bonafide,flac_T/T_0000020648.flac,
T_0000080117,bonafide,flac_T/T_0000080117.flac,
T_0000095153,bonafide,flac_T/T_0000095153.flac,
T_0000181661,bonafide,flac_T/T_0000181661.flac,
T_0000005717,bonafide,flac_T/T_0000005717.flac,
T_0000070717,bonafide,flac_T/T_0000070717.flac,
T_0000041871,bonafide,flac_T/T_0000041871.flac,
T_0000111628,bonafide,flac_T/T_0000111628.flac,
T_0000074707,bonafide,flac_T/T_0000074707.flac,
T_0000047683,bonafide,flac_T/T_0000047683.flac,
T_0000109842,bonafide,flac_T/T_0000109842.flac,
T_0000042166,bonafide,flac_T/T_0000042166.flac,
T_0000077305,bonafide,flac_T/T_0000077305.flac,
T_0000040377,bonafide,flac_T/T_0000040377.flac,
T_0000156198,bonafide,flac_T/T_0000156198.flac,
T_0000088013,bonafide,flac_T/T_0000088013.flac,
T_0000180803,bonafide,flac_T/T_0000180803.flac,
T_0000166158,bonafide,flac_T/T_0000166158.flac,
T_0000072836,bonafide,flac_T/T_0000072836.flac,
T_0000071181,bonafide,flac_T/T_0000071181.flac,
T_0000054604,bonafide,flac_T/T_0000054604.flac,
T_0000006402,bonafide,flac_T/T_0000006402.flac,
T_0000173183,bonafide,flac_T/T_0000173183.flac,
T_0000006183,bonafide,flac_T/T_0000006183.flac,
T_0000077662,bonafide,flac_T/T_0000077662.flac,
T_0000172875,bonafide,flac_T/T_0000172875.flac,
T_0000106717,bonafide,flac_T/T_0000106717.flac,
T_0000025246,bonafide,flac_T/T_0000025246.flac,
T_0000105394,bonafide,flac_T/T_0000105394.flac,
T_0000056183,bonafide,flac_T/T_0000056183.flac,
T_0000085488,bonafide,flac_T/T_0000085488.flac,
T_0000058537,bonafide,flac_T/T_0000058537.flac,
T_0000119050,bonafide,flac_T/T_0000119050.flac,
T_0000044960,bonafide,flac_T/T_0000044960.flac,
T_0000035167,bonafide,flac_T/T_0000035167.flac,
T_0000114590,bonafide,flac_T/T_0000114590.flac,
T_0000175905,bonafide,flac_T/T_0000175905.flac,
T_0000124081,bonafide,flac_T/T_0000124081.flac,
T_0000094359,bonafide,flac_T/T_0000094359.flac,
T_0000052303,bonafide,flac_T/T_0000052303.flac,
T_0000148945,bonafide,flac_T/T_0000148945.flac,
T_0000093547,bonafide,flac_T/T_0000093547.flac,
T_0000068819,bonafide,flac_T/T_0000068819.flac,
T_0000028576,bonafide,flac_T/T_0000028576.flac,
T_0000133183,bonafide,flac_T/T_0000133183.flac,
T_0000040330,bonafide,flac_T/T_0000040330.flac,
T_0000072552,bonafide,flac_T/T_0000072552.flac,
T_0000000215,bonafide,flac_T/T_0000000215.flac,
T_0000160196,bonafide,flac_T/T_0000160196.flac,
T_0000146568,bonafide,flac_T/T_0000146568.flac,
T_0000048089,bonafide,flac_T/T_0000048089.flac,
T_0000099300,bonafide,flac_T/T_0000099300.flac,
T_0000149938,bonafide,flac_T/T_0000149938.flac,
T_0000033225,bonafide,flac_T/T_0000033225.flac,
T_0000175271,bonafide,flac_T/T_0000175271.flac,
T_0000127207,bonafide,flac_T/T_0000127207.flac,
T_0000017335,bonafide,flac_T/T_0000017335.flac,
T_0000067971,bonafide,flac_T/T_0000067971.flac,
T_0000073675,bonafide,flac_T/T_0000073675.flac,
T_0000012905,bonafide,flac_T/T_0000012905.flac,
T_0000086180,bonafide,flac_T/T_0000086180.flac,
T_0000165388,bonafide,flac_T/T_0000165388.flac,
T_0000162501,bonafide,flac_T/T_0000162501.flac,
T_0000176696,bonafide,flac_T/T_0000176696.flac,
T_0000053180,bonafide,flac_T/T_0000053180.flac,
T_0000180990,bonafide,flac_T/T_0000180990.flac,
T_0000043753,bonafide,flac_T/T_0000043753.flac,
T_0000157107,bonafide,flac_T/T_0000157107.flac,
T_0000142527,bonafide,flac_T/T_0000142527.flac,
T_0000064369,bonafide,flac_T/T_0000064369.flac,
T_0000034543,bonafide,flac_T/T_0000034543.flac,
T_0000003139,bonafide,flac_T/T_0000003139.flac,
T_0000059999,bonafide,flac_T/T_0000059999.flac,
T_0000089676,bonafide,flac_T/T_0000089676.flac,
T_0000024014,bonafide,flac_T/T_0000024014.flac,
T_0000156767,bonafide,flac_T/T_0000156767.flac,
T_0000171443,bonafide,flac_T/T_0000171443.flac,
T_0000028071,bonafide,flac_T/T_0000028071.flac,
T_0000136725,bonafide,flac_T/T_0000136725.flac,
T_0000055077,bonafide,flac_T/T_0000055077.flac,
T_0000153312,bonafide,flac_T/T_0000153312.flac,
T_0000051452,bonafide,flac_T/T_0000051452.flac,
T_0000089974,bonafide,flac_T/T_0000089974.flac,
T_0000148287,bonafide,flac_T/T_0000148287.flac,
T_0000053256,bonafide,flac_T/T_0000053256.flac,
T_0000101736,bonafide,flac_T/T_0000101736.flac,
T_0000174776,bonafide,flac_T/T_0000174776.flac,
T_0000069041,bonafide,flac_T/T_0000069041.flac,
T_0000165010,bonafide,flac_T/T_0000165010.flac,
T_0000088183,bonafide,flac_T/T_0000088183.flac,
T_0000081599,bonafide,flac_T/T_0000081599.flac,
T_0000091506,bonafide,flac_T/T_0000091506.flac,
T_0000091605,bonafide,flac_T/T_0000091605.flac,
T_0000170455,bonafide,flac_T/T_0000170455.flac,
T_0000157375,bonafide,flac_T/T_0000157375.flac,
T_0000032338,bonafide,flac_T/T_0000032338.flac,
T_0000074201,bonafide,flac_T/T_0000074201.flac,
T_0000124854,bonafide,flac_T/T_0000124854.flac,
T_0000052898,bonafide,flac_T/T_0000052898.flac,
T_0000088950,bonafide,flac_T/T_0000088950.flac,
T_0000136679,bonafide,flac_T/T_0000136679.flac,
T_0000107578,bonafide,flac_T/T_0000107578.flac,
T_0000036275,bonafide,flac_T/T_0000036275.flac,
T_0000048266,bonafide,flac_T/T_0000048266.flac,
T_0000010950,bonafide,flac_T/T_0000010950.flac,
T_0000061551,bonafide,flac_T/T_0000061551.flac,
T_0000042816,bonafide,flac_T/T_0000042816.flac,
T_0000120512,bonafide,flac_T/T_0000120512.flac,
T_0000128343,bonafide,flac_T/T_0000128343.flac,
T_0000035602,bonafide,flac_T/T_0000035602.flac,
T_0000084961,bonafide,flac_T/T_0000084961.flac,
T_0000108317,bonafide,flac_T/T_0000108317.flac,
T_0000066322,bonafide,flac_T/T_0000066322.flac,
T_0000112769,bonafide,flac_T/T_0000112769.flac,
T_0000159387,bonafide,flac_T/T_0000159387.flac,
T_0000127327,bonafide,flac_T/T_0000127327.flac,
T_0000109089,bonafide,flac_T/T_0000109089.flac,
T_0000071136,bonafide,flac_T/T_0000071136.flac,
T_0000001957,bonafide,flac_T/T_0000001957.flac,
T_0000161471,bonafide,flac_T/T_0000161471.flac,
T_0000138230,bonafide,flac_T/T_0000138230.flac,
T_0000091879,bonafide,flac_T/T_0000091879.flac,
T_0000127932,bonafide,flac_T/T_0000127932.flac,
T_0000102245,bonafide,flac_T/T_0000102245.flac,
T_0000159145,bonafide,flac_T/T_0000159145.flac,
T_0000161062,bonafide,flac_T/T_0000161062.flac,
T_0000066233,bonafide,flac_T/T_0000066233.flac,
T_0000137927,bonafide,flac_T/T_0000137927.flac,
T_0000162685,bonafide,flac_T/T_0000162685.flac,
T_0000100972,bonafide,flac_T/T_0000100972.flac,
T_0000128842,bonafide,flac_T/T_0000128842.flac,
T_0000067474,bonafide,flac_T/T_0000067474.flac,
T_0000162849,bonafide,flac_T/T_0000162849.flac,
T_0000114306,bonafide,flac_T/T_0000114306.flac,
T_0000080984,bonafide,flac_T/T_0000080984.flac,
T_0000132392,bonafide,flac_T/T_0000132392.flac,
T_0000037256,bonafide,flac_T/T_0000037256.flac,
T_0000070375,bonafide,flac_T/T_0000070375.flac,
T_0000046352,bonafide,flac_T/T_0000046352.flac,
T_0000179144,bonafide,flac_T/T_0000179144.flac,
T_0000124632,bonafide,flac_T/T_0000124632.flac,
T_0000172195,bonafide,flac_T/T_0000172195.flac,
T_0000013586,bonafide,flac_T/T_0000013586.flac,
T_0000045603,bonafide,flac_T/T_0000045603.flac,
T_0000092057,bonafide,flac_T/T_0000092057.flac,
T_0000054788,bonafide,flac_T/T_0000054788.flac,
T_0000002233,bonafide,flac_T/T_0000002233.flac,
T_0000130481,bonafide,flac_T/T_0000130481.flac,
T_0000095457,bonafide,flac_T/T_0000095457.flac,
T_0000178900,bonafide,flac_T/T_0000178900.flac,
T_0000178002,bonafide,flac_T/T_0000178002.flac,
T_0000054608,bonafide,flac_T/T_0000054608.flac,
T_0000092443,bonafide,flac_T/T_0000092443.flac,
T_0000054892,bonafide,flac_T/T_0000054892.flac,
T_0000035676,bonafide,flac_T/T_0000035676.flac,
T_0000040706,bonafide,flac_T/T_0000040706.flac,
T_0000071554,bonafide,flac_T/T_0000071554.flac,
T_0000152310,bonafide,flac_T/T_0000152310.flac,
T_0000017270,bonafide,flac_T/T_0000017270.flac,
T_0000042809,bonafide,flac_T/T_0000042809.flac,
T_0000049519,bonafide,flac_T/T_0000049519.flac,
T_0000074701,bonafide,flac_T/T_0000074701.flac,
T_0000122938,bonafide,flac_T/T_0000122938.flac,
T_0000103830,bonafide,flac_T/T_0000103830.flac,
T_0000091223,bonafide,flac_T/T_0000091223.flac,
T_0000171441,bonafide,flac_T/T_0000171441.flac,
T_0000171239,bonafide,flac_T/T_0000171239.flac,
T_0000007193,bonafide,flac_T/T_0000007193.flac,
T_0000101699,bonafide,flac_T/T_0000101699.flac,
T_0000071271,bonafide,flac_T/T_0000071271.flac,
T_0000149928,bonafide,flac_T/T_0000149928.flac,
T_0000063422,bonafide,flac_T/T_0000063422.flac,
T_0000031726,bonafide,flac_T/T_0000031726.flac,
T_0000121264,bonafide,flac_T/T_0000121264.flac,
T_0000071227,bonafide,flac_T/T_0000071227.flac,
T_0000022319,bonafide,flac_T/T_0000022319.flac,
T_0000077706,bonafide,flac_T/T_0000077706.flac,
T_0000096548,bonafide,flac_T/T_0000096548.flac,
T_0000027224,bonafide,flac_T/T_0000027224.flac,
T_0000113532,bonafide,flac_T/T_0000113532.flac,
T_0000081804,bonafide,flac_T/T_0000081804.flac,
T_0000168464,bonafide,flac_T/T_0000168464.flac,
T_0000005738,bonafide,flac_T/T_0000005738.flac,
T_0000137858,bonafide,flac_T/T_0000137858.flac,
T_0000158055,bonafide,flac_T/T_0000158055.flac,
T_0000064424,bonafide,flac_T/T_0000064424.flac,
T_0000030145,bonafide,flac_T/T_0000030145.flac,
T_0000016137,bonafide,flac_T/T_0000016137.flac,
T_0000085212,bonafide,flac_T/T_0000085212.flac,
T_0000169334,bonafide,flac_T/T_0000169334.flac,
T_0000090886,bonafide,flac_T/T_0000090886.flac,
T_0000145281,bonafide,flac_T/T_0000145281.flac,
T_0000114918,bonafide,flac_T/T_0000114918.flac,
T_0000181567,bonafide,flac_T/T_0000181567.flac,
T_0000114204,bonafide,flac_T/T_0000114204.flac,
T_0000111328,bonafide,flac_T/T_0000111328.flac,
T_0000161272,bonafide,flac_T/T_0000161272.flac,
T_0000129289,bonafide,flac_T/T_0000129289.flac,
T_0000048445,bonafide,flac_T/T_0000048445.flac,
T_0000132710,bonafide,flac_T/T_0000132710.flac,
T_0000033608,bonafide,flac_T/T_0000033608.flac,
T_0000081154,bonafide,flac_T/T_0000081154.flac,
T_0000178140,bonafide,flac_T/T_0000178140.flac,
T_0000156399,bonafide,flac_T/T_0000156399.flac,
T_0000065334,bonafide,flac_T/T_0000065334.flac,
T_0000174398,bonafide,flac_T/T_0000174398.flac,
T_0000043831,bonafide,flac_T/T_0000043831.flac,
T_0000140067,bonafide,flac_T/T_0000140067.flac,
T_0000019227,bonafide,flac_T/T_0000019227.flac,
T_0000093462,bonafide,flac_T/T_0000093462.flac,
T_0000049666,bonafide,flac_T/T_0000049666.flac,
T_0000140116,bonafide,flac_T/T_0000140116.flac,
T_0000053996,bonafide,flac_T/T_0000053996.flac,
T_0000085373,bonafide,flac_T/T_0000085373.flac,
T_0000063181,bonafide,flac_T/T_0000063181.flac,
T_0000106665,bonafide,flac_T/T_0000106665.flac,
T_0000001549,bonafide,flac_T/T_0000001549.flac,
T_0000025414,bonafide,flac_T/T_0000025414.flac,
T_0000067760,bonafide,flac_T/T_0000067760.flac,
T_0000151361,bonafide,flac_T/T_0000151361.flac,
T_0000138867,bonafide,flac_T/T_0000138867.flac,
T_0000034968,bonafide,flac_T/T_0000034968.flac,
T_0000123326,bonafide,flac_T/T_0000123326.flac,
T_0000011199,bonafide,flac_T/T_0000011199.flac,
T_0000077557,bonafide,flac_T/T_0000077557.flac,
T_0000006601,bonafide,flac_T/T_0000006601.flac,
T_0000149563,bonafide,flac_T/T_0000149563.flac,
T_0000107594,bonafide,flac_T/T_0000107594.flac,
T_0000105793,bonafide,flac_T/T_0000105793.flac,
T_0000091145,bonafide,flac_T/T_0000091145.flac,
T_0000056775,bonafide,flac_T/T_0000056775.flac,
T_0000179346,bonafide,flac_T/T_0000179346.flac,
T_0000021888,bonafide,flac_T/T_0000021888.flac,
T_0000048579,bonafide,flac_T/T_0000048579.flac,
T_0000103978,bonafide,flac_T/T_0000103978.flac,
T_0000126605,bonafide,flac_T/T_0000126605.flac,
T_0000025297,bonafide,flac_T/T_0000025297.flac,
T_0000106347,bonafide,flac_T/T_0000106347.flac,
T_0000016046,bonafide,flac_T/T_0000016046.flac,
T_0000081588,bonafide,flac_T/T_0000081588.flac,
T_0000155380,bonafide,flac_T/T_0000155380.flac,
T_0000049140,bonafide,flac_T/T_0000049140.flac,
T_0000092149,bonafide,flac_T/T_0000092149.flac,
T_0000111538,bonafide,flac_T/T_0000111538.flac,
T_0000037873,bonafide,flac_T/T_0000037873.flac,
T_0000145069,bonafide,flac_T/T_0000145069.flac,
T_0000059833,bonafide,flac_T/T_0000059833.flac,
T_0000052085,bonafide,flac_T/T_0000052085.flac,
T_0000076659,bonafide,flac_T/T_0000076659.flac,
T_0000000271,bonafide,flac_T/T_0000000271.flac,
T_0000110739,bonafide,flac_T/T_0000110739.flac,
T_0000174609,bonafide,flac_T/T_0000174609.flac,
T_0000036854,bonafide,flac_T/T_0000036854.flac,
T_0000146989,bonafide,flac_T/T_0000146989.flac,
T_0000004194,bonafide,flac_T/T_0000004194.flac,
T_0000158368,bonafide,flac_T/T_0000158368.flac,
T_0000053675,bonafide,flac_T/T_0000053675.flac,
T_0000055674,bonafide,flac_T/T_0000055674.flac,
T_0000017903,bonafide,flac_T/T_0000017903.flac,
T_0000055417,bonafide,flac_T/T_0000055417.flac,
T_0000132594,bonafide,flac_T/T_0000132594.flac,
T_0000093548,bonafide,flac_T/T_0000093548.flac,
T_0000028235,bonafide,flac_T/T_0000028235.flac,
T_0000079021,bonafide,flac_T/T_0000079021.flac,
T_0000048963,bonafide,flac_T/T_0000048963.flac,
T_0000071864,bonafide,flac_T/T_0000071864.flac,
T_0000055929,bonafide,flac_T/T_0000055929.flac,
T_0000018402,bonafide,flac_T/T_0000018402.flac,
T_0000092916,bonafide,flac_T/T_0000092916.flac,
T_0000036346,bonafide,flac_T/T_0000036346.flac,
T_0000167942,bonafide,flac_T/T_0000167942.flac,
T_0000115792,bonafide,flac_T/T_0000115792.flac,
T_0000021052,bonafide,flac_T/T_0000021052.flac,
T_0000008561,bonafide,flac_T/T_0000008561.flac,
T_0000067898,bonafide,flac_T/T_0000067898.flac,
T_0000011863,bonafide,flac_T/T_0000011863.flac,
T_0000005871,bonafide,flac_T/T_0000005871.flac,
T_0000179260,bonafide,flac_T/T_0000179260.flac,
T_0000095855,bonafide,flac_T/T_0000095855.flac,
T_0000141784,bonafide,flac_T/T_0000141784.flac,
T_0000025168,bonafide,flac_T/T_0000025168.flac,
T_0000046555,bonafide,flac_T/T_0000046555.flac,
T_0000129053,bonafide,flac_T/T_0000129053.flac,
T_0000009627,bonafide,flac_T/T_0000009627.flac,
T_0000042002,bonafide,flac_T/T_0000042002.flac,
T_0000154483,bonafide,flac_T/T_0000154483.flac,
T_0000177767,bonafide,flac_T/T_0000177767.flac,
T_0000100399,bonafide,flac_T/T_0000100399.flac,
T_0000085742,bonafide,flac_T/T_0000085742.flac,
T_0000144486,bonafide,flac_T/T_0000144486.flac,
T_0000138364,bonafide,flac_T/T_0000138364.flac,
T_0000149078,bonafide,flac_T/T_0000149078.flac,
T_0000099354,bonafide,flac_T/T_0000099354.flac,
T_0000139999,bonafide,flac_T/T_0000139999.flac,
T_0000114972,bonafide,flac_T/T_0000114972.flac,
T_0000125284,bonafide,flac_T/T_0000125284.flac,
T_0000072857,bonafide,flac_T/T_0000072857.flac,
T_0000017956,bonafide,flac_T/T_0000017956.flac,
T_0000046524,bonafide,flac_T/T_0000046524.flac,
T_0000164510,bonafide,flac_T/T_0000164510.flac,
T_0000053171,bonafide,flac_T/T_0000053171.flac,
T_0000073866,bonafide,flac_T/T_0000073866.flac,
T_0000114953,bonafide,flac_T/T_0000114953.flac,
T_0000071629,bonafide,flac_T/T_0000071629.flac,
T_0000030341,bonafide,flac_T/T_0000030341.flac,
T_0000155081,bonafide,flac_T/T_0000155081.flac,
T_0000010571,bonafide,flac_T/T_0000010571.flac,
T_0000064091,bonafide,flac_T/T_0000064091.flac,
T_0000071098,bonafide,flac_T/T_0000071098.flac,
T_0000040367,bonafide,flac_T/T_0000040367.flac,
T_0000147998,bonafide,flac_T/T_0000147998.flac,
T_0000104267,bonafide,flac_T/T_0000104267.flac,
T_0000020329,bonafide,flac_T/T_0000020329.flac,
T_0000091960,bonafide,flac_T/T_0000091960.flac,
T_0000074559,bonafide,flac_T/T_0000074559.flac,
T_0000159228,bonafide,flac_T/T_0000159228.flac,
T_0000023492,bonafide,flac_T/T_0000023492.flac,
T_0000073134,bonafide,flac_T/T_0000073134.flac,
T_0000158913,bonafide,flac_T/T_0000158913.flac,
T_0000106284,bonafide,flac_T/T_0000106284.flac,
T_0000056911,bonafide,flac_T/T_0000056911.flac,
T_0000085160,bonafide,flac_T/T_0000085160.flac,
T_0000000739,bonafide,flac_T/T_0000000739.flac,
T_0000130836,bonafide,flac_T/T_0000130836.flac,
T_0000090416,bonafide,flac_T/T_0000090416.flac,
T_0000034619,bonafide,flac_T/T_0000034619.flac,
T_0000056771,bonafide,flac_T/T_0000056771.flac,
T_0000166587,bonafide,flac_T/T_0000166587.flac,
T_0000176098,bonafide,flac_T/T_0000176098.flac,
T_0000089691,bonafide,flac_T/T_0000089691.flac,
T_0000021783,bonafide,flac_T/T_0000021783.flac,
T_0000020704,bonafide,flac_T/T_0000020704.flac,
T_0000027710,bonafide,flac_T/T_0000027710.flac,
T_0000061131,bonafide,flac_T/T_0000061131.flac,
T_0000177736,bonafide,flac_T/T_0000177736.flac,
T_0000100286,bonafide,flac_T/T_0000100286.flac,
T_0000169026,bonafide,flac_T/T_0000169026.flac,
T_0000025374,bonafide,flac_T/T_0000025374.flac,
T_0000168912,bonafide,flac_T/T_0000168912.flac,
T_0000016835,bonafide,flac_T/T_0000016835.flac,
T_0000080266,bonafide,flac_T/T_0000080266.flac,
T_0000121887,bonafide,flac_T/T_0000121887.flac,
T_0000037986,bonafide,flac_T/T_0000037986.flac,
T_0000117663,bonafide,flac_T/T_0000117663.flac,
T_0000044022,bonafide,flac_T/T_0000044022.flac,
T_0000069098,bonafide,flac_T/T_0000069098.flac,
T_0000118375,bonafide,flac_T/T_0000118375.flac,
T_0000145891,bonafide,flac_T/T_0000145891.flac,
T_0000116467,bonafide,flac_T/T_0000116467.flac,
T_0000175398,bonafide,flac_T/T_0000175398.flac,
T_0000134070,bonafide,flac_T/T_0000134070.flac,
T_0000159787,bonafide,flac_T/T_0000159787.flac,
T_0000111322,bonafide,flac_T/T_0000111322.flac,
T_0000117708,bonafide,flac_T/T_0000117708.flac,
T_0000005216,bonafide,flac_T/T_0000005216.flac,
T_0000026049,bonafide,flac_T/T_0000026049.flac,
T_0000107648,bonafide,flac_T/T_0000107648.flac,
T_0000086369,bonafide,flac_T/T_0000086369.flac,
T_0000001373,bonafide,flac_T/T_0000001373.flac,
T_0000058801,bonafide,flac_T/T_0000058801.flac,
T_0000067539,bonafide,flac_T/T_0000067539.flac,
T_0000122687,bonafide,flac_T/T_0000122687.flac,
T_0000127083,bonafide,flac_T/T_0000127083.flac,
T_0000008803,bonafide,flac_T/T_0000008803.flac,
T_0000015822,bonafide,flac_T/T_0000015822.flac,
T_0000139739,bonafide,flac_T/T_0000139739.flac,
T_0000157893,bonafide,flac_T/T_0000157893.flac,
T_0000092819,bonafide,flac_T/T_0000092819.flac,
T_0000008560,bonafide,flac_T/T_0000008560.flac,
T_0000108313,bonafide,flac_T/T_0000108313.flac,
T_0000170826,bonafide,flac_T/T_0000170826.flac,
T_0000050947,bonafide,flac_T/T_0000050947.flac,
T_0000125514,bonafide,flac_T/T_0000125514.flac,
T_0000099104,bonafide,flac_T/T_0000099104.flac,
T_0000003434,bonafide,flac_T/T_0000003434.flac,
T_0000071052,bonafide,flac_T/T_0000071052.flac,
T_0000030574,bonafide,flac_T/T_0000030574.flac,
T_0000034437,bonafide,flac_T/T_0000034437.flac,
T_0000061030,bonafide,flac_T/T_0000061030.flac,
T_0000061694,bonafide,flac_T/T_0000061694.flac,
T_0000057812,bonafide,flac_T/T_0000057812.flac,
T_0000171800,bonafide,flac_T/T_0000171800.flac,
T_0000011699,bonafide,flac_T/T_0000011699.flac,
T_0000160552,bonafide,flac_T/T_0000160552.flac,
T_0000065092,bonafide,flac_T/T_0000065092.flac,
T_0000037688,bonafide,flac_T/T_0000037688.flac,
T_0000028550,bonafide,flac_T/T_0000028550.flac,
T_0000102482,bonafide,flac_T/T_0000102482.flac,
T_0000095583,bonafide,flac_T/T_0000095583.flac,
T_0000108634,bonafide,flac_T/T_0000108634.flac,
T_0000118786,bonafide,flac_T/T_0000118786.flac,
T_0000053127,bonafide,flac_T/T_0000053127.flac,
T_0000046737,bonafide,flac_T/T_0000046737.flac,
T_0000120274,bonafide,flac_T/T_0000120274.flac,
T_0000107581,bonafide,flac_T/T_0000107581.flac,
T_0000058761,bonafide,flac_T/T_0000058761.flac,
T_0000075476,bonafide,flac_T/T_0000075476.flac,
T_0000130683,bonafide,flac_T/T_0000130683.flac,
T_0000146579,bonafide,flac_T/T_0000146579.flac,
T_0000143052,bonafide,flac_T/T_0000143052.flac,
T_0000112199,bonafide,flac_T/T_0000112199.flac,
T_0000045555,bonafide,flac_T/T_0000045555.flac,
T_0000148303,bonafide,flac_T/T_0000148303.flac,
T_0000083327,bonafide,flac_T/T_0000083327.flac,
T_0000093068,bonafide,flac_T/T_0000093068.flac,
T_0000175596,bonafide,flac_T/T_0000175596.flac,
T_0000029808,bonafide,flac_T/T_0000029808.flac,
T_0000022219,bonafide,flac_T/T_0000022219.flac,
T_0000167834,bonafide,flac_T/T_0000167834.flac,
T_0000133990,bonafide,flac_T/T_0000133990.flac,
T_0000054791,bonafide,flac_T/T_0000054791.flac,
T_0000099151,bonafide,flac_T/T_0000099151.flac,
T_0000086337,bonafide,flac_T/T_0000086337.flac,
T_0000123380,bonafide,flac_T/T_0000123380.flac,
T_0000119568,bonafide,flac_T/T_0000119568.flac,
T_0000039392,bonafide,flac_T/T_0000039392.flac,
T_0000179715,bonafide,flac_T/T_0000179715.flac,
T_0000082737,bonafide,flac_T/T_0000082737.flac,
T_0000140752,bonafide,flac_T/T_0000140752.flac,
T_0000071659,bonafide,flac_T/T_0000071659.flac,
T_0000089033,bonafide,flac_T/T_0000089033.flac,
T_0000084770,bonafide,flac_T/T_0000084770.flac,
T_0000073776,bonafide,flac_T/T_0000073776.flac,
T_0000124305,bonafide,flac_T/T_0000124305.flac,
T_0000081742,bonafide,flac_T/T_0000081742.flac,
T_0000009407,bonafide,flac_T/T_0000009407.flac,
T_0000175991,bonafide,flac_T/T_0000175991.flac,
T_0000044345,bonafide,flac_T/T_0000044345.flac,
T_0000146987,bonafide,flac_T/T_0000146987.flac,
T_0000117667,bonafide,flac_T/T_0000117667.flac,
T_0000064475,bonafide,flac_T/T_0000064475.flac,
T_0000161451,bonafide,flac_T/T_0000161451.flac,
T_0000020865,bonafide,flac_T/T_0000020865.flac,
T_0000046296,bonafide,flac_T/T_0000046296.flac,
T_0000178922,bonafide,flac_T/T_0000178922.flac,
T_0000090097,bonafide,flac_T/T_0000090097.flac,
T_0000147225,bonafide,flac_T/T_0000147225.flac,
T_0000119242,bonafide,flac_T/T_0000119242.flac,
T_0000173978,bonafide,flac_T/T_0000173978.flac,
T_0000056826,bonafide,flac_T/T_0000056826.flac,
T_0000121780,bonafide,flac_T/T_0000121780.flac,
T_0000017470,bonafide,flac_T/T_0000017470.flac,
T_0000091461,bonafide,flac_T/T_0000091461.flac,
T_0000160261,bonafide,flac_T/T_0000160261.flac,
T_0000145957,bonafide,flac_T/T_0000145957.flac,
T_0000145517,bonafide,flac_T/T_0000145517.flac,
T_0000038716,bonafide,flac_T/T_0000038716.flac,
T_0000133569,bonafide,flac_T/T_0000133569.flac,
T_0000058823,bonafide,flac_T/T_0000058823.flac,
T_0000096583,bonafide,flac_T/T_0000096583.flac,
T_0000044101,bonafide,flac_T/T_0000044101.flac,
T_0000092544,bonafide,flac_T/T_0000092544.flac,
T_0000129100,bonafide,flac_T/T_0000129100.flac,
T_0000018538,bonafide,flac_T/T_0000018538.flac,
T_0000037549,bonafide,flac_T/T_0000037549.flac,
T_0000176669,bonafide,flac_T/T_0000176669.flac,
T_0000038205,bonafide,flac_T/T_0000038205.flac,
T_0000005366,bonafide,flac_T/T_0000005366.flac,
T_0000087910,bonafide,flac_T/T_0000087910.flac,
T_0000124766,bonafide,flac_T/T_0000124766.flac,
T_0000155323,bonafide,flac_T/T_0000155323.flac,
T_0000114134,bonafide,flac_T/T_0000114134.flac,
T_0000000539,bonafide,flac_T/T_0000000539.flac,
T_0000129841,bonafide,flac_T/T_0000129841.flac,
T_0000172887,bonafide,flac_T/T_0000172887.flac,
T_0000122611,bonafide,flac_T/T_0000122611.flac,
T_0000141606,bonafide,flac_T/T_0000141606.flac,
T_0000083649,bonafide,flac_T/T_0000083649.flac,
T_0000058485,bonafide,flac_T/T_0000058485.flac,
T_0000071820,bonafide,flac_T/T_0000071820.flac,
T_0000035098,bonafide,flac_T/T_0000035098.flac,
T_0000016472,bonafide,flac_T/T_0000016472.flac,
T_0000028994,bonafide,flac_T/T_0000028994.flac,
T_0000118389,bonafide,flac_T/T_0000118389.flac,
T_0000180884,bonafide,flac_T/T_0000180884.flac,
T_0000070405,bonafide,flac_T/T_0000070405.flac,
T_0000058011,bonafide,flac_T/T_0000058011.flac,
T_0000073803,bonafide,flac_T/T_0000073803.flac,
T_0000004756,bonafide,flac_T/T_0000004756.flac,
T_0000102053,bonafide,flac_T/T_0000102053.flac,
T_0000066960,bonafide,flac_T/T_0000066960.flac,
T_0000055702,bonafide,flac_T/T_0000055702.flac,
T_0000046354,bonafide,flac_T/T_0000046354.flac,
T_0000149273,bonafide,flac_T/T_0000149273.flac,
T_0000165287,bonafide,flac_T/T_0000165287.flac,
T_0000139287,bonafide,flac_T/T_0000139287.flac,
T_0000008756,bonafide,flac_T/T_0000008756.flac,
T_0000101136,bonafide,flac_T/T_0000101136.flac,
T_0000058545,bonafide,flac_T/T_0000058545.flac,
T_0000042799,bonafide,flac_T/T_0000042799.flac,
T_0000047597,bonafide,flac_T/T_0000047597.flac,
T_0000044854,bonafide,flac_T/T_0000044854.flac,
T_0000046912,bonafide,flac_T/T_0000046912.flac,
T_0000110122,bonafide,flac_T/T_0000110122.flac,
T_0000055523,bonafide,flac_T/T_0000055523.flac,
T_0000122924,bonafide,flac_T/T_0000122924.flac,
T_0000063268,bonafide,flac_T/T_0000063268.flac,
T_0000025642,bonafide,flac_T/T_0000025642.flac,
T_0000007409,bonafide,flac_T/T_0000007409.flac,
T_0000063825,bonafide,flac_T/T_0000063825.flac,
T_0000099958,bonafide,flac_T/T_0000099958.flac,
T_0000134570,bonafide,flac_T/T_0000134570.flac,
T_0000167522,bonafide,flac_T/T_0000167522.flac,
T_0000170604,bonafide,flac_T/T_0000170604.flac,
T_0000028692,bonafide,flac_T/T_0000028692.flac,
T_0000067496,bonafide,flac_T/T_0000067496.flac,
T_0000087190,bonafide,flac_T/T_0000087190.flac,
T_0000070966,bonafide,flac_T/T_0000070966.flac,
T_0000024484,bonafide,flac_T/T_0000024484.flac,
T_0000087674,bonafide,flac_T/T_0000087674.flac,
T_0000037348,bonafide,flac_T/T_0000037348.flac,
T_0000054191,bonafide,flac_T/T_0000054191.flac,
T_0000096213,bonafide,flac_T/T_0000096213.flac,
T_0000177007,bonafide,flac_T/T_0000177007.flac,
T_0000102349,bonafide,flac_T/T_0000102349.flac,
T_0000011099,bonafide,flac_T/T_0000011099.flac,
T_0000052906,bonafide,flac_T/T_0000052906.flac,
T_0000166002,bonafide,flac_T/T_0000166002.flac,
T_0000098943,bonafide,flac_T/T_0000098943.flac,
T_0000027017,bonafide,flac_T/T_0000027017.flac,
T_0000126094,bonafide,flac_T/T_0000126094.flac,
T_0000176893,bonafide,flac_T/T_0000176893.flac,
T_0000179127,bonafide,flac_T/T_0000179127.flac,
T_0000047067,bonafide,flac_T/T_0000047067.flac,
T_0000049683,bonafide,flac_T/T_0000049683.flac,
T_0000128598,bonafide,flac_T/T_0000128598.flac,
T_0000089238,bonafide,flac_T/T_0000089238.flac,
T_0000155502,bonafide,flac_T/T_0000155502.flac,
T_0000001671,bonafide,flac_T/T_0000001671.flac,
T_0000016906,bonafide,flac_T/T_0000016906.flac,
T_0000112731,bonafide,flac_T/T_0000112731.flac,
T_0000013105,bonafide,flac_T/T_0000013105.flac,
T_0000016267,bonafide,flac_T/T_0000016267.flac,
T_0000111543,bonafide,flac_T/T_0000111543.flac,
T_0000177758,bonafide,flac_T/T_0000177758.flac,
T_0000021135,bonafide,flac_T/T_0000021135.flac,
T_0000034169,bonafide,flac_T/T_0000034169.flac,
T_0000108000,bonafide,flac_T/T_0000108000.flac,
T_0000021353,bonafide,flac_T/T_0000021353.flac,
T_0000009444,bonafide,flac_T/T_0000009444.flac,
T_0000069872,bonafide,flac_T/T_0000069872.flac,
T_0000139347,bonafide,flac_T/T_0000139347.flac,
T_0000124647,bonafide,flac_T/T_0000124647.flac,
T_0000057565,bonafide,flac_T/T_0000057565.flac,
T_0000150254,bonafide,flac_T/T_0000150254.flac,
T_0000151160,bonafide,flac_T/T_0000151160.flac,
T_0000073755,bonafide,flac_T/T_0000073755.flac,
T_0000062873,bonafide,flac_T/T_0000062873.flac,
T_0000128388,bonafide,flac_T/T_0000128388.flac,
T_0000160271,bonafide,flac_T/T_0000160271.flac,
T_0000018514,bonafide,flac_T/T_0000018514.flac,
T_0000066929,bonafide,flac_T/T_0000066929.flac,
T_0000124366,bonafide,flac_T/T_0000124366.flac,
T_0000169143,bonafide,flac_T/T_0000169143.flac,
T_0000014099,bonafide,flac_T/T_0000014099.flac,
T_0000081149,bonafide,flac_T/T_0000081149.flac,
T_0000171260,bonafide,flac_T/T_0000171260.flac,
T_0000100961,bonafide,flac_T/T_0000100961.flac,
T_0000013479,bonafide,flac_T/T_0000013479.flac,
T_0000030894,bonafide,flac_T/T_0000030894.flac,
T_0000060520,bonafide,flac_T/T_0000060520.flac,
T_0000093534,bonafide,flac_T/T_0000093534.flac,
T_0000076808,bonafide,flac_T/T_0000076808.flac,
T_0000121372,bonafide,flac_T/T_0000121372.flac,
T_0000137067,bonafide,flac_T/T_0000137067.flac,
T_0000055528,bonafide,flac_T/T_0000055528.flac,
T_0000021723,bonafide,flac_T/T_0000021723.flac,
T_0000080191,bonafide,flac_T/T_0000080191.flac,
T_0000056050,bonafide,flac_T/T_0000056050.flac,
T_0000110430,bonafide,flac_T/T_0000110430.flac,
T_0000027307,bonafide,flac_T/T_0000027307.flac,
T_0000071007,bonafide,flac_T/T_0000071007.flac,
T_0000142411,bonafide,flac_T/T_0000142411.flac,
T_0000035449,bonafide,flac_T/T_0000035449.flac,
T_0000157797,bonafide,flac_T/T_0000157797.flac,
T_0000118699,bonafide,flac_T/T_0000118699.flac,
T_0000043448,bonafide,flac_T/T_0000043448.flac,
T_0000087841,bonafide,flac_T/T_0000087841.flac,
T_0000100590,bonafide,flac_T/T_0000100590.flac,
T_0000068912,bonafide,flac_T/T_0000068912.flac,
T_0000031911,bonafide,flac_T/T_0000031911.flac,
T_0000134288,bonafide,flac_T/T_0000134288.flac,
T_0000017165,bonafide,flac_T/T_0000017165.flac,
T_0000176929,bonafide,flac_T/T_0000176929.flac,
T_0000019699,bonafide,flac_T/T_0000019699.flac,
T_0000118939,bonafide,flac_T/T_0000118939.flac,
T_0000068974,bonafide,flac_T/T_0000068974.flac,
T_0000096201,bonafide,flac_T/T_0000096201.flac,
T_0000061125,bonafide,flac_T/T_0000061125.flac,
T_0000119597,bonafide,flac_T/T_0000119597.flac,
T_0000016054,bonafide,flac_T/T_0000016054.flac,
T_0000018061,bonafide,flac_T/T_0000018061.flac,
T_0000107353,bonafide,flac_T/T_0000107353.flac,
T_0000070296,bonafide,flac_T/T_0000070296.flac,
T_0000164345,bonafide,flac_T/T_0000164345.flac,
T_0000169674,bonafide,flac_T/T_0000169674.flac,
T_0000095369,bonafide,flac_T/T_0000095369.flac,
T_0000139469,bonafide,flac_T/T_0000139469.flac,
T_0000013514,bonafide,flac_T/T_0000013514.flac,
T_0000119253,bonafide,flac_T/T_0000119253.flac,
T_0000017300,bonafide,flac_T/T_0000017300.flac,
T_0000131125,bonafide,flac_T/T_0000131125.flac,
T_0000144661,bonafide,flac_T/T_0000144661.flac,
T_0000125826,bonafide,flac_T/T_0000125826.flac,
T_0000098363,bonafide,flac_T/T_0000098363.flac,
T_0000179004,bonafide,flac_T/T_0000179004.flac,
T_0000180560,bonafide,flac_T/T_0000180560.flac,
T_0000146269,bonafide,flac_T/T_0000146269.flac,
T_0000134828,bonafide,flac_T/T_0000134828.flac,
T_0000018818,bonafide,flac_T/T_0000018818.flac,
T_0000102459,bonafide,flac_T/T_0000102459.flac,
T_0000089897,bonafide,flac_T/T_0000089897.flac,
T_0000029526,bonafide,flac_T/T_0000029526.flac,
T_0000129130,bonafide,flac_T/T_0000129130.flac,
T_0000138192,bonafide,flac_T/T_0000138192.flac,
T_0000134296,bonafide,flac_T/T_0000134296.flac,
T_0000120881,bonafide,flac_T/T_0000120881.flac,
T_0000097777,bonafide,flac_T/T_0000097777.flac,
T_0000009844,bonafide,flac_T/T_0000009844.flac,
T_0000092895,bonafide,flac_T/T_0000092895.flac,
T_0000014421,bonafide,flac_T/T_0000014421.flac,
T_0000137533,bonafide,flac_T/T_0000137533.flac,
T_0000119099,bonafide,flac_T/T_0000119099.flac,
T_0000041158,bonafide,flac_T/T_0000041158.flac,
T_0000089614,bonafide,flac_T/T_0000089614.flac,
T_0000037855,bonafide,flac_T/T_0000037855.flac,
T_0000008907,bonafide,flac_T/T_0000008907.flac,
T_0000071141,bonafide,flac_T/T_0000071141.flac,
T_0000166216,bonafide,flac_T/T_0000166216.flac,
T_0000008003,bonafide,flac_T/T_0000008003.flac,
T_0000164862,bonafide,flac_T/T_0000164862.flac,
T_0000180914,bonafide,flac_T/T_0000180914.flac,
T_0000156295,bonafide,flac_T/T_0000156295.flac,
T_0000146356,bonafide,flac_T/T_0000146356.flac,
T_0000023675,bonafide,flac_T/T_0000023675.flac,
T_0000140167,bonafide,flac_T/T_0000140167.flac,
T_0000176183,bonafide,flac_T/T_0000176183.flac,
T_0000075060,bonafide,flac_T/T_0000075060.flac,
T_0000078266,bonafide,flac_T/T_0000078266.flac,
T_0000081165,bonafide,flac_T/T_0000081165.flac,
T_0000121038,bonafide,flac_T/T_0000121038.flac,
T_0000054778,bonafide,flac_T/T_0000054778.flac,
T_0000023265,bonafide,flac_T/T_0000023265.flac,
T_0000130167,bonafide,flac_T/T_0000130167.flac,
T_0000170353,bonafide,flac_T/T_0000170353.flac,
T_0000004265,bonafide,flac_T/T_0000004265.flac,
T_0000109349,bonafide,flac_T/T_0000109349.flac,
T_0000078276,bonafide,flac_T/T_0000078276.flac,
T_0000173284,bonafide,flac_T/T_0000173284.flac,
T_0000094178,bonafide,flac_T/T_0000094178.flac,
T_0000119606,bonafide,flac_T/T_0000119606.flac,
T_0000165428,bonafide,flac_T/T_0000165428.flac,
T_0000072267,bonafide,flac_T/T_0000072267.flac,
T_0000010664,bonafide,flac_T/T_0000010664.flac,
T_0000016156,bonafide,flac_T/T_0000016156.flac,
T_0000082829,bonafide,flac_T/T_0000082829.flac,
T_0000150072,bonafide,flac_T/T_0000150072.flac,
T_0000025949,bonafide,flac_T/T_0000025949.flac,
T_0000160724,bonafide,flac_T/T_0000160724.flac,
T_0000168217,bonafide,flac_T/T_0000168217.flac,
T_0000087623,bonafide,flac_T/T_0000087623.flac,
T_0000043630,bonafide,flac_T/T_0000043630.flac,
T_0000044392,bonafide,flac_T/T_0000044392.flac,
T_0000153389,bonafide,flac_T/T_0000153389.flac,
T_0000090273,bonafide,flac_T/T_0000090273.flac,
T_0000056194,bonafide,flac_T/T_0000056194.flac,
T_0000163250,bonafide,flac_T/T_0000163250.flac,
T_0000139295,bonafide,flac_T/T_0000139295.flac,
T_0000100919,bonafide,flac_T/T_0000100919.flac,
T_0000061878,bonafide,flac_T/T_0000061878.flac,
T_0000140074,bonafide,flac_T/T_0000140074.flac,
T_0000032867,bonafide,flac_T/T_0000032867.flac,
T_0000080952,bonafide,flac_T/T_0000080952.flac,
T_0000174950,bonafide,flac_T/T_0000174950.flac,
T_0000064473,bonafide,flac_T/T_0000064473.flac,
T_0000095073,bonafide,flac_T/T_0000095073.flac,
T_0000124949,bonafide,flac_T/T_0000124949.flac,
T_0000179390,bonafide,flac_T/T_0000179390.flac,
T_0000138969,bonafide,flac_T/T_0000138969.flac,
T_0000062166,bonafide,flac_T/T_0000062166.flac,
T_0000010417,bonafide,flac_T/T_0000010417.flac,
T_0000151044,bonafide,flac_T/T_0000151044.flac,
T_0000055871,bonafide,flac_T/T_0000055871.flac,
T_0000053231,bonafide,flac_T/T_0000053231.flac,
T_0000089074,bonafide,flac_T/T_0000089074.flac,
T_0000086860,bonafide,flac_T/T_0000086860.flac,
T_0000132874,bonafide,flac_T/T_0000132874.flac,
T_0000096382,bonafide,flac_T/T_0000096382.flac,
T_0000052619,bonafide,flac_T/T_0000052619.flac,
T_0000120276,bonafide,flac_T/T_0000120276.flac,
T_0000056968,bonafide,flac_T/T_0000056968.flac,
T_0000179840,bonafide,flac_T/T_0000179840.flac,
T_0000098438,bonafide,flac_T/T_0000098438.flac,
T_0000157895,bonafide,flac_T/T_0000157895.flac,
T_0000071893,bonafide,flac_T/T_0000071893.flac,
T_0000174415,bonafide,flac_T/T_0000174415.flac,
T_0000059819,bonafide,flac_T/T_0000059819.flac,
T_0000054749,bonafide,flac_T/T_0000054749.flac,
T_0000162902,bonafide,flac_T/T_0000162902.flac,
T_0000110308,bonafide,flac_T/T_0000110308.flac,
T_0000070284,bonafide,flac_T/T_0000070284.flac,
T_0000077055,bonafide,flac_T/T_0000077055.flac,
T_0000180944,bonafide,flac_T/T_0000180944.flac,
T_0000065356,bonafide,flac_T/T_0000065356.flac,
T_0000121343,bonafide,flac_T/T_0000121343.flac,
T_0000033263,bonafide,flac_T/T_0000033263.flac,
T_0000104265,bonafide,flac_T/T_0000104265.flac,
T_0000154086,bonafide,flac_T/T_0000154086.flac,
T_0000029448,bonafide,flac_T/T_0000029448.flac,
T_0000001001,bonafide,flac_T/T_0000001001.flac,
T_0000027234,bonafide,flac_T/T_0000027234.flac,
T_0000132303,bonafide,flac_T/T_0000132303.flac,
T_0000042604,bonafide,flac_T/T_0000042604.flac,
T_0000178670,bonafide,flac_T/T_0000178670.flac,
T_0000095666,bonafide,flac_T/T_0000095666.flac,
T_0000035877,bonafide,flac_T/T_0000035877.flac,
T_0000038623,bonafide,flac_T/T_0000038623.flac,
T_0000025010,bonafide,flac_T/T_0000025010.flac,
T_0000050686,bonafide,flac_T/T_0000050686.flac,
T_0000099790,bonafide,flac_T/T_0000099790.flac,
T_0000161445,bonafide,flac_T/T_0000161445.flac,
T_0000033650,bonafide,flac_T/T_0000033650.flac,
T_0000108344,bonafide,flac_T/T_0000108344.flac,
T_0000153672,bonafide,flac_T/T_0000153672.flac,
T_0000036038,bonafide,flac_T/T_0000036038.flac,
T_0000028656,bonafide,flac_T/T_0000028656.flac,
T_0000059433,bonafide,flac_T/T_0000059433.flac,
T_0000039515,bonafide,flac_T/T_0000039515.flac,
T_0000083788,bonafide,flac_T/T_0000083788.flac,
T_0000153060,bonafide,flac_T/T_0000153060.flac,
T_0000046980,bonafide,flac_T/T_0000046980.flac,
T_0000042430,bonafide,flac_T/T_0000042430.flac,
T_0000133889,bonafide,flac_T/T_0000133889.flac,
T_0000144384,bonafide,flac_T/T_0000144384.flac,
T_0000052426,bonafide,flac_T/T_0000052426.flac,
T_0000013849,bonafide,flac_T/T_0000013849.flac,
T_0000054496,bonafide,flac_T/T_0000054496.flac,
T_0000089880,bonafide,flac_T/T_0000089880.flac,
T_0000158259,bonafide,flac_T/T_0000158259.flac,
T_0000059799,bonafide,flac_T/T_0000059799.flac,
T_0000139372,bonafide,flac_T/T_0000139372.flac,
T_0000023883,bonafide,flac_T/T_0000023883.flac,
T_0000130675,bonafide,flac_T/T_0000130675.flac,
T_0000087709,bonafide,flac_T/T_0000087709.flac,
T_0000057255,bonafide,flac_T/T_0000057255.flac,
T_0000108746,bonafide,flac_T/T_0000108746.flac,
T_0000135630,bonafide,flac_T/T_0000135630.flac,
T_0000012128,bonafide,flac_T/T_0000012128.flac,
T_0000066431,bonafide,flac_T/T_0000066431.flac,
T_0000156371,bonafide,flac_T/T_0000156371.flac,
T_0000001483,bonafide,flac_T/T_0000001483.flac,
T_0000070126,bonafide,flac_T/T_0000070126.flac,
T_0000142142,bonafide,flac_T/T_0000142142.flac,
T_0000130362,bonafide,flac_T/T_0000130362.flac,
T_0000086174,bonafide,flac_T/T_0000086174.flac,
T_0000037278,bonafide,flac_T/T_0000037278.flac,
T_0000092921,bonafide,flac_T/T_0000092921.flac,
T_0000051181,bonafide,flac_T/T_0000051181.flac,
T_0000002744,bonafide,flac_T/T_0000002744.flac,
T_0000170153,bonafide,flac_T/T_0000170153.flac,
T_0000034208,bonafide,flac_T/T_0000034208.flac,
T_0000100766,bonafide,flac_T/T_0000100766.flac,
T_0000150236,bonafide,flac_T/T_0000150236.flac,
T_0000090975,bonafide,flac_T/T_0000090975.flac,
T_0000002627,bonafide,flac_T/T_0000002627.flac,
T_0000135194,bonafide,flac_T/T_0000135194.flac,
T_0000071012,bonafide,flac_T/T_0000071012.flac,
T_0000072533,bonafide,flac_T/T_0000072533.flac,
T_0000107687,bonafide,flac_T/T_0000107687.flac,
T_0000058916,bonafide,flac_T/T_0000058916.flac,
T_0000146649,bonafide,flac_T/T_0000146649.flac,
T_0000078049,bonafide,flac_T/T_0000078049.flac,
T_0000126081,bonafide,flac_T/T_0000126081.flac,
T_0000152489,bonafide,flac_T/T_0000152489.flac,
T_0000113523,bonafide,flac_T/T_0000113523.flac,
T_0000020543,bonafide,flac_T/T_0000020543.flac,
T_0000021452,bonafide,flac_T/T_0000021452.flac,
T_0000050109,bonafide,flac_T/T_0000050109.flac,
T_0000052443,bonafide,flac_T/T_0000052443.flac,
T_0000118658,bonafide,flac_T/T_0000118658.flac,
T_0000093354,bonafide,flac_T/T_0000093354.flac,
T_0000077361,bonafide,flac_T/T_0000077361.flac,
T_0000156136,bonafide,flac_T/T_0000156136.flac,
T_0000060532,bonafide,flac_T/T_0000060532.flac,
T_0000095565,bonafide,flac_T/T_0000095565.flac,
T_0000085997,bonafide,flac_T/T_0000085997.flac,
T_0000135571,bonafide,flac_T/T_0000135571.flac,
T_0000101623,bonafide,flac_T/T_0000101623.flac,
T_0000096691,bonafide,flac_T/T_0000096691.flac,
T_0000018650,bonafide,flac_T/T_0000018650.flac,
T_0000157098,bonafide,flac_T/T_0000157098.flac,
T_0000176741,bonafide,flac_T/T_0000176741.flac,
T_0000078920,bonafide,flac_T/T_0000078920.flac,
T_0000104626,bonafide,flac_T/T_0000104626.flac,
T_0000151732,bonafide,flac_T/T_0000151732.flac,
T_0000070219,bonafide,flac_T/T_0000070219.flac,
T_0000063488,bonafide,flac_T/T_0000063488.flac,
T_0000146256,bonafide,flac_T/T_0000146256.flac,
T_0000106841,bonafide,flac_T/T_0000106841.flac,
T_0000180081,bonafide,flac_T/T_0000180081.flac,
T_0000130971,bonafide,flac_T/T_0000130971.flac,
T_0000129950,bonafide,flac_T/T_0000129950.flac,
T_0000145432,bonafide,flac_T/T_0000145432.flac,
T_0000039557,bonafide,flac_T/T_0000039557.flac,
T_0000038959,bonafide,flac_T/T_0000038959.flac,
T_0000090844,bonafide,flac_T/T_0000090844.flac,
T_0000022418,bonafide,flac_T/T_0000022418.flac,
T_0000175481,bonafide,flac_T/T_0000175481.flac,
T_0000008956,bonafide,flac_T/T_0000008956.flac,
T_0000161921,bonafide,flac_T/T_0000161921.flac,
T_0000007868,bonafide,flac_T/T_0000007868.flac,
T_0000103220,bonafide,flac_T/T_0000103220.flac,
T_0000124771,bonafide,flac_T/T_0000124771.flac,
T_0000064556,bonafide,flac_T/T_0000064556.flac,
T_0000175211,bonafide,flac_T/T_0000175211.flac,
T_0000144458,bonafide,flac_T/T_0000144458.flac,
T_0000085462,bonafide,flac_T/T_0000085462.flac,
T_0000097309,bonafide,flac_T/T_0000097309.flac,
T_0000107304,bonafide,flac_T/T_0000107304.flac,
T_0000100170,bonafide,flac_T/T_0000100170.flac,
T_0000113384,bonafide,flac_T/T_0000113384.flac,
T_0000050876,bonafide,flac_T/T_0000050876.flac,
T_0000014426,bonafide,flac_T/T_0000014426.flac,
T_0000045158,bonafide,flac_T/T_0000045158.flac,
T_0000063187,bonafide,flac_T/T_0000063187.flac,
T_0000100749,bonafide,flac_T/T_0000100749.flac,
T_0000084111,bonafide,flac_T/T_0000084111.flac,
T_0000106020,bonafide,flac_T/T_0000106020.flac,
T_0000024240,bonafide,flac_T/T_0000024240.flac,
T_0000163939,bonafide,flac_T/T_0000163939.flac,
T_0000022614,bonafide,flac_T/T_0000022614.flac,
T_0000127247,bonafide,flac_T/T_0000127247.flac,
T_0000014232,bonafide,flac_T/T_0000014232.flac,
T_0000009885,bonafide,flac_T/T_0000009885.flac,
T_0000109584,bonafide,flac_T/T_0000109584.flac,
T_0000032715,bonafide,flac_T/T_0000032715.flac,
T_0000169545,bonafide,flac_T/T_0000169545.flac,
T_0000054246,bonafide,flac_T/T_0000054246.flac,
T_0000083295,bonafide,flac_T/T_0000083295.flac,
T_0000172639,bonafide,flac_T/T_0000172639.flac,
T_0000140779,bonafide,flac_T/T_0000140779.flac,
T_0000116931,bonafide,flac_T/T_0000116931.flac,
T_0000043343,bonafide,flac_T/T_0000043343.flac,
T_0000028912,bonafide,flac_T/T_0000028912.flac,
T_0000063386,bonafide,flac_T/T_0000063386.flac,
T_0000012842,bonafide,flac_T/T_0000012842.flac,
T_0000002145,bonafide,flac_T/T_0000002145.flac,
T_0000029108,bonafide,flac_T/T_0000029108.flac,
T_0000162475,bonafide,flac_T/T_0000162475.flac,
T_0000160922,bonafide,flac_T/T_0000160922.flac,
T_0000062501,bonafide,flac_T/T_0000062501.flac,
T_0000082256,bonafide,flac_T/T_0000082256.flac,
T_0000151358,bonafide,flac_T/T_0000151358.flac,
T_0000152464,bonafide,flac_T/T_0000152464.flac,
T_0000003607,bonafide,flac_T/T_0000003607.flac,
T_0000017608,bonafide,flac_T/T_0000017608.flac,
T_0000116967,bonafide,flac_T/T_0000116967.flac,
T_0000125421,bonafide,flac_T/T_0000125421.flac,
T_0000136616,bonafide,flac_T/T_0000136616.flac,
T_0000168947,bonafide,flac_T/T_0000168947.flac,
T_0000099182,bonafide,flac_T/T_0000099182.flac,
T_0000108236,bonafide,flac_T/T_0000108236.flac,
T_0000036545,bonafide,flac_T/T_0000036545.flac,
T_0000038921,bonafide,flac_T/T_0000038921.flac,
T_0000078390,bonafide,flac_T/T_0000078390.flac,
T_0000126936,bonafide,flac_T/T_0000126936.flac,
T_0000178243,bonafide,flac_T/T_0000178243.flac,
T_0000065831,bonafide,flac_T/T_0000065831.flac,
T_0000138234,bonafide,flac_T/T_0000138234.flac,
T_0000060933,bonafide,flac_T/T_0000060933.flac,
T_0000022014,bonafide,flac_T/T_0000022014.flac,
T_0000169815,bonafide,flac_T/T_0000169815.flac,
T_0000174565,bonafide,flac_T/T_0000174565.flac,
T_0000136354,bonafide,flac_T/T_0000136354.flac,
T_0000124946,bonafide,flac_T/T_0000124946.flac,
T_0000064188,bonafide,flac_T/T_0000064188.flac,
T_0000038932,bonafide,flac_T/T_0000038932.flac,
T_0000177981,bonafide,flac_T/T_0000177981.flac,
T_0000015170,bonafide,flac_T/T_0000015170.flac,
T_0000127811,bonafide,flac_T/T_0000127811.flac,
T_0000180825,bonafide,flac_T/T_0000180825.flac,
T_0000070658,bonafide,flac_T/T_0000070658.flac,
T_0000019127,bonafide,flac_T/T_0000019127.flac,
T_0000094203,bonafide,flac_T/T_0000094203.flac,
T_0000157496,bonafide,flac_T/T_0000157496.flac,
T_0000008616,bonafide,flac_T/T_0000008616.flac,
T_0000158599,bonafide,flac_T/T_0000158599.flac,
T_0000012625,bonafide,flac_T/T_0000012625.flac,
T_0000020283,bonafide,flac_T/T_0000020283.flac,
T_0000158484,bonafide,flac_T/T_0000158484.flac,
T_0000052086,bonafide,flac_T/T_0000052086.flac,
T_0000121256,bonafide,flac_T/T_0000121256.flac,
T_0000119207,bonafide,flac_T/T_0000119207.flac,
T_0000078484,bonafide,flac_T/T_0000078484.flac,
T_0000021133,bonafide,flac_T/T_0000021133.flac,
T_0000129096,bonafide,flac_T/T_0000129096.flac,
T_0000021484,bonafide,flac_T/T_0000021484.flac,
T_0000139637,bonafide,flac_T/T_0000139637.flac,
T_0000131277,bonafide,flac_T/T_0000131277.flac,
T_0000052357,bonafide,flac_T/T_0000052357.flac,
T_0000124826,bonafide,flac_T/T_0000124826.flac,
T_0000131098,bonafide,flac_T/T_0000131098.flac,
T_0000084309,bonafide,flac_T/T_0000084309.flac,
T_0000109293,bonafide,flac_T/T_0000109293.flac,
T_0000061482,bonafide,flac_T/T_0000061482.flac,
T_0000167127,bonafide,flac_T/T_0000167127.flac,
T_0000155006,bonafide,flac_T/T_0000155006.flac,
T_0000054773,bonafide,flac_T/T_0000054773.flac,
T_0000091481,bonafide,flac_T/T_0000091481.flac,
T_0000028061,bonafide,flac_T/T_0000028061.flac,
T_0000039961,bonafide,flac_T/T_0000039961.flac,
T_0000101922,bonafide,flac_T/T_0000101922.flac,
T_0000041290,bonafide,flac_T/T_0000041290.flac,
T_0000010500,bonafide,flac_T/T_0000010500.flac,
T_0000066880,bonafide,flac_T/T_0000066880.flac,
T_0000163816,bonafide,flac_T/T_0000163816.flac,
T_0000157752,bonafide,flac_T/T_0000157752.flac,
T_0000018884,bonafide,flac_T/T_0000018884.flac,
T_0000164843,bonafide,flac_T/T_0000164843.flac,
T_0000038887,bonafide,flac_T/T_0000038887.flac,
T_0000048854,bonafide,flac_T/T_0000048854.flac,
T_0000070432,bonafide,flac_T/T_0000070432.flac,
T_0000172725,bonafide,flac_T/T_0000172725.flac,
T_0000141891,bonafide,flac_T/T_0000141891.flac,
T_0000179028,bonafide,flac_T/T_0000179028.flac,
T_0000055805,bonafide,flac_T/T_0000055805.flac,
T_0000079046,bonafide,flac_T/T_0000079046.flac,
T_0000019889,bonafide,flac_T/T_0000019889.flac,
T_0000069896,bonafide,flac_T/T_0000069896.flac,
T_0000175172,bonafide,flac_T/T_0000175172.flac,
T_0000152491,bonafide,flac_T/T_0000152491.flac,
T_0000135803,bonafide,flac_T/T_0000135803.flac,
T_0000103204,bonafide,flac_T/T_0000103204.flac,
T_0000017753,bonafide,flac_T/T_0000017753.flac,
T_0000079782,bonafide,flac_T/T_0000079782.flac,
T_0000148539,bonafide,flac_T/T_0000148539.flac,
T_0000060823,bonafide,flac_T/T_0000060823.flac,
T_0000066840,bonafide,flac_T/T_0000066840.flac,
T_0000041383,bonafide,flac_T/T_0000041383.flac,
T_0000006958,bonafide,flac_T/T_0000006958.flac,
T_0000006442,bonafide,flac_T/T_0000006442.flac,
T_0000108036,bonafide,flac_T/T_0000108036.flac,
T_0000052330,bonafide,flac_T/T_0000052330.flac,
T_0000114460,bonafide,flac_T/T_0000114460.flac,
T_0000084656,bonafide,flac_T/T_0000084656.flac,
T_0000004304,bonafide,flac_T/T_0000004304.flac,
T_0000141836,bonafide,flac_T/T_0000141836.flac,
T_0000025444,bonafide,flac_T/T_0000025444.flac,
T_0000014228,bonafide,flac_T/T_0000014228.flac,
T_0000170463,bonafide,flac_T/T_0000170463.flac,
T_0000021634,bonafide,flac_T/T_0000021634.flac,
T_0000026145,bonafide,flac_T/T_0000026145.flac,
T_0000156038,bonafide,flac_T/T_0000156038.flac,
T_0000107608,bonafide,flac_T/T_0000107608.flac,
T_0000140481,bonafide,flac_T/T_0000140481.flac,
T_0000130209,bonafide,flac_T/T_0000130209.flac,
T_0000000028,bonafide,flac_T/T_0000000028.flac,
T_0000006279,bonafide,flac_T/T_0000006279.flac,
T_0000004574,bonafide,flac_T/T_0000004574.flac,
T_0000004451,bonafide,flac_T/T_0000004451.flac,
T_0000013660,bonafide,flac_T/T_0000013660.flac,
T_0000055998,bonafide,flac_T/T_0000055998.flac,
T_0000095241,bonafide,flac_T/T_0000095241.flac,
T_0000095564,bonafide,flac_T/T_0000095564.flac,
T_0000172229,bonafide,flac_T/T_0000172229.flac,
T_0000055999,bonafide,flac_T/T_0000055999.flac,
T_0000007057,bonafide,flac_T/T_0000007057.flac,
T_0000106336,bonafide,flac_T/T_0000106336.flac,
T_0000057692,bonafide,flac_T/T_0000057692.flac,
T_0000067310,bonafide,flac_T/T_0000067310.flac,
T_0000068531,bonafide,flac_T/T_0000068531.flac,
T_0000013828,bonafide,flac_T/T_0000013828.flac,
T_0000069461,bonafide,flac_T/T_0000069461.flac,
T_0000067640,bonafide,flac_T/T_0000067640.flac,
T_0000092209,bonafide,flac_T/T_0000092209.flac,
T_0000088134,bonafide,flac_T/T_0000088134.flac,
T_0000026884,bonafide,flac_T/T_0000026884.flac,
T_0000172503,bonafide,flac_T/T_0000172503.flac,
T_0000035633,bonafide,flac_T/T_0000035633.flac,
T_0000069590,bonafide,flac_T/T_0000069590.flac,
T_0000092369,bonafide,flac_T/T_0000092369.flac,
T_0000052905,bonafide,flac_T/T_0000052905.flac,
T_0000119098,bonafide,flac_T/T_0000119098.flac,
T_0000107685,bonafide,flac_T/T_0000107685.flac,
T_0000129018,bonafide,flac_T/T_0000129018.flac,
T_0000021350,bonafide,flac_T/T_0000021350.flac,
T_0000061928,bonafide,flac_T/T_0000061928.flac,
T_0000093173,bonafide,flac_T/T_0000093173.flac,
T_0000064961,bonafide,flac_T/T_0000064961.flac,
T_0000128903,bonafide,flac_T/T_0000128903.flac,
T_0000021792,bonafide,flac_T/T_0000021792.flac,
T_0000026453,bonafide,flac_T/T_0000026453.flac,
T_0000175248,bonafide,flac_T/T_0000175248.flac,
T_0000133902,bonafide,flac_T/T_0000133902.flac,
T_0000057647,bonafide,flac_T/T_0000057647.flac,
T_0000165306,bonafide,flac_T/T_0000165306.flac,
T_0000158579,bonafide,flac_T/T_0000158579.flac,
T_0000104716,bonafide,flac_T/T_0000104716.flac,
T_0000116469,bonafide,flac_T/T_0000116469.flac,
T_0000079395,bonafide,flac_T/T_0000079395.flac,
T_0000122492,bonafide,flac_T/T_0000122492.flac,
T_0000171509,bonafide,flac_T/T_0000171509.flac,
T_0000046906,bonafide,flac_T/T_0000046906.flac,
T_0000147395,bonafide,flac_T/T_0000147395.flac,
T_0000091518,bonafide,flac_T/T_0000091518.flac,
T_0000118314,bonafide,flac_T/T_0000118314.flac,
T_0000028691,bonafide,flac_T/T_0000028691.flac,
T_0000112071,bonafide,flac_T/T_0000112071.flac,
T_0000140945,bonafide,flac_T/T_0000140945.flac,
T_0000049502,bonafide,flac_T/T_0000049502.flac,
T_0000100161,bonafide,flac_T/T_0000100161.flac,
T_0000084854,bonafide,flac_T/T_0000084854.flac,
T_0000178306,bonafide,flac_T/T_0000178306.flac,
T_0000049394,bonafide,flac_T/T_0000049394.flac,
T_0000021285,bonafide,flac_T/T_0000021285.flac,
T_0000111357,bonafide,flac_T/T_0000111357.flac,
T_0000080061,bonafide,flac_T/T_0000080061.flac,
T_0000007347,bonafide,flac_T/T_0000007347.flac,
T_0000085542,bonafide,flac_T/T_0000085542.flac,
T_0000156853,bonafide,flac_T/T_0000156853.flac,
T_0000028340,bonafide,flac_T/T_0000028340.flac,
T_0000118582,bonafide,flac_T/T_0000118582.flac,
T_0000122138,bonafide,flac_T/T_0000122138.flac,
T_0000175318,bonafide,flac_T/T_0000175318.flac,
T_0000140559,bonafide,flac_T/T_0000140559.flac,
T_0000166810,bonafide,flac_T/T_0000166810.flac,
T_0000033920,bonafide,flac_T/T_0000033920.flac,
T_0000157070,bonafide,flac_T/T_0000157070.flac,
T_0000029413,bonafide,flac_T/T_0000029413.flac,
T_0000097724,bonafide,flac_T/T_0000097724.flac,
T_0000059959,bonafide,flac_T/T_0000059959.flac,
T_0000079748,bonafide,flac_T/T_0000079748.flac,
T_0000144677,bonafide,flac_T/T_0000144677.flac,
T_0000104460,bonafide,flac_T/T_0000104460.flac,
T_0000170404,bonafide,flac_T/T_0000170404.flac,
T_0000053775,bonafide,flac_T/T_0000053775.flac,
T_0000090931,bonafide,flac_T/T_0000090931.flac,
T_0000102733,bonafide,flac_T/T_0000102733.flac,
T_0000072240,bonafide,flac_T/T_0000072240.flac,
T_0000151819,bonafide,flac_T/T_0000151819.flac,
T_0000035554,bonafide,flac_T/T_0000035554.flac,
T_0000157533,bonafide,flac_T/T_0000157533.flac,
T_0000009906,bonafide,flac_T/T_0000009906.flac,
T_0000159005,bonafide,flac_T/T_0000159005.flac,
T_0000055303,bonafide,flac_T/T_0000055303.flac,
T_0000123492,bonafide,flac_T/T_0000123492.flac,
T_0000145234,bonafide,flac_T/T_0000145234.flac,
T_0000009613,bonafide,flac_T/T_0000009613.flac,
T_0000077552,bonafide,flac_T/T_0000077552.flac,
T_0000004021,bonafide,flac_T/T_0000004021.flac,
T_0000144064,bonafide,flac_T/T_0000144064.flac,
T_0000044538,bonafide,flac_T/T_0000044538.flac,
T_0000023875,bonafide,flac_T/T_0000023875.flac,
T_0000150010,bonafide,flac_T/T_0000150010.flac,
T_0000153238,bonafide,flac_T/T_0000153238.flac,
T_0000093130,bonafide,flac_T/T_0000093130.flac,
T_0000175432,bonafide,flac_T/T_0000175432.flac,
T_0000003074,bonafide,flac_T/T_0000003074.flac,
T_0000158476,bonafide,flac_T/T_0000158476.flac,
T_0000165304,bonafide,flac_T/T_0000165304.flac,
T_0000106769,bonafide,flac_T/T_0000106769.flac,
T_0000109104,bonafide,flac_T/T_0000109104.flac,
T_0000115849,bonafide,flac_T/T_0000115849.flac,
T_0000062931,bonafide,flac_T/T_0000062931.flac,
T_0000055857,bonafide,flac_T/T_0000055857.flac,
T_0000165375,bonafide,flac_T/T_0000165375.flac,
T_0000056098,bonafide,flac_T/T_0000056098.flac,
T_0000099148,bonafide,flac_T/T_0000099148.flac,
T_0000002477,bonafide,flac_T/T_0000002477.flac,
T_0000022998,bonafide,flac_T/T_0000022998.flac,
T_0000132666,bonafide,flac_T/T_0000132666.flac,
T_0000136735,bonafide,flac_T/T_0000136735.flac,
T_0000033536,bonafide,flac_T/T_0000033536.flac,
T_0000091600,bonafide,flac_T/T_0000091600.flac,
T_0000064705,bonafide,flac_T/T_0000064705.flac,
T_0000173760,bonafide,flac_T/T_0000173760.flac,
T_0000163906,bonafide,flac_T/T_0000163906.flac,
T_0000109424,bonafide,flac_T/T_0000109424.flac,
T_0000170299,bonafide,flac_T/T_0000170299.flac,
T_0000179240,bonafide,flac_T/T_0000179240.flac,
T_0000068518,bonafide,flac_T/T_0000068518.flac,
T_0000018416,bonafide,flac_T/T_0000018416.flac,
T_0000072174,bonafide,flac_T/T_0000072174.flac,
T_0000164897,bonafide,flac_T/T_0000164897.flac,
T_0000099272,bonafide,flac_T/T_0000099272.flac,
T_0000154944,bonafide,flac_T/T_0000154944.flac,
T_0000150649,bonafide,flac_T/T_0000150649.flac,
T_0000160564,bonafide,flac_T/T_0000160564.flac,
T_0000010504,bonafide,flac_T/T_0000010504.flac,
T_0000002497,bonafide,flac_T/T_0000002497.flac,
T_0000171270,bonafide,flac_T/T_0000171270.flac,
T_0000028613,bonafide,flac_T/T_0000028613.flac,
T_0000145639,bonafide,flac_T/T_0000145639.flac,
T_0000020362,bonafide,flac_T/T_0000020362.flac,
T_0000074781,bonafide,flac_T/T_0000074781.flac,
T_0000113589,bonafide,flac_T/T_0000113589.flac,
T_0000112087,bonafide,flac_T/T_0000112087.flac,
T_0000067920,bonafide,flac_T/T_0000067920.flac,
T_0000035605,bonafide,flac_T/T_0000035605.flac,
T_0000179863,bonafide,flac_T/T_0000179863.flac,
T_0000030474,bonafide,flac_T/T_0000030474.flac,
T_0000092115,bonafide,flac_T/T_0000092115.flac,
T_0000023042,bonafide,flac_T/T_0000023042.flac,
T_0000154665,bonafide,flac_T/T_0000154665.flac,
T_0000056467,bonafide,flac_T/T_0000056467.flac,
T_0000024531,bonafide,flac_T/T_0000024531.flac,
T_0000039857,bonafide,flac_T/T_0000039857.flac,
T_0000059412,bonafide,flac_T/T_0000059412.flac,
T_0000087232,bonafide,flac_T/T_0000087232.flac,
T_0000158018,bonafide,flac_T/T_0000158018.flac,
T_0000021706,bonafide,flac_T/T_0000021706.flac,
T_0000032267,bonafide,flac_T/T_0000032267.flac,
T_0000056556,bonafide,flac_T/T_0000056556.flac,
T_0000013718,bonafide,flac_T/T_0000013718.flac,
T_0000127807,bonafide,flac_T/T_0000127807.flac,
T_0000050754,bonafide,flac_T/T_0000050754.flac,
T_0000033534,bonafide,flac_T/T_0000033534.flac,
T_0000008141,bonafide,flac_T/T_0000008141.flac,
T_0000122738,bonafide,flac_T/T_0000122738.flac,
T_0000108562,bonafide,flac_T/T_0000108562.flac,
T_0000044740,bonafide,flac_T/T_0000044740.flac,
T_0000031087,bonafide,flac_T/T_0000031087.flac,
T_0000111302,bonafide,flac_T/T_0000111302.flac,
T_0000015705,bonafide,flac_T/T_0000015705.flac,
T_0000124700,bonafide,flac_T/T_0000124700.flac,
T_0000025990,bonafide,flac_T/T_0000025990.flac,
T_0000048938,bonafide,flac_T/T_0000048938.flac,
T_0000011080,bonafide,flac_T/T_0000011080.flac,
T_0000075977,bonafide,flac_T/T_0000075977.flac,
T_0000026985,bonafide,flac_T/T_0000026985.flac,
T_0000109150,bonafide,flac_T/T_0000109150.flac,
T_0000110389,bonafide,flac_T/T_0000110389.flac,
T_0000176260,bonafide,flac_T/T_0000176260.flac,
T_0000126952,bonafide,flac_T/T_0000126952.flac,
T_0000101899,bonafide,flac_T/T_0000101899.flac,
T_0000000471,bonafide,flac_T/T_0000000471.flac,
T_0000167178,bonafide,flac_T/T_0000167178.flac,
T_0000112181,bonafide,flac_T/T_0000112181.flac,
T_0000067271,bonafide,flac_T/T_0000067271.flac,
T_0000038064,bonafide,flac_T/T_0000038064.flac,
T_0000078150,bonafide,flac_T/T_0000078150.flac,
T_0000066557,bonafide,flac_T/T_0000066557.flac,
T_0000069759,bonafide,flac_T/T_0000069759.flac,
T_0000076302,bonafide,flac_T/T_0000076302.flac,
T_0000123431,bonafide,flac_T/T_0000123431.flac,
T_0000112344,bonafide,flac_T/T_0000112344.flac,
T_0000098819,bonafide,flac_T/T_0000098819.flac,
T_0000005632,bonafide,flac_T/T_0000005632.flac,
T_0000123412,bonafide,flac_T/T_0000123412.flac,
T_0000027549,bonafide,flac_T/T_0000027549.flac,
T_0000058170,bonafide,flac_T/T_0000058170.flac,
T_0000006018,bonafide,flac_T/T_0000006018.flac,
T_0000008844,bonafide,flac_T/T_0000008844.flac,
T_0000036183,bonafide,flac_T/T_0000036183.flac,
T_0000131003,bonafide,flac_T/T_0000131003.flac,
T_0000115620,bonafide,flac_T/T_0000115620.flac,
T_0000102857,bonafide,flac_T/T_0000102857.flac,
T_0000112386,bonafide,flac_T/T_0000112386.flac,
T_0000018254,bonafide,flac_T/T_0000018254.flac,
T_0000110084,bonafide,flac_T/T_0000110084.flac,
T_0000098620,bonafide,flac_T/T_0000098620.flac,
T_0000147125,bonafide,flac_T/T_0000147125.flac,
T_0000015851,bonafide,flac_T/T_0000015851.flac,
T_0000168102,bonafide,flac_T/T_0000168102.flac,
T_0000104141,bonafide,flac_T/T_0000104141.flac,
T_0000037186,bonafide,flac_T/T_0000037186.flac,
T_0000027856,bonafide,flac_T/T_0000027856.flac,
T_0000109773,bonafide,flac_T/T_0000109773.flac,
T_0000094361,bonafide,flac_T/T_0000094361.flac,
T_0000133698,bonafide,flac_T/T_0000133698.flac,
T_0000004504,bonafide,flac_T/T_0000004504.flac,
T_0000129662,bonafide,flac_T/T_0000129662.flac,
T_0000085042,bonafide,flac_T/T_0000085042.flac,
T_0000132335,bonafide,flac_T/T_0000132335.flac,
T_0000020465,bonafide,flac_T/T_0000020465.flac,
T_0000106494,bonafide,flac_T/T_0000106494.flac,
T_0000171785,bonafide,flac_T/T_0000171785.flac,
T_0000071946,bonafide,flac_T/T_0000071946.flac,
T_0000177523,bonafide,flac_T/T_0000177523.flac,
T_0000061086,bonafide,flac_T/T_0000061086.flac,
T_0000162075,bonafide,flac_T/T_0000162075.flac,
T_0000009491,bonafide,flac_T/T_0000009491.flac,
T_0000111280,bonafide,flac_T/T_0000111280.flac,
T_0000026375,bonafide,flac_T/T_0000026375.flac,
T_0000095196,bonafide,flac_T/T_0000095196.flac,
T_0000070917,bonafide,flac_T/T_0000070917.flac,
T_0000111435,bonafide,flac_T/T_0000111435.flac,
T_0000118153,bonafide,flac_T/T_0000118153.flac,
T_0000114294,bonafide,flac_T/T_0000114294.flac,
T_0000128409,bonafide,flac_T/T_0000128409.flac,
T_0000080581,bonafide,flac_T/T_0000080581.flac,
T_0000123753,bonafide,flac_T/T_0000123753.flac,
T_0000093620,bonafide,flac_T/T_0000093620.flac,
T_0000121064,bonafide,flac_T/T_0000121064.flac,
T_0000128737,bonafide,flac_T/T_0000128737.flac,
T_0000068360,bonafide,flac_T/T_0000068360.flac,
T_0000154839,bonafide,flac_T/T_0000154839.flac,
T_0000068584,bonafide,flac_T/T_0000068584.flac,
T_0000026021,bonafide,flac_T/T_0000026021.flac,
T_0000099312,bonafide,flac_T/T_0000099312.flac,
T_0000119763,bonafide,flac_T/T_0000119763.flac,
T_0000032713,bonafide,flac_T/T_0000032713.flac,
T_0000035152,bonafide,flac_T/T_0000035152.flac,
T_0000027336,bonafide,flac_T/T_0000027336.flac,
T_0000110603,bonafide,flac_T/T_0000110603.flac,
T_0000006893,bonafide,flac_T/T_0000006893.flac,
T_0000107141,bonafide,flac_T/T_0000107141.flac,
T_0000013564,bonafide,flac_T/T_0000013564.flac,
T_0000031571,bonafide,flac_T/T_0000031571.flac,
T_0000135447,bonafide,flac_T/T_0000135447.flac,
T_0000149895,bonafide,flac_T/T_0000149895.flac,
T_0000036630,bonafide,flac_T/T_0000036630.flac,
T_0000118961,bonafide,flac_T/T_0000118961.flac,
T_0000001250,bonafide,flac_T/T_0000001250.flac,
T_0000174203,bonafide,flac_T/T_0000174203.flac,
T_0000030944,bonafide,flac_T/T_0000030944.flac,
T_0000143526,bonafide,flac_T/T_0000143526.flac,
T_0000123219,bonafide,flac_T/T_0000123219.flac,
T_0000087809,bonafide,flac_T/T_0000087809.flac,
T_0000079630,bonafide,flac_T/T_0000079630.flac,
T_0000182302,bonafide,flac_T/T_0000182302.flac,
T_0000121524,bonafide,flac_T/T_0000121524.flac,
T_0000004935,bonafide,flac_T/T_0000004935.flac,
T_0000101607,bonafide,flac_T/T_0000101607.flac,
T_0000144934,bonafide,flac_T/T_0000144934.flac,
T_0000090108,bonafide,flac_T/T_0000090108.flac,
T_0000054020,bonafide,flac_T/T_0000054020.flac,
T_0000048580,bonafide,flac_T/T_0000048580.flac,
T_0000167612,bonafide,flac_T/T_0000167612.flac,
T_0000058061,bonafide,flac_T/T_0000058061.flac,
T_0000127145,bonafide,flac_T/T_0000127145.flac,
T_0000013944,bonafide,flac_T/T_0000013944.flac,
T_0000040827,bonafide,flac_T/T_0000040827.flac,
T_0000167441,bonafide,flac_T/T_0000167441.flac,
T_0000113649,bonafide,flac_T/T_0000113649.flac,
T_0000127983,bonafide,flac_T/T_0000127983.flac,
T_0000123272,bonafide,flac_T/T_0000123272.flac,
T_0000100113,bonafide,flac_T/T_0000100113.flac,
T_0000120240,bonafide,flac_T/T_0000120240.flac,
T_0000008611,bonafide,flac_T/T_0000008611.flac,
T_0000150213,bonafide,flac_T/T_0000150213.flac,
T_0000086027,bonafide,flac_T/T_0000086027.flac,
T_0000175358,bonafide,flac_T/T_0000175358.flac,
T_0000168942,bonafide,flac_T/T_0000168942.flac,
T_0000023317,bonafide,flac_T/T_0000023317.flac,
T_0000112000,bonafide,flac_T/T_0000112000.flac,
T_0000072592,bonafide,flac_T/T_0000072592.flac,
T_0000011240,bonafide,flac_T/T_0000011240.flac,
T_0000137020,bonafide,flac_T/T_0000137020.flac,
T_0000055459,bonafide,flac_T/T_0000055459.flac,
T_0000000758,bonafide,flac_T/T_0000000758.flac,
T_0000131527,bonafide,flac_T/T_0000131527.flac,
T_0000029012,bonafide,flac_T/T_0000029012.flac,
T_0000165786,bonafide,flac_T/T_0000165786.flac,
T_0000162344,bonafide,flac_T/T_0000162344.flac,
T_0000178110,bonafide,flac_T/T_0000178110.flac,
T_0000098834,bonafide,flac_T/T_0000098834.flac,
T_0000013527,bonafide,flac_T/T_0000013527.flac,
T_0000104815,bonafide,flac_T/T_0000104815.flac,
T_0000035086,bonafide,flac_T/T_0000035086.flac,
T_0000096758,bonafide,flac_T/T_0000096758.flac,
T_0000113044,bonafide,flac_T/T_0000113044.flac,
T_0000089227,bonafide,flac_T/T_0000089227.flac,
T_0000020434,bonafide,flac_T/T_0000020434.flac,
T_0000096987,bonafide,flac_T/T_0000096987.flac,
T_0000043823,bonafide,flac_T/T_0000043823.flac,
T_0000021337,bonafide,flac_T/T_0000021337.flac,
T_0000014258,bonafide,flac_T/T_0000014258.flac,
T_0000107338,bonafide,flac_T/T_0000107338.flac,
T_0000022338,bonafide,flac_T/T_0000022338.flac,
T_0000128468,bonafide,flac_T/T_0000128468.flac,
T_0000071197,bonafide,flac_T/T_0000071197.flac,
T_0000091326,bonafide,flac_T/T_0000091326.flac,
T_0000114765,bonafide,flac_T/T_0000114765.flac,
T_0000168421,bonafide,flac_T/T_0000168421.flac,
T_0000148573,bonafide,flac_T/T_0000148573.flac,
T_0000086372,bonafide,flac_T/T_0000086372.flac,
T_0000010530,bonafide,flac_T/T_0000010530.flac,
T_0000115429,bonafide,flac_T/T_0000115429.flac,
T_0000134307,bonafide,flac_T/T_0000134307.flac,
T_0000090310,bonafide,flac_T/T_0000090310.flac,
T_0000087111,bonafide,flac_T/T_0000087111.flac,
T_0000023882,bonafide,flac_T/T_0000023882.flac,
T_0000141742,bonafide,flac_T/T_0000141742.flac,
T_0000025985,bonafide,flac_T/T_0000025985.flac,
T_0000100721,bonafide,flac_T/T_0000100721.flac,
T_0000138123,bonafide,flac_T/T_0000138123.flac,
T_0000151381,bonafide,flac_T/T_0000151381.flac,
T_0000058073,bonafide,flac_T/T_0000058073.flac,
T_0000121238,bonafide,flac_T/T_0000121238.flac,
T_0000060092,bonafide,flac_T/T_0000060092.flac,
T_0000018370,bonafide,flac_T/T_0000018370.flac,
T_0000073720,bonafide,flac_T/T_0000073720.flac,
T_0000112475,bonafide,flac_T/T_0000112475.flac,
T_0000116451,bonafide,flac_T/T_0000116451.flac,
T_0000033405,bonafide,flac_T/T_0000033405.flac,
T_0000065080,bonafide,flac_T/T_0000065080.flac,
T_0000006090,bonafide,flac_T/T_0000006090.flac,
T_0000062117,bonafide,flac_T/T_0000062117.flac,
T_0000042140,bonafide,flac_T/T_0000042140.flac,
T_0000067935,bonafide,flac_T/T_0000067935.flac,
T_0000081181,bonafide,flac_T/T_0000081181.flac,
T_0000049262,bonafide,flac_T/T_0000049262.flac,
T_0000016375,bonafide,flac_T/T_0000016375.flac,
T_0000108785,bonafide,flac_T/T_0000108785.flac,
T_0000042946,bonafide,flac_T/T_0000042946.flac,
T_0000169147,bonafide,flac_T/T_0000169147.flac,
T_0000091464,bonafide,flac_T/T_0000091464.flac,
T_0000145930,bonafide,flac_T/T_0000145930.flac,
T_0000126779,bonafide,flac_T/T_0000126779.flac,
T_0000111889,bonafide,flac_T/T_0000111889.flac,
T_0000020896,bonafide,flac_T/T_0000020896.flac,
T_0000138805,bonafide,flac_T/T_0000138805.flac,
T_0000002942,bonafide,flac_T/T_0000002942.flac,
T_0000039699,bonafide,flac_T/T_0000039699.flac,
T_0000085920,bonafide,flac_T/T_0000085920.flac,
T_0000111434,bonafide,flac_T/T_0000111434.flac,
T_0000124717,bonafide,flac_T/T_0000124717.flac,
T_0000073356,bonafide,flac_T/T_0000073356.flac,
T_0000126557,bonafide,flac_T/T_0000126557.flac,
T_0000073539,bonafide,flac_T/T_0000073539.flac,
T_0000126475,bonafide,flac_T/T_0000126475.flac,
T_0000141321,bonafide,flac_T/T_0000141321.flac,
T_0000077108,bonafide,flac_T/T_0000077108.flac,
T_0000108400,bonafide,flac_T/T_0000108400.flac,
T_0000063942,bonafide,flac_T/T_0000063942.flac,
T_0000114258,bonafide,flac_T/T_0000114258.flac,
T_0000161708,bonafide,flac_T/T_0000161708.flac,
T_0000144691,bonafide,flac_T/T_0000144691.flac,
T_0000111031,bonafide,flac_T/T_0000111031.flac,
T_0000125968,bonafide,flac_T/T_0000125968.flac,
T_0000096580,bonafide,flac_T/T_0000096580.flac,
T_0000005663,bonafide,flac_T/T_0000005663.flac,
T_0000009192,bonafide,flac_T/T_0000009192.flac,
T_0000051985,bonafide,flac_T/T_0000051985.flac,
T_0000179602,bonafide,flac_T/T_0000179602.flac,
T_0000148289,bonafide,flac_T/T_0000148289.flac,
T_0000080578,bonafide,flac_T/T_0000080578.flac,
T_0000135956,bonafide,flac_T/T_0000135956.flac,
T_0000028413,bonafide,flac_T/T_0000028413.flac,
T_0000074890,bonafide,flac_T/T_0000074890.flac,
T_0000128118,bonafide,flac_T/T_0000128118.flac,
T_0000005621,bonafide,flac_T/T_0000005621.flac,
T_0000046361,bonafide,flac_T/T_0000046361.flac,
T_0000100097,bonafide,flac_T/T_0000100097.flac,
T_0000098599,bonafide,flac_T/T_0000098599.flac,
T_0000111696,bonafide,flac_T/T_0000111696.flac,
T_0000168315,bonafide,flac_T/T_0000168315.flac,
T_0000140160,bonafide,flac_T/T_0000140160.flac,
T_0000124400,bonafide,flac_T/T_0000124400.flac,
T_0000107576,bonafide,flac_T/T_0000107576.flac,
T_0000017571,bonafide,flac_T/T_0000017571.flac,
T_0000010107,bonafide,flac_T/T_0000010107.flac,
T_0000072057,bonafide,flac_T/T_0000072057.flac,
T_0000082820,bonafide,flac_T/T_0000082820.flac,
T_0000005745,bonafide,flac_T/T_0000005745.flac,
T_0000021066,bonafide,flac_T/T_0000021066.flac,
T_0000049572,bonafide,flac_T/T_0000049572.flac,
T_0000134039,bonafide,flac_T/T_0000134039.flac,
T_0000031343,bonafide,flac_T/T_0000031343.flac,
T_0000104150,bonafide,flac_T/T_0000104150.flac,
T_0000100552,bonafide,flac_T/T_0000100552.flac,
T_0000114337,bonafide,flac_T/T_0000114337.flac,
T_0000081495,bonafide,flac_T/T_0000081495.flac,
T_0000161430,bonafide,flac_T/T_0000161430.flac,
T_0000079213,bonafide,flac_T/T_0000079213.flac,
T_0000145709,bonafide,flac_T/T_0000145709.flac,
T_0000044586,bonafide,flac_T/T_0000044586.flac,
T_0000129984,bonafide,flac_T/T_0000129984.flac,
T_0000161532,bonafide,flac_T/T_0000161532.flac,
T_0000109297,bonafide,flac_T/T_0000109297.flac,
T_0000166208,bonafide,flac_T/T_0000166208.flac,
T_0000164838,bonafide,flac_T/T_0000164838.flac,
T_0000031241,bonafide,flac_T/T_0000031241.flac,
T_0000083487,bonafide,flac_T/T_0000083487.flac,
T_0000159299,bonafide,flac_T/T_0000159299.flac,
T_0000115080,bonafide,flac_T/T_0000115080.flac,
T_0000029835,bonafide,flac_T/T_0000029835.flac,
T_0000025796,bonafide,flac_T/T_0000025796.flac,
T_0000019293,bonafide,flac_T/T_0000019293.flac,
T_0000152701,bonafide,flac_T/T_0000152701.flac,
T_0000077905,bonafide,flac_T/T_0000077905.flac,
T_0000016699,bonafide,flac_T/T_0000016699.flac,
T_0000093730,bonafide,flac_T/T_0000093730.flac,
T_0000056528,bonafide,flac_T/T_0000056528.flac,
T_0000048036,bonafide,flac_T/T_0000048036.flac,
T_0000132929,bonafide,flac_T/T_0000132929.flac,
T_0000123885,bonafide,flac_T/T_0000123885.flac,
T_0000018964,bonafide,flac_T/T_0000018964.flac,
T_0000017724,bonafide,flac_T/T_0000017724.flac,
T_0000004130,bonafide,flac_T/T_0000004130.flac,
T_0000067147,bonafide,flac_T/T_0000067147.flac,
T_0000009451,bonafide,flac_T/T_0000009451.flac,
T_0000106742,bonafide,flac_T/T_0000106742.flac,
T_0000030283,bonafide,flac_T/T_0000030283.flac,
T_0000165340,bonafide,flac_T/T_0000165340.flac,
T_0000174853,bonafide,flac_T/T_0000174853.flac,
T_0000062270,bonafide,flac_T/T_0000062270.flac,
T_0000067399,bonafide,flac_T/T_0000067399.flac,
T_0000076577,bonafide,flac_T/T_0000076577.flac,
T_0000054782,bonafide,flac_T/T_0000054782.flac,
T_0000085422,bonafide,flac_T/T_0000085422.flac,
T_0000148544,bonafide,flac_T/T_0000148544.flac,
T_0000075470,bonafide,flac_T/T_0000075470.flac,
T_0000061179,bonafide,flac_T/T_0000061179.flac,
T_0000176450,bonafide,flac_T/T_0000176450.flac,
T_0000005093,bonafide,flac_T/T_0000005093.flac,
T_0000146907,bonafide,flac_T/T_0000146907.flac,
T_0000166192,bonafide,flac_T/T_0000166192.flac,
T_0000006763,bonafide,flac_T/T_0000006763.flac,
T_0000006052,bonafide,flac_T/T_0000006052.flac,
T_0000129622,bonafide,flac_T/T_0000129622.flac,
T_0000088271,bonafide,flac_T/T_0000088271.flac,
T_0000069528,bonafide,flac_T/T_0000069528.flac,
T_0000099202,bonafide,flac_T/T_0000099202.flac,
T_0000036692,bonafide,flac_T/T_0000036692.flac,
T_0000175056,bonafide,flac_T/T_0000175056.flac,
T_0000119016,bonafide,flac_T/T_0000119016.flac,
T_0000106935,bonafide,flac_T/T_0000106935.flac,
T_0000020748,bonafide,flac_T/T_0000020748.flac,
T_0000159918,bonafide,flac_T/T_0000159918.flac,
T_0000025980,bonafide,flac_T/T_0000025980.flac,
T_0000041354,bonafide,flac_T/T_0000041354.flac,
T_0000010528,bonafide,flac_T/T_0000010528.flac,
T_0000176142,bonafide,flac_T/T_0000176142.flac,
T_0000056761,bonafide,flac_T/T_0000056761.flac,
T_0000147112,bonafide,flac_T/T_0000147112.flac,
T_0000060383,bonafide,flac_T/T_0000060383.flac,
T_0000010864,bonafide,flac_T/T_0000010864.flac,
T_0000095555,bonafide,flac_T/T_0000095555.flac,
T_0000019977,bonafide,flac_T/T_0000019977.flac,
T_0000014604,bonafide,flac_T/T_0000014604.flac,
T_0000098163,bonafide,flac_T/T_0000098163.flac,
T_0000072134,bonafide,flac_T/T_0000072134.flac,
T_0000133568,bonafide,flac_T/T_0000133568.flac,
T_0000056143,bonafide,flac_T/T_0000056143.flac,
T_0000114181,bonafide,flac_T/T_0000114181.flac,
T_0000001730,bonafide,flac_T/T_0000001730.flac,
T_0000169602,bonafide,flac_T/T_0000169602.flac,
T_0000108436,bonafide,flac_T/T_0000108436.flac,
T_0000049617,bonafide,flac_T/T_0000049617.flac,
T_0000163012,bonafide,flac_T/T_0000163012.flac,
T_0000063410,bonafide,flac_T/T_0000063410.flac,
T_0000141046,bonafide,flac_T/T_0000141046.flac,
T_0000095160,bonafide,flac_T/T_0000095160.flac,
T_0000045087,bonafide,flac_T/T_0000045087.flac,
T_0000159745,bonafide,flac_T/T_0000159745.flac,
T_0000092926,bonafide,flac_T/T_0000092926.flac,
T_0000030028,bonafide,flac_T/T_0000030028.flac,
T_0000019583,bonafide,flac_T/T_0000019583.flac,
T_0000100891,bonafide,flac_T/T_0000100891.flac,
T_0000112805,bonafide,flac_T/T_0000112805.flac,
T_0000001646,bonafide,flac_T/T_0000001646.flac,
T_0000020964,bonafide,flac_T/T_0000020964.flac,
T_0000105985,bonafide,flac_T/T_0000105985.flac,
T_0000079196,bonafide,flac_T/T_0000079196.flac,
T_0000104508,bonafide,flac_T/T_0000104508.flac,
T_0000131068,bonafide,flac_T/T_0000131068.flac,
T_0000054196,bonafide,flac_T/T_0000054196.flac,
T_0000152482,bonafide,flac_T/T_0000152482.flac,
T_0000115671,bonafide,flac_T/T_0000115671.flac,
T_0000038671,bonafide,flac_T/T_0000038671.flac,
T_0000106872,bonafide,flac_T/T_0000106872.flac,
T_0000105025,bonafide,flac_T/T_0000105025.flac,
T_0000030795,bonafide,flac_T/T_0000030795.flac,
T_0000020297,bonafide,flac_T/T_0000020297.flac,
T_0000171465,bonafide,flac_T/T_0000171465.flac,
T_0000112257,bonafide,flac_T/T_0000112257.flac,
T_0000132208,bonafide,flac_T/T_0000132208.flac,
T_0000031925,bonafide,flac_T/T_0000031925.flac,
T_0000136259,bonafide,flac_T/T_0000136259.flac,
T_0000096822,bonafide,flac_T/T_0000096822.flac,
T_0000114604,bonafide,flac_T/T_0000114604.flac,
T_0000122037,bonafide,flac_T/T_0000122037.flac,
T_0000012076,bonafide,flac_T/T_0000012076.flac,
T_0000011250,bonafide,flac_T/T_0000011250.flac,
T_0000154461,bonafide,flac_T/T_0000154461.flac,
T_0000003535,bonafide,flac_T/T_0000003535.flac,
T_0000123387,bonafide,flac_T/T_0000123387.flac,
T_0000016198,bonafide,flac_T/T_0000016198.flac,
T_0000122033,bonafide,flac_T/T_0000122033.flac,
T_0000130705,bonafide,flac_T/T_0000130705.flac,
T_0000138283,bonafide,flac_T/T_0000138283.flac,
T_0000133334,bonafide,flac_T/T_0000133334.flac,
T_0000156762,bonafide,flac_T/T_0000156762.flac,
T_0000029438,bonafide,flac_T/T_0000029438.flac,
T_0000102445,bonafide,flac_T/T_0000102445.flac,
T_0000052112,bonafide,flac_T/T_0000052112.flac,
T_0000122197,bonafide,flac_T/T_0000122197.flac,
T_0000038812,bonafide,flac_T/T_0000038812.flac,
T_0000049232,bonafide,flac_T/T_0000049232.flac,
T_0000126392,bonafide,flac_T/T_0000126392.flac,
T_0000039974,bonafide,flac_T/T_0000039974.flac,
T_0000171684,bonafide,flac_T/T_0000171684.flac,
T_0000119602,bonafide,flac_T/T_0000119602.flac,
T_0000093575,bonafide,flac_T/T_0000093575.flac,
T_0000103872,bonafide,flac_T/T_0000103872.flac,
T_0000050929,bonafide,flac_T/T_0000050929.flac,
T_0000144511,bonafide,flac_T/T_0000144511.flac,
T_0000164288,bonafide,flac_T/T_0000164288.flac,
T_0000027602,bonafide,flac_T/T_0000027602.flac,
T_0000104154,bonafide,flac_T/T_0000104154.flac,
T_0000037784,bonafide,flac_T/T_0000037784.flac,
T_0000145576,bonafide,flac_T/T_0000145576.flac,
T_0000031899,bonafide,flac_T/T_0000031899.flac,
T_0000025623,bonafide,flac_T/T_0000025623.flac,
T_0000078412,bonafide,flac_T/T_0000078412.flac,
T_0000180394,bonafide,flac_T/T_0000180394.flac,
T_0000118638,bonafide,flac_T/T_0000118638.flac,
T_0000024423,bonafide,flac_T/T_0000024423.flac,
T_0000112661,bonafide,flac_T/T_0000112661.flac,
T_0000170489,bonafide,flac_T/T_0000170489.flac,
T_0000113262,bonafide,flac_T/T_0000113262.flac,
T_0000024180,bonafide,flac_T/T_0000024180.flac,
T_0000123459,bonafide,flac_T/T_0000123459.flac,
T_0000119243,bonafide,flac_T/T_0000119243.flac,
T_0000031069,bonafide,flac_T/T_0000031069.flac,
T_0000089677,bonafide,flac_T/T_0000089677.flac,
T_0000107867,bonafide,flac_T/T_0000107867.flac,
T_0000158133,bonafide,flac_T/T_0000158133.flac,
T_0000088309,bonafide,flac_T/T_0000088309.flac,
T_0000137679,bonafide,flac_T/T_0000137679.flac,
T_0000021846,bonafide,flac_T/T_0000021846.flac,
T_0000000813,bonafide,flac_T/T_0000000813.flac,
T_0000161356,bonafide,flac_T/T_0000161356.flac,
T_0000019944,bonafide,flac_T/T_0000019944.flac,
T_0000086748,bonafide,flac_T/T_0000086748.flac,
T_0000084932,bonafide,flac_T/T_0000084932.flac,
T_0000035875,bonafide,flac_T/T_0000035875.flac,
T_0000137940,bonafide,flac_T/T_0000137940.flac,
T_0000053901,bonafide,flac_T/T_0000053901.flac,
T_0000008176,bonafide,flac_T/T_0000008176.flac,
T_0000003481,bonafide,flac_T/T_0000003481.flac,
T_0000013074,bonafide,flac_T/T_0000013074.flac,
T_0000135157,bonafide,flac_T/T_0000135157.flac,
T_0000047051,bonafide,flac_T/T_0000047051.flac,
T_0000101447,bonafide,flac_T/T_0000101447.flac,
T_0000101990,bonafide,flac_T/T_0000101990.flac,
T_0000165303,bonafide,flac_T/T_0000165303.flac,
T_0000117649,bonafide,flac_T/T_0000117649.flac,
T_0000113542,bonafide,flac_T/T_0000113542.flac,
T_0000091575,bonafide,flac_T/T_0000091575.flac,
T_0000158639,bonafide,flac_T/T_0000158639.flac,
T_0000065876,bonafide,flac_T/T_0000065876.flac,
T_0000116981,bonafide,flac_T/T_0000116981.flac,
T_0000057084,bonafide,flac_T/T_0000057084.flac,
T_0000052564,bonafide,flac_T/T_0000052564.flac,
T_0000073916,bonafide,flac_T/T_0000073916.flac,
T_0000005676,bonafide,flac_T/T_0000005676.flac,
T_0000003192,bonafide,flac_T/T_0000003192.flac,
T_0000058105,bonafide,flac_T/T_0000058105.flac,
T_0000034184,bonafide,flac_T/T_0000034184.flac,
T_0000024392,bonafide,flac_T/T_0000024392.flac,
T_0000150535,bonafide,flac_T/T_0000150535.flac,
T_0000096661,bonafide,flac_T/T_0000096661.flac,
T_0000051092,bonafide,flac_T/T_0000051092.flac,
T_0000047200,bonafide,flac_T/T_0000047200.flac,
T_0000076666,bonafide,flac_T/T_0000076666.flac,
T_0000132333,bonafide,flac_T/T_0000132333.flac,
T_0000043307,bonafide,flac_T/T_0000043307.flac,
T_0000173396,bonafide,flac_T/T_0000173396.flac,
T_0000109896,bonafide,flac_T/T_0000109896.flac,
T_0000023360,bonafide,flac_T/T_0000023360.flac,
T_0000001777,bonafide,flac_T/T_0000001777.flac,
T_0000095610,bonafide,flac_T/T_0000095610.flac,
T_0000129652,bonafide,flac_T/T_0000129652.flac,
T_0000102131,bonafide,flac_T/T_0000102131.flac,
T_0000133935,bonafide,flac_T/T_0000133935.flac,
T_0000133426,bonafide,flac_T/T_0000133426.flac,
T_0000056615,bonafide,flac_T/T_0000056615.flac,
T_0000010298,bonafide,flac_T/T_0000010298.flac,
T_0000067873,bonafide,flac_T/T_0000067873.flac,
T_0000049675,bonafide,flac_T/T_0000049675.flac,
T_0000114202,bonafide,flac_T/T_0000114202.flac,
T_0000121113,bonafide,flac_T/T_0000121113.flac,
T_0000091469,bonafide,flac_T/T_0000091469.flac,
T_0000100085,bonafide,flac_T/T_0000100085.flac,
T_0000059261,bonafide,flac_T/T_0000059261.flac,
T_0000177426,bonafide,flac_T/T_0000177426.flac,
T_0000098100,bonafide,flac_T/T_0000098100.flac,
T_0000059185,bonafide,flac_T/T_0000059185.flac,
T_0000126362,bonafide,flac_T/T_0000126362.flac,
T_0000080284,bonafide,flac_T/T_0000080284.flac,
T_0000046501,bonafide,flac_T/T_0000046501.flac,
T_0000166554,bonafide,flac_T/T_0000166554.flac,
T_0000086992,bonafide,flac_T/T_0000086992.flac,
T_0000094224,bonafide,flac_T/T_0000094224.flac,
T_0000155399,bonafide,flac_T/T_0000155399.flac,
T_0000160615,bonafide,flac_T/T_0000160615.flac,
T_0000115393,bonafide,flac_T/T_0000115393.flac,
T_0000149308,bonafide,flac_T/T_0000149308.flac,
T_0000071745,bonafide,flac_T/T_0000071745.flac,
T_0000090441,bonafide,flac_T/T_0000090441.flac,
T_0000156780,bonafide,flac_T/T_0000156780.flac,
T_0000069195,bonafide,flac_T/T_0000069195.flac,
T_0000053194,bonafide,flac_T/T_0000053194.flac,
T_0000012786,bonafide,flac_T/T_0000012786.flac,
T_0000090726,bonafide,flac_T/T_0000090726.flac,
T_0000152979,bonafide,flac_T/T_0000152979.flac,
T_0000089828,bonafide,flac_T/T_0000089828.flac,
T_0000146116,bonafide,flac_T/T_0000146116.flac,
T_0000177555,bonafide,flac_T/T_0000177555.flac,
T_0000100460,bonafide,flac_T/T_0000100460.flac,
T_0000105415,bonafide,flac_T/T_0000105415.flac,
T_0000095933,bonafide,flac_T/T_0000095933.flac,
T_0000047337,bonafide,flac_T/T_0000047337.flac,
T_0000078385,bonafide,flac_T/T_0000078385.flac,
T_0000060219,bonafide,flac_T/T_0000060219.flac,
T_0000090517,bonafide,flac_T/T_0000090517.flac,
T_0000158011,bonafide,flac_T/T_0000158011.flac,
T_0000157514,bonafide,flac_T/T_0000157514.flac,
T_0000032999,bonafide,flac_T/T_0000032999.flac,
T_0000118677,bonafide,flac_T/T_0000118677.flac,
T_0000177407,bonafide,flac_T/T_0000177407.flac,
T_0000012280,bonafide,flac_T/T_0000012280.flac,
T_0000043029,bonafide,flac_T/T_0000043029.flac,
T_0000080146,bonafide,flac_T/T_0000080146.flac,
T_0000125476,bonafide,flac_T/T_0000125476.flac,
T_0000017465,bonafide,flac_T/T_0000017465.flac,
T_0000163837,bonafide,flac_T/T_0000163837.flac,
T_0000036678,bonafide,flac_T/T_0000036678.flac,
T_0000035456,bonafide,flac_T/T_0000035456.flac,
T_0000151011,bonafide,flac_T/T_0000151011.flac,
T_0000025385,bonafide,flac_T/T_0000025385.flac,
T_0000090385,bonafide,flac_T/T_0000090385.flac,
T_0000052806,bonafide,flac_T/T_0000052806.flac,
T_0000128223,bonafide,flac_T/T_0000128223.flac,
T_0000040252,bonafide,flac_T/T_0000040252.flac,
T_0000008088,bonafide,flac_T/T_0000008088.flac,
T_0000121229,bonafide,flac_T/T_0000121229.flac,
T_0000029106,bonafide,flac_T/T_0000029106.flac,
T_0000071471,bonafide,flac_T/T_0000071471.flac,
T_0000099717,bonafide,flac_T/T_0000099717.flac,
T_0000065203,bonafide,flac_T/T_0000065203.flac,
T_0000001505,bonafide,flac_T/T_0000001505.flac,
T_0000107563,bonafide,flac_T/T_0000107563.flac,
T_0000028722,bonafide,flac_T/T_0000028722.flac,
T_0000011479,bonafide,flac_T/T_0000011479.flac,
T_0000083836,bonafide,flac_T/T_0000083836.flac,
T_0000129924,bonafide,flac_T/T_0000129924.flac,
T_0000126759,bonafide,flac_T/T_0000126759.flac,
T_0000023962,bonafide,flac_T/T_0000023962.flac,
T_0000006991,bonafide,flac_T/T_0000006991.flac,
T_0000179841,bonafide,flac_T/T_0000179841.flac,
T_0000070039,bonafide,flac_T/T_0000070039.flac,
T_0000036277,bonafide,flac_T/T_0000036277.flac,
T_0000129703,bonafide,flac_T/T_0000129703.flac,
T_0000027438,bonafide,flac_T/T_0000027438.flac,
T_0000006350,bonafide,flac_T/T_0000006350.flac,
T_0000173097,bonafide,flac_T/T_0000173097.flac,
T_0000097472,bonafide,flac_T/T_0000097472.flac,
T_0000073783,bonafide,flac_T/T_0000073783.flac,
T_0000168561,bonafide,flac_T/T_0000168561.flac,
T_0000058579,bonafide,flac_T/T_0000058579.flac,
T_0000019203,bonafide,flac_T/T_0000019203.flac,
T_0000051962,bonafide,flac_T/T_0000051962.flac,
T_0000096556,bonafide,flac_T/T_0000096556.flac,
T_0000162665,bonafide,flac_T/T_0000162665.flac,
T_0000028042,bonafide,flac_T/T_0000028042.flac,
T_0000079542,bonafide,flac_T/T_0000079542.flac,
T_0000087663,bonafide,flac_T/T_0000087663.flac,
T_0000018100,bonafide,flac_T/T_0000018100.flac,
T_0000164970,bonafide,flac_T/T_0000164970.flac,
T_0000015280,bonafide,flac_T/T_0000015280.flac,
T_0000178295,bonafide,flac_T/T_0000178295.flac,
T_0000001896,bonafide,flac_T/T_0000001896.flac,
T_0000123812,bonafide,flac_T/T_0000123812.flac,
T_0000105677,bonafide,flac_T/T_0000105677.flac,
T_0000085970,bonafide,flac_T/T_0000085970.flac,
T_0000114088,bonafide,flac_T/T_0000114088.flac,
T_0000096854,bonafide,flac_T/T_0000096854.flac,
T_0000048265,bonafide,flac_T/T_0000048265.flac,
T_0000063885,bonafide,flac_T/T_0000063885.flac,
T_0000113879,bonafide,flac_T/T_0000113879.flac,
T_0000090976,bonafide,flac_T/T_0000090976.flac,
T_0000041888,bonafide,flac_T/T_0000041888.flac,
T_0000026405,bonafide,flac_T/T_0000026405.flac,
T_0000069793,bonafide,flac_T/T_0000069793.flac,
T_0000065134,bonafide,flac_T/T_0000065134.flac,
T_0000130568,bonafide,flac_T/T_0000130568.flac,
T_0000033300,bonafide,flac_T/T_0000033300.flac,
T_0000080452,bonafide,flac_T/T_0000080452.flac,
T_0000026253,bonafide,flac_T/T_0000026253.flac,
T_0000102362,bonafide,flac_T/T_0000102362.flac,
T_0000171157,bonafide,flac_T/T_0000171157.flac,
T_0000134562,bonafide,flac_T/T_0000134562.flac,
T_0000120947,bonafide,flac_T/T_0000120947.flac,
T_0000121866,bonafide,flac_T/T_0000121866.flac,
T_0000002993,bonafide,flac_T/T_0000002993.flac,
T_0000169245,bonafide,flac_T/T_0000169245.flac,
T_0000103370,bonafide,flac_T/T_0000103370.flac,
T_0000177778,bonafide,flac_T/T_0000177778.flac,
T_0000156041,bonafide,flac_T/T_0000156041.flac,
T_0000163573,bonafide,flac_T/T_0000163573.flac,
T_0000082281,bonafide,flac_T/T_0000082281.flac,
T_0000169566,bonafide,flac_T/T_0000169566.flac,
T_0000077980,bonafide,flac_T/T_0000077980.flac,
T_0000181687,bonafide,flac_T/T_0000181687.flac,
T_0000012556,bonafide,flac_T/T_0000012556.flac,
T_0000007796,bonafide,flac_T/T_0000007796.flac,
T_0000079626,bonafide,flac_T/T_0000079626.flac,
T_0000115149,bonafide,flac_T/T_0000115149.flac,
T_0000130360,bonafide,flac_T/T_0000130360.flac,
T_0000076976,bonafide,flac_T/T_0000076976.flac,
T_0000163319,bonafide,flac_T/T_0000163319.flac,
T_0000021868,bonafide,flac_T/T_0000021868.flac,
T_0000010191,bonafide,flac_T/T_0000010191.flac,
T_0000174221,bonafide,flac_T/T_0000174221.flac,
T_0000011104,bonafide,flac_T/T_0000011104.flac,
T_0000112823,bonafide,flac_T/T_0000112823.flac,
T_0000093671,bonafide,flac_T/T_0000093671.flac,
T_0000010877,bonafide,flac_T/T_0000010877.flac,
T_0000021420,bonafide,flac_T/T_0000021420.flac,
T_0000134949,bonafide,flac_T/T_0000134949.flac,
T_0000081721,bonafide,flac_T/T_0000081721.flac,
T_0000026159,bonafide,flac_T/T_0000026159.flac,
T_0000110065,bonafide,flac_T/T_0000110065.flac,
T_0000093523,bonafide,flac_T/T_0000093523.flac,
T_0000128076,bonafide,flac_T/T_0000128076.flac,
T_0000157459,bonafide,flac_T/T_0000157459.flac,
T_0000084715,bonafide,flac_T/T_0000084715.flac,
T_0000077027,bonafide,flac_T/T_0000077027.flac,
T_0000104087,bonafide,flac_T/T_0000104087.flac,
T_0000003002,bonafide,flac_T/T_0000003002.flac,
T_0000003655,bonafide,flac_T/T_0000003655.flac,
T_0000090951,bonafide,flac_T/T_0000090951.flac,
T_0000159794,bonafide,flac_T/T_0000159794.flac,
T_0000086588,bonafide,flac_T/T_0000086588.flac,
T_0000084151,bonafide,flac_T/T_0000084151.flac,
T_0000007548,bonafide,flac_T/T_0000007548.flac,
T_0000167949,bonafide,flac_T/T_0000167949.flac,
T_0000138586,bonafide,flac_T/T_0000138586.flac,
T_0000092978,bonafide,flac_T/T_0000092978.flac,
T_0000141055,bonafide,flac_T/T_0000141055.flac,
T_0000161076,bonafide,flac_T/T_0000161076.flac,
T_0000051505,bonafide,flac_T/T_0000051505.flac,
T_0000178318,bonafide,flac_T/T_0000178318.flac,
T_0000179415,bonafide,flac_T/T_0000179415.flac,
T_0000023686,bonafide,flac_T/T_0000023686.flac,
T_0000079075,bonafide,flac_T/T_0000079075.flac,
T_0000079065,bonafide,flac_T/T_0000079065.flac,
T_0000087351,bonafide,flac_T/T_0000087351.flac,
T_0000118359,bonafide,flac_T/T_0000118359.flac,
T_0000107807,bonafide,flac_T/T_0000107807.flac,
T_0000005037,bonafide,flac_T/T_0000005037.flac,
T_0000024001,bonafide,flac_T/T_0000024001.flac,
T_0000115150,bonafide,flac_T/T_0000115150.flac,
T_0000102939,bonafide,flac_T/T_0000102939.flac,
T_0000164932,bonafide,flac_T/T_0000164932.flac,
T_0000145149,bonafide,flac_T/T_0000145149.flac,
T_0000018344,bonafide,flac_T/T_0000018344.flac,
T_0000100093,bonafide,flac_T/T_0000100093.flac,
T_0000097238,bonafide,flac_T/T_0000097238.flac,
T_0000029685,bonafide,flac_T/T_0000029685.flac,
T_0000147553,bonafide,flac_T/T_0000147553.flac,
T_0000146064,bonafide,flac_T/T_0000146064.flac,
T_0000042494,bonafide,flac_T/T_0000042494.flac,
T_0000085487,bonafide,flac_T/T_0000085487.flac,
T_0000175090,bonafide,flac_T/T_0000175090.flac,
T_0000177495,bonafide,flac_T/T_0000177495.flac,
T_0000099011,bonafide,flac_T/T_0000099011.flac,
T_0000057432,bonafide,flac_T/T_0000057432.flac,
T_0000068862,bonafide,flac_T/T_0000068862.flac,
T_0000001213,bonafide,flac_T/T_0000001213.flac,
T_0000040343,bonafide,flac_T/T_0000040343.flac,
T_0000181945,bonafide,flac_T/T_0000181945.flac,
T_0000022620,bonafide,flac_T/T_0000022620.flac,
T_0000097139,bonafide,flac_T/T_0000097139.flac,
T_0000161895,bonafide,flac_T/T_0000161895.flac,
T_0000063224,bonafide,flac_T/T_0000063224.flac,
T_0000103477,bonafide,flac_T/T_0000103477.flac,
T_0000130161,bonafide,flac_T/T_0000130161.flac,
T_0000002332,bonafide,flac_T/T_0000002332.flac,
T_0000158576,bonafide,flac_T/T_0000158576.flac,
T_0000176858,bonafide,flac_T/T_0000176858.flac,
T_0000023820,bonafide,flac_T/T_0000023820.flac,
T_0000057487,bonafide,flac_T/T_0000057487.flac,
T_0000000971,bonafide,flac_T/T_0000000971.flac,
T_0000020233,bonafide,flac_T/T_0000020233.flac,
T_0000107335,bonafide,flac_T/T_0000107335.flac,
T_0000161712,bonafide,flac_T/T_0000161712.flac,
T_0000118642,bonafide,flac_T/T_0000118642.flac,
T_0000023391,bonafide,flac_T/T_0000023391.flac,
T_0000033261,bonafide,flac_T/T_0000033261.flac,
T_0000080154,bonafide,flac_T/T_0000080154.flac,
T_0000164042,bonafide,flac_T/T_0000164042.flac,
T_0000029021,bonafide,flac_T/T_0000029021.flac,
T_0000079425,bonafide,flac_T/T_0000079425.flac,
T_0000110092,bonafide,flac_T/T_0000110092.flac,
T_0000146703,bonafide,flac_T/T_0000146703.flac,
T_0000037612,bonafide,flac_T/T_0000037612.flac,
T_0000168025,bonafide,flac_T/T_0000168025.flac,
T_0000011284,bonafide,flac_T/T_0000011284.flac,
T_0000142784,bonafide,flac_T/T_0000142784.flac,
T_0000016339,bonafide,flac_T/T_0000016339.flac,
T_0000006730,bonafide,flac_T/T_0000006730.flac,
T_0000155814,bonafide,flac_T/T_0000155814.flac,
T_0000169130,bonafide,flac_T/T_0000169130.flac,
T_0000167406,bonafide,flac_T/T_0000167406.flac,
T_0000167642,bonafide,flac_T/T_0000167642.flac,
T_0000058409,bonafide,flac_T/T_0000058409.flac,
T_0000066783,bonafide,flac_T/T_0000066783.flac,
T_0000163310,bonafide,flac_T/T_0000163310.flac,
T_0000085423,bonafide,flac_T/T_0000085423.flac,
T_0000013098,bonafide,flac_T/T_0000013098.flac,
T_0000047183,bonafide,flac_T/T_0000047183.flac,
T_0000018603,bonafide,flac_T/T_0000018603.flac,
T_0000168608,bonafide,flac_T/T_0000168608.flac,
T_0000072979,bonafide,flac_T/T_0000072979.flac,
T_0000113695,bonafide,flac_T/T_0000113695.flac,
T_0000080833,bonafide,flac_T/T_0000080833.flac,
T_0000005258,bonafide,flac_T/T_0000005258.flac,
T_0000052705,bonafide,flac_T/T_0000052705.flac,
T_0000041441,bonafide,flac_T/T_0000041441.flac,
T_0000067228,bonafide,flac_T/T_0000067228.flac,
T_0000111500,bonafide,flac_T/T_0000111500.flac,
T_0000040555,bonafide,flac_T/T_0000040555.flac,
T_0000164506,bonafide,flac_T/T_0000164506.flac,
T_0000149404,bonafide,flac_T/T_0000149404.flac,
T_0000140009,bonafide,flac_T/T_0000140009.flac,
T_0000112774,bonafide,flac_T/T_0000112774.flac,
T_0000064004,bonafide,flac_T/T_0000064004.flac,
T_0000015838,bonafide,flac_T/T_0000015838.flac,
T_0000071579,bonafide,flac_T/T_0000071579.flac,
T_0000160331,bonafide,flac_T/T_0000160331.flac,
T_0000071459,bonafide,flac_T/T_0000071459.flac,
T_0000124471,bonafide,flac_T/T_0000124471.flac,
T_0000134545,bonafide,flac_T/T_0000134545.flac,
T_0000120460,bonafide,flac_T/T_0000120460.flac,
T_0000000162,bonafide,flac_T/T_0000000162.flac,
T_0000162480,bonafide,flac_T/T_0000162480.flac,
T_0000079179,bonafide,flac_T/T_0000079179.flac,
T_0000020861,bonafide,flac_T/T_0000020861.flac,
T_0000178700,bonafide,flac_T/T_0000178700.flac,
T_0000025027,bonafide,flac_T/T_0000025027.flac,
T_0000042775,bonafide,flac_T/T_0000042775.flac,
T_0000135054,bonafide,flac_T/T_0000135054.flac,
T_0000056315,bonafide,flac_T/T_0000056315.flac,
T_0000114828,bonafide,flac_T/T_0000114828.flac,
T_0000142201,bonafide,flac_T/T_0000142201.flac,
T_0000065988,bonafide,flac_T/T_0000065988.flac,
T_0000120826,bonafide,flac_T/T_0000120826.flac,
T_0000170234,bonafide,flac_T/T_0000170234.flac,
T_0000077565,bonafide,flac_T/T_0000077565.flac,
T_0000019375,bonafide,flac_T/T_0000019375.flac,
T_0000036886,bonafide,flac_T/T_0000036886.flac,
T_0000109671,bonafide,flac_T/T_0000109671.flac,
T_0000101708,bonafide,flac_T/T_0000101708.flac,
T_0000105757,bonafide,flac_T/T_0000105757.flac,
T_0000000494,bonafide,flac_T/T_0000000494.flac,
T_0000065545,bonafide,flac_T/T_0000065545.flac,
T_0000117055,bonafide,flac_T/T_0000117055.flac,
T_0000123040,bonafide,flac_T/T_0000123040.flac,
T_0000140497,bonafide,flac_T/T_0000140497.flac,
T_0000074368,bonafide,flac_T/T_0000074368.flac,
T_0000069400,bonafide,flac_T/T_0000069400.flac,
T_0000160654,bonafide,flac_T/T_0000160654.flac,
T_0000032976,bonafide,flac_T/T_0000032976.flac,
T_0000167286,bonafide,flac_T/T_0000167286.flac,
T_0000144766,bonafide,flac_T/T_0000144766.flac,
T_0000046709,bonafide,flac_T/T_0000046709.flac,
T_0000075254,bonafide,flac_T/T_0000075254.flac,
T_0000081476,bonafide,flac_T/T_0000081476.flac,
T_0000063149,bonafide,flac_T/T_0000063149.flac,
T_0000050983,bonafide,flac_T/T_0000050983.flac,
T_0000116746,bonafide,flac_T/T_0000116746.flac,
T_0000020589,bonafide,flac_T/T_0000020589.flac,
T_0000058120,bonafide,flac_T/T_0000058120.flac,
T_0000121237,bonafide,flac_T/T_0000121237.flac,
T_0000148281,bonafide,flac_T/T_0000148281.flac,
T_0000085928,bonafide,flac_T/T_0000085928.flac,
T_0000071697,bonafide,flac_T/T_0000071697.flac,
T_0000045415,bonafide,flac_T/T_0000045415.flac,
T_0000037574,bonafide,flac_T/T_0000037574.flac,
T_0000049257,bonafide,flac_T/T_0000049257.flac,
T_0000156237,bonafide,flac_T/T_0000156237.flac,
T_0000142751,bonafide,flac_T/T_0000142751.flac,
T_0000009725,bonafide,flac_T/T_0000009725.flac,
T_0000015317,bonafide,flac_T/T_0000015317.flac,
T_0000016241,bonafide,flac_T/T_0000016241.flac,
T_0000030408,bonafide,flac_T/T_0000030408.flac,
T_0000144310,bonafide,flac_T/T_0000144310.flac,
T_0000131973,bonafide,flac_T/T_0000131973.flac,
T_0000048547,bonafide,flac_T/T_0000048547.flac,
T_0000177393,bonafide,flac_T/T_0000177393.flac,
T_0000022331,bonafide,flac_T/T_0000022331.flac,
T_0000117680,bonafide,flac_T/T_0000117680.flac,
T_0000161829,bonafide,flac_T/T_0000161829.flac,
T_0000010623,bonafide,flac_T/T_0000010623.flac,
T_0000094532,bonafide,flac_T/T_0000094532.flac,
T_0000046380,bonafide,flac_T/T_0000046380.flac,
T_0000105587,bonafide,flac_T/T_0000105587.flac,
T_0000020096,bonafide,flac_T/T_0000020096.flac,
T_0000082298,bonafide,flac_T/T_0000082298.flac,
T_0000020464,bonafide,flac_T/T_0000020464.flac,
T_0000045726,bonafide,flac_T/T_0000045726.flac,
T_0000171818,bonafide,flac_T/T_0000171818.flac,
T_0000100600,bonafide,flac_T/T_0000100600.flac,
T_0000027804,bonafide,flac_T/T_0000027804.flac,
T_0000027390,bonafide,flac_T/T_0000027390.flac,
T_0000071101,bonafide,flac_T/T_0000071101.flac,
T_0000038362,bonafide,flac_T/T_0000038362.flac,
T_0000124001,bonafide,flac_T/T_0000124001.flac,
T_0000133722,bonafide,flac_T/T_0000133722.flac,
T_0000090004,bonafide,flac_T/T_0000090004.flac,
T_0000009669,bonafide,flac_T/T_0000009669.flac,
T_0000128300,bonafide,flac_T/T_0000128300.flac,
T_0000059103,bonafide,flac_T/T_0000059103.flac,
T_0000041506,bonafide,flac_T/T_0000041506.flac,
T_0000040508,bonafide,flac_T/T_0000040508.flac,
T_0000106592,bonafide,flac_T/T_0000106592.flac,
T_0000161276,bonafide,flac_T/T_0000161276.flac,
T_0000157901,bonafide,flac_T/T_0000157901.flac,
T_0000037841,bonafide,flac_T/T_0000037841.flac,
T_0000082593,bonafide,flac_T/T_0000082593.flac,
T_0000129143,bonafide,flac_T/T_0000129143.flac,
T_0000032893,bonafide,flac_T/T_0000032893.flac,
T_0000159830,bonafide,flac_T/T_0000159830.flac,
T_0000050492,bonafide,flac_T/T_0000050492.flac,
T_0000091228,bonafide,flac_T/T_0000091228.flac,
T_0000110701,bonafide,flac_T/T_0000110701.flac,
T_0000115992,bonafide,flac_T/T_0000115992.flac,
T_0000160807,bonafide,flac_T/T_0000160807.flac,
T_0000004085,bonafide,flac_T/T_0000004085.flac,
T_0000044166,bonafide,flac_T/T_0000044166.flac,
T_0000129565,bonafide,flac_T/T_0000129565.flac,
T_0000041245,bonafide,flac_T/T_0000041245.flac,
T_0000103538,bonafide,flac_T/T_0000103538.flac,
T_0000014738,bonafide,flac_T/T_0000014738.flac,
T_0000067397,bonafide,flac_T/T_0000067397.flac,
T_0000014900,bonafide,flac_T/T_0000014900.flac,
T_0000137288,bonafide,flac_T/T_0000137288.flac,
T_0000039806,bonafide,flac_T/T_0000039806.flac,
T_0000072582,bonafide,flac_T/T_0000072582.flac,
T_0000058671,bonafide,flac_T/T_0000058671.flac,
T_0000156444,bonafide,flac_T/T_0000156444.flac,
T_0000017208,bonafide,flac_T/T_0000017208.flac,
T_0000090189,bonafide,flac_T/T_0000090189.flac,
T_0000021395,bonafide,flac_T/T_0000021395.flac,
T_0000068674,bonafide,flac_T/T_0000068674.flac,
T_0000106287,bonafide,flac_T/T_0000106287.flac,
T_0000070207,bonafide,flac_T/T_0000070207.flac,
T_0000120216,bonafide,flac_T/T_0000120216.flac,
T_0000111610,bonafide,flac_T/T_0000111610.flac,
T_0000167507,bonafide,flac_T/T_0000167507.flac,
T_0000109079,bonafide,flac_T/T_0000109079.flac,
T_0000165271,bonafide,flac_T/T_0000165271.flac,
T_0000164083,bonafide,flac_T/T_0000164083.flac,
T_0000057916,bonafide,flac_T/T_0000057916.flac,
T_0000108965,bonafide,flac_T/T_0000108965.flac,
T_0000109114,bonafide,flac_T/T_0000109114.flac,
T_0000038829,bonafide,flac_T/T_0000038829.flac,
T_0000107598,bonafide,flac_T/T_0000107598.flac,
T_0000159846,bonafide,flac_T/T_0000159846.flac,
T_0000119690,bonafide,flac_T/T_0000119690.flac,
T_0000000950,bonafide,flac_T/T_0000000950.flac,
T_0000041481,bonafide,flac_T/T_0000041481.flac,
T_0000091293,bonafide,flac_T/T_0000091293.flac,
T_0000001834,bonafide,flac_T/T_0000001834.flac,
T_0000027065,bonafide,flac_T/T_0000027065.flac,
T_0000181178,bonafide,flac_T/T_0000181178.flac,
T_0000102631,bonafide,flac_T/T_0000102631.flac,
T_0000016273,bonafide,flac_T/T_0000016273.flac,
T_0000165799,bonafide,flac_T/T_0000165799.flac,
T_0000131655,bonafide,flac_T/T_0000131655.flac,
T_0000146276,bonafide,flac_T/T_0000146276.flac,
T_0000045558,bonafide,flac_T/T_0000045558.flac,
T_0000097467,bonafide,flac_T/T_0000097467.flac,
T_0000105308,bonafide,flac_T/T_0000105308.flac,
T_0000129161,bonafide,flac_T/T_0000129161.flac,
T_0000044451,bonafide,flac_T/T_0000044451.flac,
T_0000034464,bonafide,flac_T/T_0000034464.flac,
T_0000164247,bonafide,flac_T/T_0000164247.flac,
T_0000038638,bonafide,flac_T/T_0000038638.flac,
T_0000148871,bonafide,flac_T/T_0000148871.flac,
T_0000111214,bonafide,flac_T/T_0000111214.flac,
T_0000084798,bonafide,flac_T/T_0000084798.flac,
T_0000122572,bonafide,flac_T/T_0000122572.flac,
T_0000060725,bonafide,flac_T/T_0000060725.flac,
T_0000078349,bonafide,flac_T/T_0000078349.flac,
T_0000109457,bonafide,flac_T/T_0000109457.flac,
T_0000073250,bonafide,flac_T/T_0000073250.flac,
T_0000128479,bonafide,flac_T/T_0000128479.flac,
T_0000097787,bonafide,flac_T/T_0000097787.flac,
T_0000072468,bonafide,flac_T/T_0000072468.flac,
T_0000066674,bonafide,flac_T/T_0000066674.flac,
T_0000157967,bonafide,flac_T/T_0000157967.flac,
T_0000057033,bonafide,flac_T/T_0000057033.flac,
T_0000031305,bonafide,flac_T/T_0000031305.flac,
T_0000079752,bonafide,flac_T/T_0000079752.flac,
T_0000026044,bonafide,flac_T/T_0000026044.flac,
T_0000166170,bonafide,flac_T/T_0000166170.flac,
T_0000100608,bonafide,flac_T/T_0000100608.flac,
T_0000116749,bonafide,flac_T/T_0000116749.flac,
T_0000125955,bonafide,flac_T/T_0000125955.flac,
T_0000176123,bonafide,flac_T/T_0000176123.flac,
T_0000148988,bonafide,flac_T/T_0000148988.flac,
T_0000181381,bonafide,flac_T/T_0000181381.flac,
T_0000103968,bonafide,flac_T/T_0000103968.flac,
T_0000082779,bonafide,flac_T/T_0000082779.flac,
T_0000166142,bonafide,flac_T/T_0000166142.flac,
T_0000144476,bonafide,flac_T/T_0000144476.flac,
T_0000017885,bonafide,flac_T/T_0000017885.flac,
T_0000009158,bonafide,flac_T/T_0000009158.flac,
T_0000067093,bonafide,flac_T/T_0000067093.flac,
T_0000100568,bonafide,flac_T/T_0000100568.flac,
T_0000016658,bonafide,flac_T/T_0000016658.flac,
T_0000082764,bonafide,flac_T/T_0000082764.flac,
T_0000015208,bonafide,flac_T/T_0000015208.flac,
T_0000072568,bonafide,flac_T/T_0000072568.flac,
T_0000160073,bonafide,flac_T/T_0000160073.flac,
T_0000156914,bonafide,flac_T/T_0000156914.flac,
T_0000055035,bonafide,flac_T/T_0000055035.flac,
T_0000166344,bonafide,flac_T/T_0000166344.flac,
T_0000158481,bonafide,flac_T/T_0000158481.flac,
T_0000085148,bonafide,flac_T/T_0000085148.flac,
T_0000145808,bonafide,flac_T/T_0000145808.flac,
T_0000128054,bonafide,flac_T/T_0000128054.flac,
T_0000125585,bonafide,flac_T/T_0000125585.flac,
T_0000076538,bonafide,flac_T/T_0000076538.flac,
T_0000019721,bonafide,flac_T/T_0000019721.flac,
T_0000059769,bonafide,flac_T/T_0000059769.flac,
T_0000148149,bonafide,flac_T/T_0000148149.flac,
T_0000010084,bonafide,flac_T/T_0000010084.flac,
T_0000028103,bonafide,flac_T/T_0000028103.flac,
T_0000180141,bonafide,flac_T/T_0000180141.flac,
T_0000120368,bonafide,flac_T/T_0000120368.flac,
T_0000111976,bonafide,flac_T/T_0000111976.flac,
T_0000082347,bonafide,flac_T/T_0000082347.flac,
T_0000059875,bonafide,flac_T/T_0000059875.flac,
T_0000044031,bonafide,flac_T/T_0000044031.flac,
T_0000033310,bonafide,flac_T/T_0000033310.flac,
T_0000154845,bonafide,flac_T/T_0000154845.flac,
T_0000032002,bonafide,flac_T/T_0000032002.flac,
T_0000049528,bonafide,flac_T/T_0000049528.flac,
T_0000110503,bonafide,flac_T/T_0000110503.flac,
T_0000133858,bonafide,flac_T/T_0000133858.flac,
T_0000131843,bonafide,flac_T/T_0000131843.flac,
T_0000045507,bonafide,flac_T/T_0000045507.flac,
T_0000004189,bonafide,flac_T/T_0000004189.flac,
T_0000024533,bonafide,flac_T/T_0000024533.flac,
T_0000010462,bonafide,flac_T/T_0000010462.flac,
T_0000003862,bonafide,flac_T/T_0000003862.flac,
T_0000065519,bonafide,flac_T/T_0000065519.flac,
T_0000022391,bonafide,flac_T/T_0000022391.flac,
T_0000136700,bonafide,flac_T/T_0000136700.flac,
T_0000129388,bonafide,flac_T/T_0000129388.flac,
T_0000101765,bonafide,flac_T/T_0000101765.flac,
T_0000078081,bonafide,flac_T/T_0000078081.flac,
T_0000159973,bonafide,flac_T/T_0000159973.flac,
T_0000080450,bonafide,flac_T/T_0000080450.flac,
T_0000049696,bonafide,flac_T/T_0000049696.flac,
T_0000070493,bonafide,flac_T/T_0000070493.flac,
T_0000094043,bonafide,flac_T/T_0000094043.flac,
T_0000091097,bonafide,flac_T/T_0000091097.flac,
T_0000022577,bonafide,flac_T/T_0000022577.flac,
T_0000175094,bonafide,flac_T/T_0000175094.flac,
T_0000014215,bonafide,flac_T/T_0000014215.flac,
T_0000053636,bonafide,flac_T/T_0000053636.flac,
T_0000151691,bonafide,flac_T/T_0000151691.flac,
T_0000135501,bonafide,flac_T/T_0000135501.flac,
T_0000135755,bonafide,flac_T/T_0000135755.flac,
T_0000072120,bonafide,flac_T/T_0000072120.flac,
T_0000103715,bonafide,flac_T/T_0000103715.flac,
T_0000003732,bonafide,flac_T/T_0000003732.flac,
T_0000119959,bonafide,flac_T/T_0000119959.flac,
T_0000058949,bonafide,flac_T/T_0000058949.flac,
T_0000098813,bonafide,flac_T/T_0000098813.flac,
T_0000050309,bonafide,flac_T/T_0000050309.flac,
T_0000025784,bonafide,flac_T/T_0000025784.flac,
T_0000081050,bonafide,flac_T/T_0000081050.flac,
T_0000148516,bonafide,flac_T/T_0000148516.flac,
T_0000166989,bonafide,flac_T/T_0000166989.flac,
T_0000163133,bonafide,flac_T/T_0000163133.flac,
T_0000067759,bonafide,flac_T/T_0000067759.flac,
T_0000011570,bonafide,flac_T/T_0000011570.flac,
T_0000063010,bonafide,flac_T/T_0000063010.flac,
T_0000156428,bonafide,flac_T/T_0000156428.flac,
T_0000097823,bonafide,flac_T/T_0000097823.flac,
T_0000016262,bonafide,flac_T/T_0000016262.flac,
T_0000180943,bonafide,flac_T/T_0000180943.flac,
T_0000005271,bonafide,flac_T/T_0000005271.flac,
T_0000117920,bonafide,flac_T/T_0000117920.flac,
T_0000049823,bonafide,flac_T/T_0000049823.flac,
T_0000116035,bonafide,flac_T/T_0000116035.flac,
T_0000129625,bonafide,flac_T/T_0000129625.flac,
T_0000091636,bonafide,flac_T/T_0000091636.flac,
T_0000041854,bonafide,flac_T/T_0000041854.flac,
T_0000104993,bonafide,flac_T/T_0000104993.flac,
T_0000073392,bonafide,flac_T/T_0000073392.flac,
T_0000167720,bonafide,flac_T/T_0000167720.flac,
T_0000008060,bonafide,flac_T/T_0000008060.flac,
T_0000014680,bonafide,flac_T/T_0000014680.flac,
T_0000075503,bonafide,flac_T/T_0000075503.flac,
T_0000165076,bonafide,flac_T/T_0000165076.flac,
T_0000109633,bonafide,flac_T/T_0000109633.flac,
T_0000051786,bonafide,flac_T/T_0000051786.flac,
T_0000068049,bonafide,flac_T/T_0000068049.flac,
T_0000167885,bonafide,flac_T/T_0000167885.flac,
T_0000152409,bonafide,flac_T/T_0000152409.flac,
T_0000147778,bonafide,flac_T/T_0000147778.flac,
T_0000057439,bonafide,flac_T/T_0000057439.flac,
T_0000093346,bonafide,flac_T/T_0000093346.flac,
T_0000046130,bonafide,flac_T/T_0000046130.flac,
T_0000103688,bonafide,flac_T/T_0000103688.flac,
T_0000099448,bonafide,flac_T/T_0000099448.flac,
T_0000076140,bonafide,flac_T/T_0000076140.flac,
T_0000015244,bonafide,flac_T/T_0000015244.flac,
T_0000011911,bonafide,flac_T/T_0000011911.flac,
T_0000065330,bonafide,flac_T/T_0000065330.flac,
T_0000041789,bonafide,flac_T/T_0000041789.flac,
T_0000071045,bonafide,flac_T/T_0000071045.flac,
T_0000036455,bonafide,flac_T/T_0000036455.flac,
T_0000031678,bonafide,flac_T/T_0000031678.flac,
T_0000140450,bonafide,flac_T/T_0000140450.flac,
T_0000130729,bonafide,flac_T/T_0000130729.flac,
T_0000150957,bonafide,flac_T/T_0000150957.flac,
T_0000090051,bonafide,flac_T/T_0000090051.flac,
T_0000025630,bonafide,flac_T/T_0000025630.flac,
T_0000090420,bonafide,flac_T/T_0000090420.flac,
T_0000136168,bonafide,flac_T/T_0000136168.flac,
T_0000120867,bonafide,flac_T/T_0000120867.flac,
T_0000054766,bonafide,flac_T/T_0000054766.flac,
T_0000085216,bonafide,flac_T/T_0000085216.flac,
T_0000018635,bonafide,flac_T/T_0000018635.flac,
T_0000157770,bonafide,flac_T/T_0000157770.flac,
T_0000128356,bonafide,flac_T/T_0000128356.flac,
T_0000026330,bonafide,flac_T/T_0000026330.flac,
T_0000013765,bonafide,flac_T/T_0000013765.flac,
T_0000130428,bonafide,flac_T/T_0000130428.flac,
T_0000150743,bonafide,flac_T/T_0000150743.flac,
T_0000153863,bonafide,flac_T/T_0000153863.flac,
T_0000100701,bonafide,flac_T/T_0000100701.flac,
T_0000095014,bonafide,flac_T/T_0000095014.flac,
T_0000063523,bonafide,flac_T/T_0000063523.flac,
T_0000024052,bonafide,flac_T/T_0000024052.flac,
T_0000024743,bonafide,flac_T/T_0000024743.flac,
T_0000007320,bonafide,flac_T/T_0000007320.flac,
T_0000023133,bonafide,flac_T/T_0000023133.flac,
T_0000124057,bonafide,flac_T/T_0000124057.flac,
T_0000052258,bonafide,flac_T/T_0000052258.flac,
T_0000124974,bonafide,flac_T/T_0000124974.flac,
T_0000156023,bonafide,flac_T/T_0000156023.flac,
T_0000177226,bonafide,flac_T/T_0000177226.flac,
T_0000041603,bonafide,flac_T/T_0000041603.flac,
T_0000043247,bonafide,flac_T/T_0000043247.flac,
T_0000169012,bonafide,flac_T/T_0000169012.flac,
T_0000170169,bonafide,flac_T/T_0000170169.flac,
T_0000155245,bonafide,flac_T/T_0000155245.flac,
T_0000178294,bonafide,flac_T/T_0000178294.flac,
T_0000161298,bonafide,flac_T/T_0000161298.flac,
T_0000143144,bonafide,flac_T/T_0000143144.flac,
T_0000141639,bonafide,flac_T/T_0000141639.flac,
T_0000073257,bonafide,flac_T/T_0000073257.flac,
T_0000057911,bonafide,flac_T/T_0000057911.flac,
T_0000131620,bonafide,flac_T/T_0000131620.flac,
T_0000056104,bonafide,flac_T/T_0000056104.flac,
T_0000167957,bonafide,flac_T/T_0000167957.flac,
T_0000085660,bonafide,flac_T/T_0000085660.flac,
T_0000177055,bonafide,flac_T/T_0000177055.flac,
T_0000125601,bonafide,flac_T/T_0000125601.flac,
T_0000059403,bonafide,flac_T/T_0000059403.flac,
T_0000166360,bonafide,flac_T/T_0000166360.flac,
T_0000033402,bonafide,flac_T/T_0000033402.flac,
T_0000083820,bonafide,flac_T/T_0000083820.flac,
T_0000051191,bonafide,flac_T/T_0000051191.flac,
T_0000086994,bonafide,flac_T/T_0000086994.flac,
T_0000050080,bonafide,flac_T/T_0000050080.flac,
T_0000104663,bonafide,flac_T/T_0000104663.flac,
T_0000065906,bonafide,flac_T/T_0000065906.flac,
T_0000030088,bonafide,flac_T/T_0000030088.flac,
T_0000153655,bonafide,flac_T/T_0000153655.flac,
T_0000029909,bonafide,flac_T/T_0000029909.flac,
T_0000142508,bonafide,flac_T/T_0000142508.flac,
T_0000169608,bonafide,flac_T/T_0000169608.flac,
T_0000056085,bonafide,flac_T/T_0000056085.flac,
T_0000142218,bonafide,flac_T/T_0000142218.flac,
T_0000164357,bonafide,flac_T/T_0000164357.flac,
T_0000090170,bonafide,flac_T/T_0000090170.flac,
T_0000045529,bonafide,flac_T/T_0000045529.flac,
T_0000114229,bonafide,flac_T/T_0000114229.flac,
T_0000066923,bonafide,flac_T/T_0000066923.flac,
T_0000047068,bonafide,flac_T/T_0000047068.flac,
T_0000032656,bonafide,flac_T/T_0000032656.flac,
T_0000159786,bonafide,flac_T/T_0000159786.flac,
T_0000020376,bonafide,flac_T/T_0000020376.flac,
T_0000181171,bonafide,flac_T/T_0000181171.flac,
T_0000033416,bonafide,flac_T/T_0000033416.flac,
T_0000092633,bonafide,flac_T/T_0000092633.flac,
T_0000105839,bonafide,flac_T/T_0000105839.flac,
T_0000013166,bonafide,flac_T/T_0000013166.flac,
T_0000158915,bonafide,flac_T/T_0000158915.flac,
T_0000156538,bonafide,flac_T/T_0000156538.flac,
T_0000056599,bonafide,flac_T/T_0000056599.flac,
T_0000008944,bonafide,flac_T/T_0000008944.flac,
T_0000150445,bonafide,flac_T/T_0000150445.flac,
T_0000161234,bonafide,flac_T/T_0000161234.flac,
T_0000141856,bonafide,flac_T/T_0000141856.flac,
T_0000151577,bonafide,flac_T/T_0000151577.flac,
T_0000160746,bonafide,flac_T/T_0000160746.flac,
T_0000180354,bonafide,flac_T/T_0000180354.flac,
T_0000021013,bonafide,flac_T/T_0000021013.flac,
T_0000129453,bonafide,flac_T/T_0000129453.flac,
T_0000147958,bonafide,flac_T/T_0000147958.flac,
T_0000059930,bonafide,flac_T/T_0000059930.flac,
T_0000020689,bonafide,flac_T/T_0000020689.flac,
T_0000082833,bonafide,flac_T/T_0000082833.flac,
T_0000028937,bonafide,flac_T/T_0000028937.flac,
T_0000036429,bonafide,flac_T/T_0000036429.flac,
T_0000031233,bonafide,flac_T/T_0000031233.flac,
T_0000109987,bonafide,flac_T/T_0000109987.flac,
T_0000026757,bonafide,flac_T/T_0000026757.flac,
T_0000162203,bonafide,flac_T/T_0000162203.flac,
T_0000096020,bonafide,flac_T/T_0000096020.flac,
T_0000012935,bonafide,flac_T/T_0000012935.flac,
T_0000033752,bonafide,flac_T/T_0000033752.flac,
T_0000125237,bonafide,flac_T/T_0000125237.flac,
T_0000035136,bonafide,flac_T/T_0000035136.flac,
T_0000078732,bonafide,flac_T/T_0000078732.flac,
T_0000179531,bonafide,flac_T/T_0000179531.flac,
T_0000097603,bonafide,flac_T/T_0000097603.flac,
T_0000147662,bonafide,flac_T/T_0000147662.flac,
T_0000034323,bonafide,flac_T/T_0000034323.flac,
T_0000106585,bonafide,flac_T/T_0000106585.flac,
T_0000124950,bonafide,flac_T/T_0000124950.flac,
T_0000134078,bonafide,flac_T/T_0000134078.flac,
T_0000025291,bonafide,flac_T/T_0000025291.flac,
T_0000014075,bonafide,flac_T/T_0000014075.flac,
T_0000133940,bonafide,flac_T/T_0000133940.flac,
T_0000041724,bonafide,flac_T/T_0000041724.flac,
T_0000091186,bonafide,flac_T/T_0000091186.flac,
T_0000105102,bonafide,flac_T/T_0000105102.flac,
T_0000115406,bonafide,flac_T/T_0000115406.flac,
T_0000091839,bonafide,flac_T/T_0000091839.flac,
T_0000030032,bonafide,flac_T/T_0000030032.flac,
T_0000159116,bonafide,flac_T/T_0000159116.flac,
T_0000078874,bonafide,flac_T/T_0000078874.flac,
T_0000124068,bonafide,flac_T/T_0000124068.flac,
T_0000028414,bonafide,flac_T/T_0000028414.flac,
T_0000011031,bonafide,flac_T/T_0000011031.flac,
T_0000118643,bonafide,flac_T/T_0000118643.flac,
T_0000134519,bonafide,flac_T/T_0000134519.flac,
T_0000141489,bonafide,flac_T/T_0000141489.flac,
T_0000111693,bonafide,flac_T/T_0000111693.flac,
T_0000044077,bonafide,flac_T/T_0000044077.flac,
T_0000098587,bonafide,flac_T/T_0000098587.flac,
T_0000163576,bonafide,flac_T/T_0000163576.flac,
T_0000120046,bonafide,flac_T/T_0000120046.flac,
T_0000091351,bonafide,flac_T/T_0000091351.flac,
T_0000000640,bonafide,flac_T/T_0000000640.flac,
T_0000026164,bonafide,flac_T/T_0000026164.flac,
T_0000128029,bonafide,flac_T/T_0000128029.flac,
T_0000076974,bonafide,flac_T/T_0000076974.flac,
T_0000139389,bonafide,flac_T/T_0000139389.flac,
T_0000114976,bonafide,flac_T/T_0000114976.flac,
T_0000075305,bonafide,flac_T/T_0000075305.flac,
T_0000092070,bonafide,flac_T/T_0000092070.flac,
T_0000006766,bonafide,flac_T/T_0000006766.flac,
T_0000058164,bonafide,flac_T/T_0000058164.flac,
T_0000078929,bonafide,flac_T/T_0000078929.flac,
T_0000100290,bonafide,flac_T/T_0000100290.flac,
T_0000060637,bonafide,flac_T/T_0000060637.flac,
T_0000059639,bonafide,flac_T/T_0000059639.flac,
T_0000101219,bonafide,flac_T/T_0000101219.flac,
T_0000050980,bonafide,flac_T/T_0000050980.flac,
T_0000077236,bonafide,flac_T/T_0000077236.flac,
T_0000172203,bonafide,flac_T/T_0000172203.flac,
T_0000011407,bonafide,flac_T/T_0000011407.flac,
T_0000029801,bonafide,flac_T/T_0000029801.flac,
T_0000022541,bonafide,flac_T/T_0000022541.flac,
T_0000104882,bonafide,flac_T/T_0000104882.flac,
T_0000045404,bonafide,flac_T/T_0000045404.flac,
T_0000083339,bonafide,flac_T/T_0000083339.flac,
T_0000072220,bonafide,flac_T/T_0000072220.flac,
T_0000154545,bonafide,flac_T/T_0000154545.flac,
T_0000035571,bonafide,flac_T/T_0000035571.flac,
T_0000009955,bonafide,flac_T/T_0000009955.flac,
T_0000065657,bonafide,flac_T/T_0000065657.flac,
T_0000080221,bonafide,flac_T/T_0000080221.flac,
T_0000152128,bonafide,flac_T/T_0000152128.flac,
T_0000054021,bonafide,flac_T/T_0000054021.flac,
T_0000143377,bonafide,flac_T/T_0000143377.flac,
T_0000122134,bonafide,flac_T/T_0000122134.flac,
T_0000140702,bonafide,flac_T/T_0000140702.flac,
T_0000001654,bonafide,flac_T/T_0000001654.flac,
T_0000017535,bonafide,flac_T/T_0000017535.flac,
T_0000142125,bonafide,flac_T/T_0000142125.flac,
T_0000018249,bonafide,flac_T/T_0000018249.flac,
T_0000118707,bonafide,flac_T/T_0000118707.flac,
T_0000076291,bonafide,flac_T/T_0000076291.flac,
T_0000164159,bonafide,flac_T/T_0000164159.flac,
T_0000086153,bonafide,flac_T/T_0000086153.flac,
T_0000170219,bonafide,flac_T/T_0000170219.flac,
T_0000127134,bonafide,flac_T/T_0000127134.flac,
T_0000134546,bonafide,flac_T/T_0000134546.flac,
T_0000033930,bonafide,flac_T/T_0000033930.flac,
T_0000123554,bonafide,flac_T/T_0000123554.flac,
T_0000080218,bonafide,flac_T/T_0000080218.flac,
T_0000055979,bonafide,flac_T/T_0000055979.flac,
T_0000119308,bonafide,flac_T/T_0000119308.flac,
T_0000171035,bonafide,flac_T/T_0000171035.flac,
T_0000117998,bonafide,flac_T/T_0000117998.flac,
T_0000018065,bonafide,flac_T/T_0000018065.flac,
T_0000070890,bonafide,flac_T/T_0000070890.flac,
T_0000069191,bonafide,flac_T/T_0000069191.flac,
T_0000108624,bonafide,flac_T/T_0000108624.flac,
T_0000117662,bonafide,flac_T/T_0000117662.flac,
T_0000166855,bonafide,flac_T/T_0000166855.flac,
T_0000033266,bonafide,flac_T/T_0000033266.flac,
T_0000077186,bonafide,flac_T/T_0000077186.flac,
T_0000026320,bonafide,flac_T/T_0000026320.flac,
T_0000159107,bonafide,flac_T/T_0000159107.flac,
T_0000177417,bonafide,flac_T/T_0000177417.flac,
T_0000092622,bonafide,flac_T/T_0000092622.flac,
T_0000054424,bonafide,flac_T/T_0000054424.flac,
T_0000030019,bonafide,flac_T/T_0000030019.flac,
T_0000148022,bonafide,flac_T/T_0000148022.flac,
T_0000106897,bonafide,flac_T/T_0000106897.flac,
T_0000056504,bonafide,flac_T/T_0000056504.flac,
T_0000037553,bonafide,flac_T/T_0000037553.flac,
T_0000049554,bonafide,flac_T/T_0000049554.flac,
T_0000179374,bonafide,flac_T/T_0000179374.flac,
T_0000061555,bonafide,flac_T/T_0000061555.flac,
T_0000115777,bonafide,flac_T/T_0000115777.flac,
T_0000018141,bonafide,flac_T/T_0000018141.flac,
T_0000133369,bonafide,flac_T/T_0000133369.flac,
T_0000043345,bonafide,flac_T/T_0000043345.flac,
T_0000099968,bonafide,flac_T/T_0000099968.flac,
T_0000180654,bonafide,flac_T/T_0000180654.flac,
T_0000108304,bonafide,flac_T/T_0000108304.flac,
T_0000130055,bonafide,flac_T/T_0000130055.flac,
T_0000129656,bonafide,flac_T/T_0000129656.flac,
T_0000124014,bonafide,flac_T/T_0000124014.flac,
T_0000053765,bonafide,flac_T/T_0000053765.flac,
T_0000013930,bonafide,flac_T/T_0000013930.flac,
T_0000142521,bonafide,flac_T/T_0000142521.flac,
T_0000048062,bonafide,flac_T/T_0000048062.flac,
T_0000133746,bonafide,flac_T/T_0000133746.flac,
T_0000069239,bonafide,flac_T/T_0000069239.flac,
T_0000102113,bonafide,flac_T/T_0000102113.flac,
T_0000042947,bonafide,flac_T/T_0000042947.flac,
T_0000080434,bonafide,flac_T/T_0000080434.flac,
T_0000023214,bonafide,flac_T/T_0000023214.flac,
T_0000105520,bonafide,flac_T/T_0000105520.flac,
T_0000139992,bonafide,flac_T/T_0000139992.flac,
T_0000069033,bonafide,flac_T/T_0000069033.flac,
T_0000031424,bonafide,flac_T/T_0000031424.flac,
T_0000175874,bonafide,flac_T/T_0000175874.flac,
T_0000050706,bonafide,flac_T/T_0000050706.flac,
T_0000099358,bonafide,flac_T/T_0000099358.flac,
T_0000056100,bonafide,flac_T/T_0000056100.flac,
T_0000065713,bonafide,flac_T/T_0000065713.flac,
T_0000003653,bonafide,flac_T/T_0000003653.flac,
T_0000038107,bonafide,flac_T/T_0000038107.flac,
T_0000114853,bonafide,flac_T/T_0000114853.flac,
T_0000149791,bonafide,flac_T/T_0000149791.flac,
T_0000162292,bonafide,flac_T/T_0000162292.flac,
T_0000030313,bonafide,flac_T/T_0000030313.flac,
T_0000151891,bonafide,flac_T/T_0000151891.flac,
T_0000065835,bonafide,flac_T/T_0000065835.flac,
T_0000022400,bonafide,flac_T/T_0000022400.flac,
T_0000069689,bonafide,flac_T/T_0000069689.flac,
T_0000036938,bonafide,flac_T/T_0000036938.flac,
T_0000067599,bonafide,flac_T/T_0000067599.flac,
T_0000094920,bonafide,flac_T/T_0000094920.flac,
T_0000176233,bonafide,flac_T/T_0000176233.flac,
T_0000081325,bonafide,flac_T/T_0000081325.flac,
T_0000083372,bonafide,flac_T/T_0000083372.flac,
T_0000177344,bonafide,flac_T/T_0000177344.flac,
T_0000152584,bonafide,flac_T/T_0000152584.flac,
T_0000137849,bonafide,flac_T/T_0000137849.flac,
T_0000090794,bonafide,flac_T/T_0000090794.flac,
T_0000015614,bonafide,flac_T/T_0000015614.flac,
T_0000044180,bonafide,flac_T/T_0000044180.flac,
T_0000024540,bonafide,flac_T/T_0000024540.flac,
T_0000082554,bonafide,flac_T/T_0000082554.flac,
T_0000058672,bonafide,flac_T/T_0000058672.flac,
T_0000109083,bonafide,flac_T/T_0000109083.flac,
T_0000161437,bonafide,flac_T/T_0000161437.flac,
T_0000043855,bonafide,flac_T/T_0000043855.flac,
T_0000106603,bonafide,flac_T/T_0000106603.flac,
T_0000072640,bonafide,flac_T/T_0000072640.flac,
T_0000172294,bonafide,flac_T/T_0000172294.flac,
T_0000048961,bonafide,flac_T/T_0000048961.flac,
T_0000097204,bonafide,flac_T/T_0000097204.flac,
T_0000172219,bonafide,flac_T/T_0000172219.flac,
T_0000144782,bonafide,flac_T/T_0000144782.flac,
T_0000122530,bonafide,flac_T/T_0000122530.flac,
T_0000078523,bonafide,flac_T/T_0000078523.flac,
T_0000161109,bonafide,flac_T/T_0000161109.flac,
T_0000071805,bonafide,flac_T/T_0000071805.flac,
T_0000014742,bonafide,flac_T/T_0000014742.flac,
T_0000162030,bonafide,flac_T/T_0000162030.flac,
T_0000130792,bonafide,flac_T/T_0000130792.flac,
T_0000117260,bonafide,flac_T/T_0000117260.flac,
T_0000093573,bonafide,flac_T/T_0000093573.flac,
T_0000049920,bonafide,flac_T/T_0000049920.flac,
T_0000108589,bonafide,flac_T/T_0000108589.flac,
T_0000098821,bonafide,flac_T/T_0000098821.flac,
T_0000056303,bonafide,flac_T/T_0000056303.flac,
T_0000084702,bonafide,flac_T/T_0000084702.flac,
T_0000146604,bonafide,flac_T/T_0000146604.flac,
T_0000044113,bonafide,flac_T/T_0000044113.flac,
T_0000039911,bonafide,flac_T/T_0000039911.flac,
T_0000059733,bonafide,flac_T/T_0000059733.flac,
T_0000024181,bonafide,flac_T/T_0000024181.flac,
T_0000031811,bonafide,flac_T/T_0000031811.flac,
T_0000162189,bonafide,flac_T/T_0000162189.flac,
T_0000052868,bonafide,flac_T/T_0000052868.flac,
T_0000078709,bonafide,flac_T/T_0000078709.flac,
T_0000032522,bonafide,flac_T/T_0000032522.flac,
T_0000059480,bonafide,flac_T/T_0000059480.flac,
T_0000167527,bonafide,flac_T/T_0000167527.flac,
T_0000082416,bonafide,flac_T/T_0000082416.flac,
T_0000064688,bonafide,flac_T/T_0000064688.flac,
T_0000140893,bonafide,flac_T/T_0000140893.flac,
T_0000129147,bonafide,flac_T/T_0000129147.flac,
T_0000057609,bonafide,flac_T/T_0000057609.flac,
T_0000140014,bonafide,flac_T/T_0000140014.flac,
T_0000170373,bonafide,flac_T/T_0000170373.flac,
T_0000059894,bonafide,flac_T/T_0000059894.flac,
T_0000040994,bonafide,flac_T/T_0000040994.flac,
T_0000055016,bonafide,flac_T/T_0000055016.flac,
T_0000135947,bonafide,flac_T/T_0000135947.flac,
T_0000105103,bonafide,flac_T/T_0000105103.flac,
T_0000139502,bonafide,flac_T/T_0000139502.flac,
T_0000009810,bonafide,flac_T/T_0000009810.flac,
T_0000062279,bonafide,flac_T/T_0000062279.flac,
T_0000176935,bonafide,flac_T/T_0000176935.flac,
T_0000112651,bonafide,flac_T/T_0000112651.flac,
T_0000021801,bonafide,flac_T/T_0000021801.flac,
T_0000129861,bonafide,flac_T/T_0000129861.flac,
T_0000018687,bonafide,flac_T/T_0000018687.flac,
T_0000179391,bonafide,flac_T/T_0000179391.flac,
T_0000147572,bonafide,flac_T/T_0000147572.flac,
T_0000102889,bonafide,flac_T/T_0000102889.flac,
T_0000000405,bonafide,flac_T/T_0000000405.flac,
T_0000134552,bonafide,flac_T/T_0000134552.flac,
T_0000091812,bonafide,flac_T/T_0000091812.flac,
T_0000154926,bonafide,flac_T/T_0000154926.flac,
T_0000151125,bonafide,flac_T/T_0000151125.flac,
T_0000005724,bonafide,flac_T/T_0000005724.flac,
T_0000060406,bonafide,flac_T/T_0000060406.flac,
T_0000096796,bonafide,flac_T/T_0000096796.flac,
T_0000086728,bonafide,flac_T/T_0000086728.flac,
T_0000033966,bonafide,flac_T/T_0000033966.flac,
T_0000086675,bonafide,flac_T/T_0000086675.flac,
T_0000062823,bonafide,flac_T/T_0000062823.flac,
T_0000072671,bonafide,flac_T/T_0000072671.flac,
T_0000075648,bonafide,flac_T/T_0000075648.flac,
T_0000093527,bonafide,flac_T/T_0000093527.flac,
T_0000041427,bonafide,flac_T/T_0000041427.flac,
T_0000064456,bonafide,flac_T/T_0000064456.flac,
T_0000000021,bonafide,flac_T/T_0000000021.flac,
T_0000126256,bonafide,flac_T/T_0000126256.flac,
T_0000042940,bonafide,flac_T/T_0000042940.flac,
T_0000021259,bonafide,flac_T/T_0000021259.flac,
T_0000077902,bonafide,flac_T/T_0000077902.flac,
T_0000088555,bonafide,flac_T/T_0000088555.flac,
T_0000024720,bonafide,flac_T/T_0000024720.flac,
T_0000032513,bonafide,flac_T/T_0000032513.flac,
T_0000060999,bonafide,flac_T/T_0000060999.flac,
T_0000030133,bonafide,flac_T/T_0000030133.flac,
T_0000108880,bonafide,flac_T/T_0000108880.flac,
T_0000021254,bonafide,flac_T/T_0000021254.flac,
T_0000103613,bonafide,flac_T/T_0000103613.flac,
T_0000038253,bonafide,flac_T/T_0000038253.flac,
T_0000156989,bonafide,flac_T/T_0000156989.flac,
T_0000166672,bonafide,flac_T/T_0000166672.flac,
T_0000057816,bonafide,flac_T/T_0000057816.flac,
T_0000111858,bonafide,flac_T/T_0000111858.flac,
T_0000024883,bonafide,flac_T/T_0000024883.flac,
T_0000001790,bonafide,flac_T/T_0000001790.flac,
T_0000171484,bonafide,flac_T/T_0000171484.flac,
T_0000116739,bonafide,flac_T/T_0000116739.flac,
T_0000057066,bonafide,flac_T/T_0000057066.flac,
T_0000089057,bonafide,flac_T/T_0000089057.flac,
T_0000138910,bonafide,flac_T/T_0000138910.flac,
T_0000137127,bonafide,flac_T/T_0000137127.flac,
T_0000173707,bonafide,flac_T/T_0000173707.flac,
T_0000043894,bonafide,flac_T/T_0000043894.flac,
T_0000151856,bonafide,flac_T/T_0000151856.flac,
T_0000110260,bonafide,flac_T/T_0000110260.flac,
T_0000080994,bonafide,flac_T/T_0000080994.flac,
T_0000173245,bonafide,flac_T/T_0000173245.flac,
T_0000176139,bonafide,flac_T/T_0000176139.flac,
T_0000139351,bonafide,flac_T/T_0000139351.flac,
T_0000088544,bonafide,flac_T/T_0000088544.flac,
T_0000022562,bonafide,flac_T/T_0000022562.flac,
T_0000010093,bonafide,flac_T/T_0000010093.flac,
T_0000157671,bonafide,flac_T/T_0000157671.flac,
T_0000038418,bonafide,flac_T/T_0000038418.flac,
T_0000005714,bonafide,flac_T/T_0000005714.flac,
T_0000008915,bonafide,flac_T/T_0000008915.flac,
T_0000114934,bonafide,flac_T/T_0000114934.flac,
T_0000011828,bonafide,flac_T/T_0000011828.flac,
T_0000018783,bonafide,flac_T/T_0000018783.flac,
T_0000017833,bonafide,flac_T/T_0000017833.flac,
T_0000083713,bonafide,flac_T/T_0000083713.flac,
T_0000147570,bonafide,flac_T/T_0000147570.flac,
T_0000116070,bonafide,flac_T/T_0000116070.flac,
T_0000171892,bonafide,flac_T/T_0000171892.flac,
T_0000140927,bonafide,flac_T/T_0000140927.flac,
T_0000097141,bonafide,flac_T/T_0000097141.flac,
T_0000091314,bonafide,flac_T/T_0000091314.flac,
T_0000057563,bonafide,flac_T/T_0000057563.flac,
T_0000114170,bonafide,flac_T/T_0000114170.flac,
T_0000025252,bonafide,flac_T/T_0000025252.flac,
T_0000071414,bonafide,flac_T/T_0000071414.flac,
T_0000142930,bonafide,flac_T/T_0000142930.flac,
T_0000120391,bonafide,flac_T/T_0000120391.flac,
T_0000044257,bonafide,flac_T/T_0000044257.flac,
T_0000167896,bonafide,flac_T/T_0000167896.flac,
T_0000094996,bonafide,flac_T/T_0000094996.flac,
T_0000120490,bonafide,flac_T/T_0000120490.flac,
T_0000030494,bonafide,flac_T/T_0000030494.flac,
T_0000098376,bonafide,flac_T/T_0000098376.flac,
T_0000131912,bonafide,flac_T/T_0000131912.flac,
T_0000090345,bonafide,flac_T/T_0000090345.flac,
T_0000095436,bonafide,flac_T/T_0000095436.flac,
T_0000008662,bonafide,flac_T/T_0000008662.flac,
T_0000013025,bonafide,flac_T/T_0000013025.flac,
T_0000115570,bonafide,flac_T/T_0000115570.flac,
T_0000111709,bonafide,flac_T/T_0000111709.flac,
T_0000054793,bonafide,flac_T/T_0000054793.flac,
T_0000150899,bonafide,flac_T/T_0000150899.flac,
T_0000078419,bonafide,flac_T/T_0000078419.flac,
T_0000067273,bonafide,flac_T/T_0000067273.flac,
T_0000182237,bonafide,flac_T/T_0000182237.flac,
T_0000117638,bonafide,flac_T/T_0000117638.flac,
T_0000071310,bonafide,flac_T/T_0000071310.flac,
T_0000074763,bonafide,flac_T/T_0000074763.flac,
T_0000106808,bonafide,flac_T/T_0000106808.flac,
T_0000008460,bonafide,flac_T/T_0000008460.flac,
T_0000174864,bonafide,flac_T/T_0000174864.flac,
T_0000064999,bonafide,flac_T/T_0000064999.flac,
T_0000055043,bonafide,flac_T/T_0000055043.flac,
T_0000175435,bonafide,flac_T/T_0000175435.flac,
T_0000126163,bonafide,flac_T/T_0000126163.flac,
T_0000114121,bonafide,flac_T/T_0000114121.flac,
T_0000054048,bonafide,flac_T/T_0000054048.flac,
T_0000131764,bonafide,flac_T/T_0000131764.flac,
T_0000088231,bonafide,flac_T/T_0000088231.flac,
T_0000128491,bonafide,flac_T/T_0000128491.flac,
T_0000086676,bonafide,flac_T/T_0000086676.flac,
T_0000028461,bonafide,flac_T/T_0000028461.flac,
T_0000021746,bonafide,flac_T/T_0000021746.flac,
T_0000006176,bonafide,flac_T/T_0000006176.flac,
T_0000170737,bonafide,flac_T/T_0000170737.flac,
T_0000017988,bonafide,flac_T/T_0000017988.flac,
T_0000172326,bonafide,flac_T/T_0000172326.flac,
T_0000007195,bonafide,flac_T/T_0000007195.flac,
T_0000028499,bonafide,flac_T/T_0000028499.flac,
T_0000078792,bonafide,flac_T/T_0000078792.flac,
T_0000081665,bonafide,flac_T/T_0000081665.flac,
T_0000027162,bonafide,flac_T/T_0000027162.flac,
T_0000180597,bonafide,flac_T/T_0000180597.flac,
T_0000077702,bonafide,flac_T/T_0000077702.flac,
T_0000063685,bonafide,flac_T/T_0000063685.flac,
T_0000025177,bonafide,flac_T/T_0000025177.flac,
T_0000160507,bonafide,flac_T/T_0000160507.flac,
T_0000094444,bonafide,flac_T/T_0000094444.flac,
T_0000139729,bonafide,flac_T/T_0000139729.flac,
T_0000069365,bonafide,flac_T/T_0000069365.flac,
T_0000106815,bonafide,flac_T/T_0000106815.flac,
T_0000052430,bonafide,flac_T/T_0000052430.flac,
T_0000130081,bonafide,flac_T/T_0000130081.flac,
T_0000101156,bonafide,flac_T/T_0000101156.flac,
T_0000177899,bonafide,flac_T/T_0000177899.flac,
T_0000038960,bonafide,flac_T/T_0000038960.flac,
T_0000145878,bonafide,flac_T/T_0000145878.flac,
T_0000113346,bonafide,flac_T/T_0000113346.flac,
T_0000015713,bonafide,flac_T/T_0000015713.flac,
T_0000077568,bonafide,flac_T/T_0000077568.flac,
T_0000090778,bonafide,flac_T/T_0000090778.flac,
T_0000012707,bonafide,flac_T/T_0000012707.flac,
T_0000166947,bonafide,flac_T/T_0000166947.flac,
T_0000007435,bonafide,flac_T/T_0000007435.flac,
T_0000096887,bonafide,flac_T/T_0000096887.flac,
T_0000059553,bonafide,flac_T/T_0000059553.flac,
T_0000118261,bonafide,flac_T/T_0000118261.flac,
T_0000050955,bonafide,flac_T/T_0000050955.flac,
T_0000123987,bonafide,flac_T/T_0000123987.flac,
T_0000152992,bonafide,flac_T/T_0000152992.flac,
T_0000065859,bonafide,flac_T/T_0000065859.flac,
T_0000149880,bonafide,flac_T/T_0000149880.flac,
T_0000120215,bonafide,flac_T/T_0000120215.flac,
T_0000073281,bonafide,flac_T/T_0000073281.flac,
T_0000139852,bonafide,flac_T/T_0000139852.flac,
T_0000057738,bonafide,flac_T/T_0000057738.flac,
T_0000128249,bonafide,flac_T/T_0000128249.flac,
T_0000030015,bonafide,flac_T/T_0000030015.flac,
T_0000115347,bonafide,flac_T/T_0000115347.flac,
T_0000131670,bonafide,flac_T/T_0000131670.flac,
T_0000148878,bonafide,flac_T/T_0000148878.flac,
T_0000036986,bonafide,flac_T/T_0000036986.flac,
T_0000069474,bonafide,flac_T/T_0000069474.flac,
T_0000056129,bonafide,flac_T/T_0000056129.flac,
T_0000041942,bonafide,flac_T/T_0000041942.flac,
T_0000018165,bonafide,flac_T/T_0000018165.flac,
T_0000166974,bonafide,flac_T/T_0000166974.flac,
T_0000142446,bonafide,flac_T/T_0000142446.flac,
T_0000010648,bonafide,flac_T/T_0000010648.flac,
T_0000156292,bonafide,flac_T/T_0000156292.flac,
T_0000143310,bonafide,flac_T/T_0000143310.flac,
T_0000132227,bonafide,flac_T/T_0000132227.flac,
T_0000029311,bonafide,flac_T/T_0000029311.flac,
T_0000025319,bonafide,flac_T/T_0000025319.flac,
T_0000125893,bonafide,flac_T/T_0000125893.flac,
T_0000031409,bonafide,flac_T/T_0000031409.flac,
T_0000016994,bonafide,flac_T/T_0000016994.flac,
T_0000013262,bonafide,flac_T/T_0000013262.flac,
T_0000098433,bonafide,flac_T/T_0000098433.flac,
T_0000132671,bonafide,flac_T/T_0000132671.flac,
T_0000114444,bonafide,flac_T/T_0000114444.flac,
T_0000138528,bonafide,flac_T/T_0000138528.flac,
T_0000012019,bonafide,flac_T/T_0000012019.flac,
T_0000171194,bonafide,flac_T/T_0000171194.flac,
T_0000130965,bonafide,flac_T/T_0000130965.flac,
T_0000179481,bonafide,flac_T/T_0000179481.flac,
T_0000113668,bonafide,flac_T/T_0000113668.flac,
T_0000008963,bonafide,flac_T/T_0000008963.flac,
T_0000160689,bonafide,flac_T/T_0000160689.flac,
T_0000064391,bonafide,flac_T/T_0000064391.flac,
T_0000028015,bonafide,flac_T/T_0000028015.flac,
T_0000093903,bonafide,flac_T/T_0000093903.flac,
T_0000132369,bonafide,flac_T/T_0000132369.flac,
T_0000104042,bonafide,flac_T/T_0000104042.flac,
T_0000036315,bonafide,flac_T/T_0000036315.flac,
T_0000010897,bonafide,flac_T/T_0000010897.flac,
T_0000014105,bonafide,flac_T/T_0000014105.flac,
T_0000060270,bonafide,flac_T/T_0000060270.flac,
T_0000018294,bonafide,flac_T/T_0000018294.flac,
T_0000113840,bonafide,flac_T/T_0000113840.flac,
T_0000111332,bonafide,flac_T/T_0000111332.flac,
T_0000009973,bonafide,flac_T/T_0000009973.flac,
T_0000168490,bonafide,flac_T/T_0000168490.flac,
T_0000005784,bonafide,flac_T/T_0000005784.flac,
T_0000060922,bonafide,flac_T/T_0000060922.flac,
T_0000024331,bonafide,flac_T/T_0000024331.flac,
T_0000107524,bonafide,flac_T/T_0000107524.flac,
T_0000113749,bonafide,flac_T/T_0000113749.flac,
T_0000139510,bonafide,flac_T/T_0000139510.flac,
T_0000140556,bonafide,flac_T/T_0000140556.flac,
T_0000154898,bonafide,flac_T/T_0000154898.flac,
T_0000058792,bonafide,flac_T/T_0000058792.flac,
T_0000131494,bonafide,flac_T/T_0000131494.flac,
T_0000025946,bonafide,flac_T/T_0000025946.flac,
T_0000054631,bonafide,flac_T/T_0000054631.flac,
T_0000170227,bonafide,flac_T/T_0000170227.flac,
T_0000010992,bonafide,flac_T/T_0000010992.flac,
T_0000158422,bonafide,flac_T/T_0000158422.flac,
T_0000180474,bonafide,flac_T/T_0000180474.flac,
T_0000083703,bonafide,flac_T/T_0000083703.flac,
T_0000107611,bonafide,flac_T/T_0000107611.flac,
T_0000117477,bonafide,flac_T/T_0000117477.flac,
T_0000010323,bonafide,flac_T/T_0000010323.flac,
T_0000042750,bonafide,flac_T/T_0000042750.flac,
T_0000164473,bonafide,flac_T/T_0000164473.flac,
T_0000156308,bonafide,flac_T/T_0000156308.flac,
T_0000090995,bonafide,flac_T/T_0000090995.flac,
T_0000161093,bonafide,flac_T/T_0000161093.flac,
T_0000129009,bonafide,flac_T/T_0000129009.flac,
T_0000167510,bonafide,flac_T/T_0000167510.flac,
T_0000061093,bonafide,flac_T/T_0000061093.flac,
T_0000009590,bonafide,flac_T/T_0000009590.flac,
T_0000173340,bonafide,flac_T/T_0000173340.flac,
T_0000164080,bonafide,flac_T/T_0000164080.flac,
T_0000035947,bonafide,flac_T/T_0000035947.flac,
T_0000055024,bonafide,flac_T/T_0000055024.flac,
T_0000164943,bonafide,flac_T/T_0000164943.flac,
T_0000100364,bonafide,flac_T/T_0000100364.flac,
T_0000052495,bonafide,flac_T/T_0000052495.flac,
T_0000147143,bonafide,flac_T/T_0000147143.flac,
T_0000061591,bonafide,flac_T/T_0000061591.flac,
T_0000018659,bonafide,flac_T/T_0000018659.flac,
T_0000170689,bonafide,flac_T/T_0000170689.flac,
T_0000051991,bonafide,flac_T/T_0000051991.flac,
T_0000164130,bonafide,flac_T/T_0000164130.flac,
T_0000046494,bonafide,flac_T/T_0000046494.flac,
T_0000154814,bonafide,flac_T/T_0000154814.flac,
T_0000173189,bonafide,flac_T/T_0000173189.flac,
T_0000071167,bonafide,flac_T/T_0000071167.flac,
T_0000078569,bonafide,flac_T/T_0000078569.flac,
T_0000086511,bonafide,flac_T/T_0000086511.flac,
T_0000004131,bonafide,flac_T/T_0000004131.flac,
T_0000174844,bonafide,flac_T/T_0000174844.flac,
T_0000046853,bonafide,flac_T/T_0000046853.flac,
T_0000094529,bonafide,flac_T/T_0000094529.flac,
T_0000111683,bonafide,flac_T/T_0000111683.flac,
T_0000088838,bonafide,flac_T/T_0000088838.flac,
T_0000110539,bonafide,flac_T/T_0000110539.flac,
T_0000140874,bonafide,flac_T/T_0000140874.flac,
T_0000044015,bonafide,flac_T/T_0000044015.flac,
T_0000152445,bonafide,flac_T/T_0000152445.flac,
T_0000155849,bonafide,flac_T/T_0000155849.flac,
T_0000119201,bonafide,flac_T/T_0000119201.flac,
T_0000139650,bonafide,flac_T/T_0000139650.flac,
T_0000059318,bonafide,flac_T/T_0000059318.flac,
T_0000162127,bonafide,flac_T/T_0000162127.flac,
T_0000162387,bonafide,flac_T/T_0000162387.flac,
T_0000071529,bonafide,flac_T/T_0000071529.flac,
T_0000176435,bonafide,flac_T/T_0000176435.flac,
T_0000054869,bonafide,flac_T/T_0000054869.flac,
T_0000074089,bonafide,flac_T/T_0000074089.flac,
T_0000012493,bonafide,flac_T/T_0000012493.flac,
T_0000101702,bonafide,flac_T/T_0000101702.flac,
T_0000032387,bonafide,flac_T/T_0000032387.flac,
T_0000091749,bonafide,flac_T/T_0000091749.flac,
T_0000131254,bonafide,flac_T/T_0000131254.flac,
T_0000161907,bonafide,flac_T/T_0000161907.flac,
T_0000180638,bonafide,flac_T/T_0000180638.flac,
T_0000082212,bonafide,flac_T/T_0000082212.flac,
T_0000168892,bonafide,flac_T/T_0000168892.flac,
T_0000038165,bonafide,flac_T/T_0000038165.flac,
T_0000097341,bonafide,flac_T/T_0000097341.flac,
T_0000035924,bonafide,flac_T/T_0000035924.flac,
T_0000093614,bonafide,flac_T/T_0000093614.flac,
T_0000053114,bonafide,flac_T/T_0000053114.flac,
T_0000122908,bonafide,flac_T/T_0000122908.flac,
T_0000177188,bonafide,flac_T/T_0000177188.flac,
T_0000093962,bonafide,flac_T/T_0000093962.flac,
T_0000147274,bonafide,flac_T/T_0000147274.flac,
T_0000035269,bonafide,flac_T/T_0000035269.flac,
T_0000052432,bonafide,flac_T/T_0000052432.flac,
T_0000026445,bonafide,flac_T/T_0000026445.flac,
T_0000085972,bonafide,flac_T/T_0000085972.flac,
T_0000109495,bonafide,flac_T/T_0000109495.flac,
T_0000044731,bonafide,flac_T/T_0000044731.flac,
T_0000132513,bonafide,flac_T/T_0000132513.flac,
T_0000152900,bonafide,flac_T/T_0000152900.flac,
T_0000166499,bonafide,flac_T/T_0000166499.flac,
T_0000050865,bonafide,flac_T/T_0000050865.flac,
T_0000174941,bonafide,flac_T/T_0000174941.flac,
T_0000011488,bonafide,flac_T/T_0000011488.flac,
T_0000060442,bonafide,flac_T/T_0000060442.flac,
T_0000038779,bonafide,flac_T/T_0000038779.flac,
T_0000016205,bonafide,flac_T/T_0000016205.flac,
T_0000067817,bonafide,flac_T/T_0000067817.flac,
T_0000091374,bonafide,flac_T/T_0000091374.flac,
T_0000072449,bonafide,flac_T/T_0000072449.flac,
T_0000074238,bonafide,flac_T/T_0000074238.flac,
T_0000001722,bonafide,flac_T/T_0000001722.flac,
T_0000124952,bonafide,flac_T/T_0000124952.flac,
T_0000164532,bonafide,flac_T/T_0000164532.flac,
T_0000016426,bonafide,flac_T/T_0000016426.flac,
T_0000114766,bonafide,flac_T/T_0000114766.flac,
T_0000022005,bonafide,flac_T/T_0000022005.flac,
T_0000130439,bonafide,flac_T/T_0000130439.flac,
T_0000104651,bonafide,flac_T/T_0000104651.flac,
T_0000181251,bonafide,flac_T/T_0000181251.flac,
T_0000049422,bonafide,flac_T/T_0000049422.flac,
T_0000026952,bonafide,flac_T/T_0000026952.flac,
T_0000017351,bonafide,flac_T/T_0000017351.flac,
T_0000082336,bonafide,flac_T/T_0000082336.flac,
T_0000006498,bonafide,flac_T/T_0000006498.flac,
T_0000159662,bonafide,flac_T/T_0000159662.flac,
T_0000098389,bonafide,flac_T/T_0000098389.flac,
T_0000158455,bonafide,flac_T/T_0000158455.flac,
T_0000050689,bonafide,flac_T/T_0000050689.flac,
T_0000032264,bonafide,flac_T/T_0000032264.flac,
T_0000182193,bonafide,flac_T/T_0000182193.flac,
T_0000112217,bonafide,flac_T/T_0000112217.flac,
T_0000075171,bonafide,flac_T/T_0000075171.flac,
T_0000157731,bonafide,flac_T/T_0000157731.flac,
T_0000163149,bonafide,flac_T/T_0000163149.flac,
T_0000106663,bonafide,flac_T/T_0000106663.flac,
T_0000005701,bonafide,flac_T/T_0000005701.flac,
T_0000013012,bonafide,flac_T/T_0000013012.flac,
T_0000164722,bonafide,flac_T/T_0000164722.flac,
T_0000068988,bonafide,flac_T/T_0000068988.flac,
T_0000083573,bonafide,flac_T/T_0000083573.flac,
T_0000120825,bonafide,flac_T/T_0000120825.flac,
T_0000119177,bonafide,flac_T/T_0000119177.flac,
T_0000146065,bonafide,flac_T/T_0000146065.flac,
T_0000165534,bonafide,flac_T/T_0000165534.flac,
T_0000014744,bonafide,flac_T/T_0000014744.flac,
T_0000068673,bonafide,flac_T/T_0000068673.flac,
T_0000179412,bonafide,flac_T/T_0000179412.flac,
T_0000077936,bonafide,flac_T/T_0000077936.flac,
T_0000080785,bonafide,flac_T/T_0000080785.flac,
T_0000159307,bonafide,flac_T/T_0000159307.flac,
T_0000159069,bonafide,flac_T/T_0000159069.flac,
T_0000032725,bonafide,flac_T/T_0000032725.flac,
T_0000096917,bonafide,flac_T/T_0000096917.flac,
T_0000133082,bonafide,flac_T/T_0000133082.flac,
T_0000021293,bonafide,flac_T/T_0000021293.flac,
T_0000133841,bonafide,flac_T/T_0000133841.flac,
T_0000034456,bonafide,flac_T/T_0000034456.flac,
T_0000142072,bonafide,flac_T/T_0000142072.flac,
T_0000073005,bonafide,flac_T/T_0000073005.flac,
T_0000008780,bonafide,flac_T/T_0000008780.flac,
T_0000088480,bonafide,flac_T/T_0000088480.flac,
T_0000156592,bonafide,flac_T/T_0000156592.flac,
T_0000152854,bonafide,flac_T/T_0000152854.flac,
T_0000080106,bonafide,flac_T/T_0000080106.flac,
T_0000161981,bonafide,flac_T/T_0000161981.flac,
T_0000049324,bonafide,flac_T/T_0000049324.flac,
T_0000148152,bonafide,flac_T/T_0000148152.flac,
T_0000035789,bonafide,flac_T/T_0000035789.flac,
T_0000016349,bonafide,flac_T/T_0000016349.flac,
T_0000065759,bonafide,flac_T/T_0000065759.flac,
T_0000142121,bonafide,flac_T/T_0000142121.flac,
T_0000124955,bonafide,flac_T/T_0000124955.flac,
T_0000099756,bonafide,flac_T/T_0000099756.flac,
T_0000159669,bonafide,flac_T/T_0000159669.flac,
T_0000148406,bonafide,flac_T/T_0000148406.flac,
T_0000106019,bonafide,flac_T/T_0000106019.flac,
T_0000047036,bonafide,flac_T/T_0000047036.flac,
T_0000027531,bonafide,flac_T/T_0000027531.flac,
T_0000024108,bonafide,flac_T/T_0000024108.flac,
T_0000079897,bonafide,flac_T/T_0000079897.flac,
T_0000034773,bonafide,flac_T/T_0000034773.flac,
T_0000076022,bonafide,flac_T/T_0000076022.flac,
T_0000117921,bonafide,flac_T/T_0000117921.flac,
T_0000080149,bonafide,flac_T/T_0000080149.flac,
T_0000073844,bonafide,flac_T/T_0000073844.flac,
T_0000134635,bonafide,flac_T/T_0000134635.flac,
T_0000049727,bonafide,flac_T/T_0000049727.flac,
T_0000109217,bonafide,flac_T/T_0000109217.flac,
T_0000051487,bonafide,flac_T/T_0000051487.flac,
T_0000135634,bonafide,flac_T/T_0000135634.flac,
T_0000124256,bonafide,flac_T/T_0000124256.flac,
T_0000080911,bonafide,flac_T/T_0000080911.flac,
T_0000122547,bonafide,flac_T/T_0000122547.flac,
T_0000086895,bonafide,flac_T/T_0000086895.flac,
T_0000064819,bonafide,flac_T/T_0000064819.flac,
T_0000130800,bonafide,flac_T/T_0000130800.flac,
T_0000132053,bonafide,flac_T/T_0000132053.flac,
T_0000035461,bonafide,flac_T/T_0000035461.flac,
T_0000116212,bonafide,flac_T/T_0000116212.flac,
T_0000036972,bonafide,flac_T/T_0000036972.flac,
T_0000036372,bonafide,flac_T/T_0000036372.flac,
T_0000052849,bonafide,flac_T/T_0000052849.flac,
T_0000136620,bonafide,flac_T/T_0000136620.flac,
T_0000141576,bonafide,flac_T/T_0000141576.flac,
T_0000033309,bonafide,flac_T/T_0000033309.flac,
T_0000096855,bonafide,flac_T/T_0000096855.flac,
T_0000083895,bonafide,flac_T/T_0000083895.flac,
T_0000144164,bonafide,flac_T/T_0000144164.flac,
T_0000128466,bonafide,flac_T/T_0000128466.flac,
T_0000026679,bonafide,flac_T/T_0000026679.flac,
T_0000132900,bonafide,flac_T/T_0000132900.flac,
T_0000121043,bonafide,flac_T/T_0000121043.flac,
T_0000095091,bonafide,flac_T/T_0000095091.flac,
T_0000123399,bonafide,flac_T/T_0000123399.flac,
T_0000072631,bonafide,flac_T/T_0000072631.flac,
T_0000087875,bonafide,flac_T/T_0000087875.flac,
T_0000011602,bonafide,flac_T/T_0000011602.flac,
T_0000066626,bonafide,flac_T/T_0000066626.flac,
T_0000177786,bonafide,flac_T/T_0000177786.flac,
T_0000015935,bonafide,flac_T/T_0000015935.flac,
T_0000166242,bonafide,flac_T/T_0000166242.flac,
T_0000029291,bonafide,flac_T/T_0000029291.flac,
T_0000124966,bonafide,flac_T/T_0000124966.flac,
T_0000001817,bonafide,flac_T/T_0000001817.flac,
T_0000135995,bonafide,flac_T/T_0000135995.flac,
T_0000001560,bonafide,flac_T/T_0000001560.flac,
T_0000168657,bonafide,flac_T/T_0000168657.flac,
T_0000112097,bonafide,flac_T/T_0000112097.flac,
T_0000078598,bonafide,flac_T/T_0000078598.flac,
T_0000172765,bonafide,flac_T/T_0000172765.flac,
T_0000168957,bonafide,flac_T/T_0000168957.flac,
T_0000111406,bonafide,flac_T/T_0000111406.flac,
T_0000106149,bonafide,flac_T/T_0000106149.flac,
T_0000067075,bonafide,flac_T/T_0000067075.flac,
T_0000171359,bonafide,flac_T/T_0000171359.flac,
T_0000170108,bonafide,flac_T/T_0000170108.flac,
T_0000067133,bonafide,flac_T/T_0000067133.flac,
T_0000001090,bonafide,flac_T/T_0000001090.flac,
T_0000020512,bonafide,flac_T/T_0000020512.flac,
T_0000092673,bonafide,flac_T/T_0000092673.flac,
T_0000010263,bonafide,flac_T/T_0000010263.flac,
T_0000056668,bonafide,flac_T/T_0000056668.flac,
T_0000011843,bonafide,flac_T/T_0000011843.flac,
T_0000085590,bonafide,flac_T/T_0000085590.flac,
T_0000126601,bonafide,flac_T/T_0000126601.flac,
T_0000123803,bonafide,flac_T/T_0000123803.flac,
T_0000132861,bonafide,flac_T/T_0000132861.flac,
T_0000106788,bonafide,flac_T/T_0000106788.flac,
T_0000070169,bonafide,flac_T/T_0000070169.flac,
T_0000159345,bonafide,flac_T/T_0000159345.flac,
T_0000161343,bonafide,flac_T/T_0000161343.flac,
T_0000176707,bonafide,flac_T/T_0000176707.flac,
T_0000167120,bonafide,flac_T/T_0000167120.flac,
T_0000181642,bonafide,flac_T/T_0000181642.flac,
T_0000048467,bonafide,flac_T/T_0000048467.flac,
T_0000150862,bonafide,flac_T/T_0000150862.flac,
T_0000133929,bonafide,flac_T/T_0000133929.flac,
T_0000089815,bonafide,flac_T/T_0000089815.flac,
T_0000089030,bonafide,flac_T/T_0000089030.flac,
T_0000150161,bonafide,flac_T/T_0000150161.flac,
T_0000051131,bonafide,flac_T/T_0000051131.flac,
T_0000068306,bonafide,flac_T/T_0000068306.flac,
T_0000084400,bonafide,flac_T/T_0000084400.flac,
T_0000009377,bonafide,flac_T/T_0000009377.flac,
T_0000092756,bonafide,flac_T/T_0000092756.flac,
T_0000164876,bonafide,flac_T/T_0000164876.flac,
T_0000061552,bonafide,flac_T/T_0000061552.flac,
T_0000127295,bonafide,flac_T/T_0000127295.flac,
T_0000046764,bonafide,flac_T/T_0000046764.flac,
T_0000139318,bonafide,flac_T/T_0000139318.flac,
T_0000002376,bonafide,flac_T/T_0000002376.flac,
T_0000004829,bonafide,flac_T/T_0000004829.flac,
T_0000033666,bonafide,flac_T/T_0000033666.flac,
T_0000008887,bonafide,flac_T/T_0000008887.flac,
T_0000157723,bonafide,flac_T/T_0000157723.flac,
T_0000015154,bonafide,flac_T/T_0000015154.flac,
T_0000072688,bonafide,flac_T/T_0000072688.flac,
T_0000052310,bonafide,flac_T/T_0000052310.flac,
T_0000162291,bonafide,flac_T/T_0000162291.flac,
T_0000028277,bonafide,flac_T/T_0000028277.flac,
T_0000024429,bonafide,flac_T/T_0000024429.flac,
T_0000097288,bonafide,flac_T/T_0000097288.flac,
T_0000126981,bonafide,flac_T/T_0000126981.flac,
T_0000047418,bonafide,flac_T/T_0000047418.flac,
T_0000087977,bonafide,flac_T/T_0000087977.flac,
T_0000122887,bonafide,flac_T/T_0000122887.flac,
T_0000174778,bonafide,flac_T/T_0000174778.flac,
T_0000048627,bonafide,flac_T/T_0000048627.flac,
T_0000124543,bonafide,flac_T/T_0000124543.flac,
T_0000152999,bonafide,flac_T/T_0000152999.flac,
T_0000109417,bonafide,flac_T/T_0000109417.flac,
T_0000154736,bonafide,flac_T/T_0000154736.flac,
T_0000031259,bonafide,flac_T/T_0000031259.flac,
T_0000177908,bonafide,flac_T/T_0000177908.flac,
T_0000125029,bonafide,flac_T/T_0000125029.flac,
T_0000041367,bonafide,flac_T/T_0000041367.flac,
T_0000072649,bonafide,flac_T/T_0000072649.flac,
T_0000076283,bonafide,flac_T/T_0000076283.flac,
T_0000105266,bonafide,flac_T/T_0000105266.flac,
T_0000166566,bonafide,flac_T/T_0000166566.flac,
T_0000011387,bonafide,flac_T/T_0000011387.flac,
T_0000097331,bonafide,flac_T/T_0000097331.flac,
T_0000081662,bonafide,flac_T/T_0000081662.flac,
T_0000007037,bonafide,flac_T/T_0000007037.flac,
T_0000012354,bonafide,flac_T/T_0000012354.flac,
T_0000042364,bonafide,flac_T/T_0000042364.flac,
T_0000023724,bonafide,flac_T/T_0000023724.flac,
T_0000093830,bonafide,flac_T/T_0000093830.flac,
T_0000056054,bonafide,flac_T/T_0000056054.flac,
T_0000128756,bonafide,flac_T/T_0000128756.flac,
T_0000080596,bonafide,flac_T/T_0000080596.flac,
T_0000036790,bonafide,flac_T/T_0000036790.flac,
T_0000129509,bonafide,flac_T/T_0000129509.flac,
T_0000132925,bonafide,flac_T/T_0000132925.flac,
T_0000030987,bonafide,flac_T/T_0000030987.flac,
T_0000049241,bonafide,flac_T/T_0000049241.flac,
T_0000098370,bonafide,flac_T/T_0000098370.flac,
T_0000121325,bonafide,flac_T/T_0000121325.flac,
T_0000046935,bonafide,flac_T/T_0000046935.flac,
T_0000164350,bonafide,flac_T/T_0000164350.flac,
T_0000040868,bonafide,flac_T/T_0000040868.flac,
T_0000088570,bonafide,flac_T/T_0000088570.flac,
T_0000127489,bonafide,flac_T/T_0000127489.flac,
T_0000130363,bonafide,flac_T/T_0000130363.flac,
T_0000010229,bonafide,flac_T/T_0000010229.flac,
T_0000124097,bonafide,flac_T/T_0000124097.flac,
T_0000036094,bonafide,flac_T/T_0000036094.flac,
T_0000176355,bonafide,flac_T/T_0000176355.flac,
T_0000036839,bonafide,flac_T/T_0000036839.flac,
T_0000135781,bonafide,flac_T/T_0000135781.flac,
T_0000051669,bonafide,flac_T/T_0000051669.flac,
T_0000101591,bonafide,flac_T/T_0000101591.flac,
T_0000088387,bonafide,flac_T/T_0000088387.flac,
T_0000031002,bonafide,flac_T/T_0000031002.flac,
T_0000108512,bonafide,flac_T/T_0000108512.flac,
T_0000071788,bonafide,flac_T/T_0000071788.flac,
T_0000024844,bonafide,flac_T/T_0000024844.flac,
T_0000082609,bonafide,flac_T/T_0000082609.flac,
T_0000164686,bonafide,flac_T/T_0000164686.flac,
T_0000011734,bonafide,flac_T/T_0000011734.flac,
T_0000016512,bonafide,flac_T/T_0000016512.flac,
T_0000135357,bonafide,flac_T/T_0000135357.flac,
T_0000058543,bonafide,flac_T/T_0000058543.flac,
T_0000010080,bonafide,flac_T/T_0000010080.flac,
T_0000159102,bonafide,flac_T/T_0000159102.flac,
T_0000035290,bonafide,flac_T/T_0000035290.flac,
T_0000159818,bonafide,flac_T/T_0000159818.flac,
T_0000093761,bonafide,flac_T/T_0000093761.flac,
T_0000034451,bonafide,flac_T/T_0000034451.flac,
T_0000164182,bonafide,flac_T/T_0000164182.flac,
T_0000127627,bonafide,flac_T/T_0000127627.flac,
T_0000066198,bonafide,flac_T/T_0000066198.flac,
T_0000005282,bonafide,flac_T/T_0000005282.flac,
T_0000108836,bonafide,flac_T/T_0000108836.flac,
T_0000024762,bonafide,flac_T/T_0000024762.flac,
T_0000110098,bonafide,flac_T/T_0000110098.flac,
T_0000054349,bonafide,flac_T/T_0000054349.flac,
T_0000044526,bonafide,flac_T/T_0000044526.flac,
T_0000092612,bonafide,flac_T/T_0000092612.flac,
T_0000093986,bonafide,flac_T/T_0000093986.flac,
T_0000020754,bonafide,flac_T/T_0000020754.flac,
T_0000032295,bonafide,flac_T/T_0000032295.flac,
T_0000168894,bonafide,flac_T/T_0000168894.flac,
T_0000146982,bonafide,flac_T/T_0000146982.flac,
T_0000067998,bonafide,flac_T/T_0000067998.flac,
T_0000102627,bonafide,flac_T/T_0000102627.flac,
T_0000173453,bonafide,flac_T/T_0000173453.flac,
T_0000066598,bonafide,flac_T/T_0000066598.flac,
T_0000100124,bonafide,flac_T/T_0000100124.flac,
T_0000057914,bonafide,flac_T/T_0000057914.flac,
T_0000031653,bonafide,flac_T/T_0000031653.flac,
T_0000095652,bonafide,flac_T/T_0000095652.flac,
T_0000097078,bonafide,flac_T/T_0000097078.flac,
T_0000026886,bonafide,flac_T/T_0000026886.flac,
T_0000002544,bonafide,flac_T/T_0000002544.flac,
T_0000012238,bonafide,flac_T/T_0000012238.flac,
T_0000104517,bonafide,flac_T/T_0000104517.flac,
T_0000067328,bonafide,flac_T/T_0000067328.flac,
T_0000029901,bonafide,flac_T/T_0000029901.flac,
T_0000032970,bonafide,flac_T/T_0000032970.flac,
T_0000070539,bonafide,flac_T/T_0000070539.flac,
T_0000020508,bonafide,flac_T/T_0000020508.flac,
T_0000137337,bonafide,flac_T/T_0000137337.flac,
T_0000038321,bonafide,flac_T/T_0000038321.flac,
T_0000085014,bonafide,flac_T/T_0000085014.flac,
T_0000084374,bonafide,flac_T/T_0000084374.flac,
T_0000121159,bonafide,flac_T/T_0000121159.flac,
T_0000044569,bonafide,flac_T/T_0000044569.flac,
T_0000033708,bonafide,flac_T/T_0000033708.flac,
T_0000164079,bonafide,flac_T/T_0000164079.flac,
T_0000161597,bonafide,flac_T/T_0000161597.flac,
T_0000077542,bonafide,flac_T/T_0000077542.flac,
T_0000083378,bonafide,flac_T/T_0000083378.flac,
T_0000173244,bonafide,flac_T/T_0000173244.flac,
T_0000129498,bonafide,flac_T/T_0000129498.flac,
T_0000099498,bonafide,flac_T/T_0000099498.flac,
T_0000092800,bonafide,flac_T/T_0000092800.flac,
T_0000047820,bonafide,flac_T/T_0000047820.flac,
T_0000117073,bonafide,flac_T/T_0000117073.flac,
T_0000009345,bonafide,flac_T/T_0000009345.flac,
T_0000119991,bonafide,flac_T/T_0000119991.flac,
T_0000144958,bonafide,flac_T/T_0000144958.flac,
T_0000066530,bonafide,flac_T/T_0000066530.flac,
T_0000158077,bonafide,flac_T/T_0000158077.flac,
T_0000094928,bonafide,flac_T/T_0000094928.flac,
T_0000141530,bonafide,flac_T/T_0000141530.flac,
T_0000037356,bonafide,flac_T/T_0000037356.flac,
T_0000108611,bonafide,flac_T/T_0000108611.flac,
T_0000088452,bonafide,flac_T/T_0000088452.flac,
T_0000138926,bonafide,flac_T/T_0000138926.flac,
T_0000121490,bonafide,flac_T/T_0000121490.flac,
T_0000056853,bonafide,flac_T/T_0000056853.flac,
T_0000052961,bonafide,flac_T/T_0000052961.flac,
T_0000143982,bonafide,flac_T/T_0000143982.flac,
T_0000038462,bonafide,flac_T/T_0000038462.flac,
T_0000176424,spoof,flac_T/T_0000176424.flac,
T_0000096293,spoof,flac_T/T_0000096293.flac,
T_0000065663,spoof,flac_T/T_0000065663.flac,
T_0000101153,spoof,flac_T/T_0000101153.flac,
T_0000026686,spoof,flac_T/T_0000026686.flac,
T_0000117109,spoof,flac_T/T_0000117109.flac,
T_0000072001,spoof,flac_T/T_0000072001.flac,
T_0000087745,spoof,flac_T/T_0000087745.flac,
T_0000143493,spoof,flac_T/T_0000143493.flac,
T_0000005058,spoof,flac_T/T_0000005058.flac,
T_0000139264,spoof,flac_T/T_0000139264.flac,
T_0000028676,spoof,flac_T/T_0000028676.flac,
T_0000144111,spoof,flac_T/T_0000144111.flac,
T_0000160503,spoof,flac_T/T_0000160503.flac,
T_0000144352,spoof,flac_T/T_0000144352.flac,
T_0000050551,spoof,flac_T/T_0000050551.flac,
T_0000008908,spoof,flac_T/T_0000008908.flac,
T_0000008883,spoof,flac_T/T_0000008883.flac,
T_0000097963,spoof,flac_T/T_0000097963.flac,
T_0000096493,spoof,flac_T/T_0000096493.flac,
T_0000001287,spoof,flac_T/T_0000001287.flac,
T_0000007186,spoof,flac_T/T_0000007186.flac,
T_0000125345,spoof,flac_T/T_0000125345.flac,
T_0000135841,spoof,flac_T/T_0000135841.flac,
T_0000114582,spoof,flac_T/T_0000114582.flac,
T_0000116915,spoof,flac_T/T_0000116915.flac,
T_0000178540,spoof,flac_T/T_0000178540.flac,
T_0000111457,spoof,flac_T/T_0000111457.flac,
T_0000094473,spoof,flac_T/T_0000094473.flac,
T_0000100897,spoof,flac_T/T_0000100897.flac,
T_0000076602,spoof,flac_T/T_0000076602.flac,
T_0000066487,spoof,flac_T/T_0000066487.flac,
T_0000080376,spoof,flac_T/T_0000080376.flac,
T_0000101930,spoof,flac_T/T_0000101930.flac,
T_0000065498,spoof,flac_T/T_0000065498.flac,
T_0000029949,spoof,flac_T/T_0000029949.flac,
T_0000025727,spoof,flac_T/T_0000025727.flac,
T_0000065301,spoof,flac_T/T_0000065301.flac,
T_0000127871,spoof,flac_T/T_0000127871.flac,
T_0000083993,spoof,flac_T/T_0000083993.flac,
T_0000016726,spoof,flac_T/T_0000016726.flac,
T_0000050073,spoof,flac_T/T_0000050073.flac,
T_0000171519,spoof,flac_T/T_0000171519.flac,
T_0000138498,spoof,flac_T/T_0000138498.flac,
T_0000132033,spoof,flac_T/T_0000132033.flac,
T_0000168981,spoof,flac_T/T_0000168981.flac,
T_0000037043,spoof,flac_T/T_0000037043.flac,
T_0000034301,spoof,flac_T/T_0000034301.flac,
T_0000031705,spoof,flac_T/T_0000031705.flac,
T_0000053586,spoof,flac_T/T_0000053586.flac,
T_0000115382,spoof,flac_T/T_0000115382.flac,
T_0000004702,spoof,flac_T/T_0000004702.flac,
T_0000079807,spoof,flac_T/T_0000079807.flac,
T_0000120448,spoof,flac_T/T_0000120448.flac,
T_0000090558,spoof,flac_T/T_0000090558.flac,
T_0000177002,spoof,flac_T/T_0000177002.flac,
T_0000085864,spoof,flac_T/T_0000085864.flac,
T_0000001099,spoof,flac_T/T_0000001099.flac,
T_0000063503,spoof,flac_T/T_0000063503.flac,
T_0000078878,spoof,flac_T/T_0000078878.flac,
T_0000169626,spoof,flac_T/T_0000169626.flac,
T_0000128758,spoof,flac_T/T_0000128758.flac,
T_0000126809,spoof,flac_T/T_0000126809.flac,
T_0000175038,spoof,flac_T/T_0000175038.flac,
T_0000009696,spoof,flac_T/T_0000009696.flac,
T_0000172712,spoof,flac_T/T_0000172712.flac,
T_0000018337,spoof,flac_T/T_0000018337.flac,
T_0000007941,spoof,flac_T/T_0000007941.flac,
T_0000158058,spoof,flac_T/T_0000158058.flac,
T_0000099596,spoof,flac_T/T_0000099596.flac,
T_0000057872,spoof,flac_T/T_0000057872.flac,
T_0000091150,spoof,flac_T/T_0000091150.flac,
T_0000096762,spoof,flac_T/T_0000096762.flac,
T_0000097172,spoof,flac_T/T_0000097172.flac,
T_0000083891,spoof,flac_T/T_0000083891.flac,
T_0000014912,spoof,flac_T/T_0000014912.flac,
T_0000178824,spoof,flac_T/T_0000178824.flac,
T_0000107977,spoof,flac_T/T_0000107977.flac,
T_0000109056,spoof,flac_T/T_0000109056.flac,
T_0000055103,spoof,flac_T/T_0000055103.flac,
T_0000057159,spoof,flac_T/T_0000057159.flac,
T_0000029684,spoof,flac_T/T_0000029684.flac,
T_0000168107,spoof,flac_T/T_0000168107.flac,
T_0000096359,spoof,flac_T/T_0000096359.flac,
T_0000128859,spoof,flac_T/T_0000128859.flac,
T_0000093038,spoof,flac_T/T_0000093038.flac,
T_0000021271,spoof,flac_T/T_0000021271.flac,
T_0000054057,spoof,flac_T/T_0000054057.flac,
T_0000179804,spoof,flac_T/T_0000179804.flac,
T_0000056926,spoof,flac_T/T_0000056926.flac,
T_0000165246,spoof,flac_T/T_0000165246.flac,
T_0000151871,spoof,flac_T/T_0000151871.flac,
T_0000136766,spoof,flac_T/T_0000136766.flac,
T_0000087788,spoof,flac_T/T_0000087788.flac,
T_0000014390,spoof,flac_T/T_0000014390.flac,
T_0000002096,spoof,flac_T/T_0000002096.flac,
T_0000157931,spoof,flac_T/T_0000157931.flac,
T_0000083604,spoof,flac_T/T_0000083604.flac,
T_0000048031,spoof,flac_T/T_0000048031.flac,
T_0000110079,spoof,flac_T/T_0000110079.flac,
T_0000025070,spoof,flac_T/T_0000025070.flac,
T_0000133809,spoof,flac_T/T_0000133809.flac,
T_0000171150,spoof,flac_T/T_0000171150.flac,
T_0000138972,spoof,flac_T/T_0000138972.flac,
T_0000161886,spoof,flac_T/T_0000161886.flac,
T_0000164958,spoof,flac_T/T_0000164958.flac,
T_0000026904,spoof,flac_T/T_0000026904.flac,
T_0000112180,spoof,flac_T/T_0000112180.flac,
T_0000150968,spoof,flac_T/T_0000150968.flac,
T_0000133454,spoof,flac_T/T_0000133454.flac,
T_0000118136,spoof,flac_T/T_0000118136.flac,
T_0000021882,spoof,flac_T/T_0000021882.flac,
T_0000039087,spoof,flac_T/T_0000039087.flac,
T_0000146493,spoof,flac_T/T_0000146493.flac,
T_0000044829,spoof,flac_T/T_0000044829.flac,
T_0000178144,spoof,flac_T/T_0000178144.flac,
T_0000135381,spoof,flac_T/T_0000135381.flac,
T_0000144516,spoof,flac_T/T_0000144516.flac,
T_0000161564,spoof,flac_T/T_0000161564.flac,
T_0000084745,spoof,flac_T/T_0000084745.flac,
T_0000164557,spoof,flac_T/T_0000164557.flac,
T_0000018803,spoof,flac_T/T_0000018803.flac,
T_0000091403,spoof,flac_T/T_0000091403.flac,
T_0000035082,spoof,flac_T/T_0000035082.flac,
T_0000115770,spoof,flac_T/T_0000115770.flac,
T_0000138325,spoof,flac_T/T_0000138325.flac,
T_0000152555,spoof,flac_T/T_0000152555.flac,
T_0000107640,spoof,flac_T/T_0000107640.flac,
T_0000173587,spoof,flac_T/T_0000173587.flac,
T_0000012125,spoof,flac_T/T_0000012125.flac,
T_0000147780,spoof,flac_T/T_0000147780.flac,
T_0000160143,spoof,flac_T/T_0000160143.flac,
T_0000014736,spoof,flac_T/T_0000014736.flac,
T_0000015382,spoof,flac_T/T_0000015382.flac,
T_0000030726,spoof,flac_T/T_0000030726.flac,
T_0000032306,spoof,flac_T/T_0000032306.flac,
T_0000018842,spoof,flac_T/T_0000018842.flac,
T_0000029167,spoof,flac_T/T_0000029167.flac,
T_0000150411,spoof,flac_T/T_0000150411.flac,
T_0000116299,spoof,flac_T/T_0000116299.flac,
T_0000080528,spoof,flac_T/T_0000080528.flac,
T_0000130969,spoof,flac_T/T_0000130969.flac,
T_0000123383,spoof,flac_T/T_0000123383.flac,
T_0000124361,spoof,flac_T/T_0000124361.flac,
T_0000089899,spoof,flac_T/T_0000089899.flac,
T_0000122240,spoof,flac_T/T_0000122240.flac,
T_0000050146,spoof,flac_T/T_0000050146.flac,
T_0000017161,spoof,flac_T/T_0000017161.flac,
T_0000016680,spoof,flac_T/T_0000016680.flac,
T_0000157706,spoof,flac_T/T_0000157706.flac,
T_0000068557,spoof,flac_T/T_0000068557.flac,
T_0000094009,spoof,flac_T/T_0000094009.flac,
T_0000020380,spoof,flac_T/T_0000020380.flac,
T_0000035009,spoof,flac_T/T_0000035009.flac,
T_0000059091,spoof,flac_T/T_0000059091.flac,
T_0000164291,spoof,flac_T/T_0000164291.flac,
T_0000089037,spoof,flac_T/T_0000089037.flac,
T_0000107788,spoof,flac_T/T_0000107788.flac,
T_0000071127,spoof,flac_T/T_0000071127.flac,
T_0000168587,spoof,flac_T/T_0000168587.flac,
T_0000024190,spoof,flac_T/T_0000024190.flac,
T_0000011713,spoof,flac_T/T_0000011713.flac,
T_0000065049,spoof,flac_T/T_0000065049.flac,
T_0000025967,spoof,flac_T/T_0000025967.flac,
T_0000102334,spoof,flac_T/T_0000102334.flac,
T_0000161135,spoof,flac_T/T_0000161135.flac,
T_0000043333,spoof,flac_T/T_0000043333.flac,
T_0000177199,spoof,flac_T/T_0000177199.flac,
T_0000068183,spoof,flac_T/T_0000068183.flac,
T_0000091578,spoof,flac_T/T_0000091578.flac,
T_0000043072,spoof,flac_T/T_0000043072.flac,
T_0000110887,spoof,flac_T/T_0000110887.flac,
T_0000005107,spoof,flac_T/T_0000005107.flac,
T_0000178372,spoof,flac_T/T_0000178372.flac,
T_0000165845,spoof,flac_T/T_0000165845.flac,
T_0000162362,spoof,flac_T/T_0000162362.flac,
T_0000093369,spoof,flac_T/T_0000093369.flac,
T_0000161183,spoof,flac_T/T_0000161183.flac,
T_0000017924,spoof,flac_T/T_0000017924.flac,
T_0000166650,spoof,flac_T/T_0000166650.flac,
T_0000182231,spoof,flac_T/T_0000182231.flac,
T_0000073108,spoof,flac_T/T_0000073108.flac,
T_0000141882,spoof,flac_T/T_0000141882.flac,
T_0000010629,spoof,flac_T/T_0000010629.flac,
T_0000163021,spoof,flac_T/T_0000163021.flac,
T_0000028406,spoof,flac_T/T_0000028406.flac,
T_0000028191,spoof,flac_T/T_0000028191.flac,
T_0000141302,spoof,flac_T/T_0000141302.flac,
T_0000105083,spoof,flac_T/T_0000105083.flac,
T_0000159855,spoof,flac_T/T_0000159855.flac,
T_0000113670,spoof,flac_T/T_0000113670.flac,
T_0000018527,spoof,flac_T/T_0000018527.flac,
T_0000145723,spoof,flac_T/T_0000145723.flac,
T_0000002540,spoof,flac_T/T_0000002540.flac,
T_0000114931,spoof,flac_T/T_0000114931.flac,
T_0000041652,spoof,flac_T/T_0000041652.flac,
T_0000043268,spoof,flac_T/T_0000043268.flac,
T_0000029209,spoof,flac_T/T_0000029209.flac,
T_0000124177,spoof,flac_T/T_0000124177.flac,
T_0000180300,spoof,flac_T/T_0000180300.flac,
T_0000096035,spoof,flac_T/T_0000096035.flac,
T_0000075240,spoof,flac_T/T_0000075240.flac,
T_0000145185,spoof,flac_T/T_0000145185.flac,
T_0000095525,spoof,flac_T/T_0000095525.flac,
T_0000006843,spoof,flac_T/T_0000006843.flac,
T_0000051568,spoof,flac_T/T_0000051568.flac,
T_0000119850,spoof,flac_T/T_0000119850.flac,
T_0000157620,spoof,flac_T/T_0000157620.flac,
T_0000165582,spoof,flac_T/T_0000165582.flac,
T_0000002371,spoof,flac_T/T_0000002371.flac,
T_0000104725,spoof,flac_T/T_0000104725.flac,
T_0000143039,spoof,flac_T/T_0000143039.flac,
T_0000143170,spoof,flac_T/T_0000143170.flac,
T_0000003907,spoof,flac_T/T_0000003907.flac,
T_0000113536,spoof,flac_T/T_0000113536.flac,
T_0000123861,spoof,flac_T/T_0000123861.flac,
T_0000107644,spoof,flac_T/T_0000107644.flac,
T_0000176530,spoof,flac_T/T_0000176530.flac,
T_0000048426,spoof,flac_T/T_0000048426.flac,
T_0000074863,spoof,flac_T/T_0000074863.flac,
T_0000161092,spoof,flac_T/T_0000161092.flac,
T_0000108494,spoof,flac_T/T_0000108494.flac,
T_0000031935,spoof,flac_T/T_0000031935.flac,
T_0000145248,spoof,flac_T/T_0000145248.flac,
T_0000157598,spoof,flac_T/T_0000157598.flac,
T_0000130294,spoof,flac_T/T_0000130294.flac,
T_0000095738,spoof,flac_T/T_0000095738.flac,
T_0000024852,spoof,flac_T/T_0000024852.flac,
T_0000135905,spoof,flac_T/T_0000135905.flac,
T_0000147101,spoof,flac_T/T_0000147101.flac,
T_0000019567,spoof,flac_T/T_0000019567.flac,
T_0000100574,spoof,flac_T/T_0000100574.flac,
T_0000164815,spoof,flac_T/T_0000164815.flac,
T_0000022003,spoof,flac_T/T_0000022003.flac,
T_0000136338,spoof,flac_T/T_0000136338.flac,
T_0000137479,spoof,flac_T/T_0000137479.flac,
T_0000049970,spoof,flac_T/T_0000049970.flac,
T_0000025718,spoof,flac_T/T_0000025718.flac,
T_0000049651,spoof,flac_T/T_0000049651.flac,
T_0000148388,spoof,flac_T/T_0000148388.flac,
T_0000031124,spoof,flac_T/T_0000031124.flac,
T_0000096127,spoof,flac_T/T_0000096127.flac,
T_0000130449,spoof,flac_T/T_0000130449.flac,
T_0000145835,spoof,flac_T/T_0000145835.flac,
T_0000026845,spoof,flac_T/T_0000026845.flac,
T_0000025284,spoof,flac_T/T_0000025284.flac,
T_0000174310,spoof,flac_T/T_0000174310.flac,
T_0000052397,spoof,flac_T/T_0000052397.flac,
T_0000074602,spoof,flac_T/T_0000074602.flac,
T_0000050186,spoof,flac_T/T_0000050186.flac,
T_0000112982,spoof,flac_T/T_0000112982.flac,
T_0000060351,spoof,flac_T/T_0000060351.flac,
T_0000162676,spoof,flac_T/T_0000162676.flac,
T_0000071462,spoof,flac_T/T_0000071462.flac,
T_0000145483,spoof,flac_T/T_0000145483.flac,
T_0000135798,spoof,flac_T/T_0000135798.flac,
T_0000041709,spoof,flac_T/T_0000041709.flac,
T_0000080980,spoof,flac_T/T_0000080980.flac,
T_0000038391,spoof,flac_T/T_0000038391.flac,
T_0000011358,spoof,flac_T/T_0000011358.flac,
T_0000059364,spoof,flac_T/T_0000059364.flac,
T_0000038372,spoof,flac_T/T_0000038372.flac,
T_0000018326,spoof,flac_T/T_0000018326.flac,
T_0000061027,spoof,flac_T/T_0000061027.flac,
T_0000023678,spoof,flac_T/T_0000023678.flac,
T_0000085345,spoof,flac_T/T_0000085345.flac,
T_0000120407,spoof,flac_T/T_0000120407.flac,
T_0000094064,spoof,flac_T/T_0000094064.flac,
T_0000116803,spoof,flac_T/T_0000116803.flac,
T_0000017698,spoof,flac_T/T_0000017698.flac,
T_0000158594,spoof,flac_T/T_0000158594.flac,
T_0000125934,spoof,flac_T/T_0000125934.flac,
T_0000146615,spoof,flac_T/T_0000146615.flac,
T_0000089449,spoof,flac_T/T_0000089449.flac,
T_0000136299,spoof,flac_T/T_0000136299.flac,
T_0000085870,spoof,flac_T/T_0000085870.flac,
T_0000009428,spoof,flac_T/T_0000009428.flac,
T_0000010581,spoof,flac_T/T_0000010581.flac,
T_0000094957,spoof,flac_T/T_0000094957.flac,
T_0000021393,spoof,flac_T/T_0000021393.flac,
T_0000167294,spoof,flac_T/T_0000167294.flac,
T_0000022065,spoof,flac_T/T_0000022065.flac,
T_0000021074,spoof,flac_T/T_0000021074.flac,
T_0000155232,spoof,flac_T/T_0000155232.flac,
T_0000094266,spoof,flac_T/T_0000094266.flac,
T_0000141222,spoof,flac_T/T_0000141222.flac,
T_0000131118,spoof,flac_T/T_0000131118.flac,
T_0000142589,spoof,flac_T/T_0000142589.flac,
T_0000123593,spoof,flac_T/T_0000123593.flac,
T_0000126223,spoof,flac_T/T_0000126223.flac,
T_0000069636,spoof,flac_T/T_0000069636.flac,
T_0000011412,spoof,flac_T/T_0000011412.flac,
T_0000071858,spoof,flac_T/T_0000071858.flac,
T_0000023389,spoof,flac_T/T_0000023389.flac,
T_0000170980,spoof,flac_T/T_0000170980.flac,
T_0000116066,spoof,flac_T/T_0000116066.flac,
T_0000158942,spoof,flac_T/T_0000158942.flac,
T_0000010960,spoof,flac_T/T_0000010960.flac,
T_0000069205,spoof,flac_T/T_0000069205.flac,
T_0000164587,spoof,flac_T/T_0000164587.flac,
T_0000106048,spoof,flac_T/T_0000106048.flac,
T_0000142484,spoof,flac_T/T_0000142484.flac,
T_0000081890,spoof,flac_T/T_0000081890.flac,
T_0000112525,spoof,flac_T/T_0000112525.flac,
T_0000093564,spoof,flac_T/T_0000093564.flac,
T_0000113301,spoof,flac_T/T_0000113301.flac,
T_0000039939,spoof,flac_T/T_0000039939.flac,
T_0000028289,spoof,flac_T/T_0000028289.flac,
T_0000171696,spoof,flac_T/T_0000171696.flac,
T_0000132167,spoof,flac_T/T_0000132167.flac,
T_0000061210,spoof,flac_T/T_0000061210.flac,
T_0000017407,spoof,flac_T/T_0000017407.flac,
T_0000026768,spoof,flac_T/T_0000026768.flac,
T_0000035926,spoof,flac_T/T_0000035926.flac,
T_0000019802,spoof,flac_T/T_0000019802.flac,
T_0000069577,spoof,flac_T/T_0000069577.flac,
T_0000128642,spoof,flac_T/T_0000128642.flac,
T_0000110962,spoof,flac_T/T_0000110962.flac,
T_0000109035,spoof,flac_T/T_0000109035.flac,
T_0000134283,spoof,flac_T/T_0000134283.flac,
T_0000049319,spoof,flac_T/T_0000049319.flac,
T_0000099275,spoof,flac_T/T_0000099275.flac,
T_0000159807,spoof,flac_T/T_0000159807.flac,
T_0000168700,spoof,flac_T/T_0000168700.flac,
T_0000171403,spoof,flac_T/T_0000171403.flac,
T_0000146685,spoof,flac_T/T_0000146685.flac,
T_0000086625,spoof,flac_T/T_0000086625.flac,
T_0000021184,spoof,flac_T/T_0000021184.flac,
T_0000127242,spoof,flac_T/T_0000127242.flac,
T_0000149681,spoof,flac_T/T_0000149681.flac,
T_0000025376,spoof,flac_T/T_0000025376.flac,
T_0000075695,spoof,flac_T/T_0000075695.flac,
T_0000172945,spoof,flac_T/T_0000172945.flac,
T_0000138903,spoof,flac_T/T_0000138903.flac,
T_0000121247,spoof,flac_T/T_0000121247.flac,
T_0000087061,spoof,flac_T/T_0000087061.flac,
T_0000032137,spoof,flac_T/T_0000032137.flac,
T_0000147276,spoof,flac_T/T_0000147276.flac,
T_0000037996,spoof,flac_T/T_0000037996.flac,
T_0000058681,spoof,flac_T/T_0000058681.flac,
T_0000071131,spoof,flac_T/T_0000071131.flac,
T_0000067346,spoof,flac_T/T_0000067346.flac,
T_0000040982,spoof,flac_T/T_0000040982.flac,
T_0000087514,spoof,flac_T/T_0000087514.flac,
T_0000172703,spoof,flac_T/T_0000172703.flac,
T_0000040769,spoof,flac_T/T_0000040769.flac,
T_0000058650,spoof,flac_T/T_0000058650.flac,
T_0000068326,spoof,flac_T/T_0000068326.flac,
T_0000081161,spoof,flac_T/T_0000081161.flac,
T_0000118021,spoof,flac_T/T_0000118021.flac,
T_0000165867,spoof,flac_T/T_0000165867.flac,
T_0000179231,spoof,flac_T/T_0000179231.flac,
T_0000064846,spoof,flac_T/T_0000064846.flac,
T_0000031140,spoof,flac_T/T_0000031140.flac,
T_0000122027,spoof,flac_T/T_0000122027.flac,
T_0000052421,spoof,flac_T/T_0000052421.flac,
T_0000157876,spoof,flac_T/T_0000157876.flac,
T_0000125783,spoof,flac_T/T_0000125783.flac,
T_0000037840,spoof,flac_T/T_0000037840.flac,
T_0000013178,spoof,flac_T/T_0000013178.flac,
T_0000023600,spoof,flac_T/T_0000023600.flac,
T_0000162082,spoof,flac_T/T_0000162082.flac,
T_0000145393,spoof,flac_T/T_0000145393.flac,
T_0000119076,spoof,flac_T/T_0000119076.flac,
T_0000058721,spoof,flac_T/T_0000058721.flac,
T_0000050595,spoof,flac_T/T_0000050595.flac,
T_0000079731,spoof,flac_T/T_0000079731.flac,
T_0000040408,spoof,flac_T/T_0000040408.flac,
T_0000113989,spoof,flac_T/T_0000113989.flac,
T_0000049396,spoof,flac_T/T_0000049396.flac,
T_0000151151,spoof,flac_T/T_0000151151.flac,
T_0000032325,spoof,flac_T/T_0000032325.flac,
T_0000049066,spoof,flac_T/T_0000049066.flac,
T_0000041741,spoof,flac_T/T_0000041741.flac,
T_0000004097,spoof,flac_T/T_0000004097.flac,
T_0000048877,spoof,flac_T/T_0000048877.flac,
T_0000071212,spoof,flac_T/T_0000071212.flac,
T_0000041563,spoof,flac_T/T_0000041563.flac,
T_0000119650,spoof,flac_T/T_0000119650.flac,
T_0000123333,spoof,flac_T/T_0000123333.flac,
T_0000029876,spoof,flac_T/T_0000029876.flac,
T_0000151725,spoof,flac_T/T_0000151725.flac,
T_0000038228,spoof,flac_T/T_0000038228.flac,
T_0000125094,spoof,flac_T/T_0000125094.flac,
T_0000070445,spoof,flac_T/T_0000070445.flac,
T_0000031065,spoof,flac_T/T_0000031065.flac,
T_0000057553,spoof,flac_T/T_0000057553.flac,
T_0000045435,spoof,flac_T/T_0000045435.flac,
T_0000108993,spoof,flac_T/T_0000108993.flac,
T_0000159037,spoof,flac_T/T_0000159037.flac,
T_0000023440,spoof,flac_T/T_0000023440.flac,
T_0000124760,spoof,flac_T/T_0000124760.flac,
T_0000137683,spoof,flac_T/T_0000137683.flac,
T_0000029056,spoof,flac_T/T_0000029056.flac,
T_0000021832,spoof,flac_T/T_0000021832.flac,
T_0000174877,spoof,flac_T/T_0000174877.flac,
T_0000158916,spoof,flac_T/T_0000158916.flac,
T_0000162998,spoof,flac_T/T_0000162998.flac,
T_0000024442,spoof,flac_T/T_0000024442.flac,
T_0000104719,spoof,flac_T/T_0000104719.flac,
T_0000065222,spoof,flac_T/T_0000065222.flac,
T_0000180498,spoof,flac_T/T_0000180498.flac,
T_0000086131,spoof,flac_T/T_0000086131.flac,
T_0000083583,spoof,flac_T/T_0000083583.flac,
T_0000151830,spoof,flac_T/T_0000151830.flac,
T_0000102848,spoof,flac_T/T_0000102848.flac,
T_0000055647,spoof,flac_T/T_0000055647.flac,
T_0000106487,spoof,flac_T/T_0000106487.flac,
T_0000150036,spoof,flac_T/T_0000150036.flac,
T_0000105167,spoof,flac_T/T_0000105167.flac,
T_0000067750,spoof,flac_T/T_0000067750.flac,
T_0000001661,spoof,flac_T/T_0000001661.flac,
T_0000005884,spoof,flac_T/T_0000005884.flac,
T_0000061630,spoof,flac_T/T_0000061630.flac,
T_0000177041,spoof,flac_T/T_0000177041.flac,
T_0000173564,spoof,flac_T/T_0000173564.flac,
T_0000085924,spoof,flac_T/T_0000085924.flac,
T_0000047081,spoof,flac_T/T_0000047081.flac,
T_0000131338,spoof,flac_T/T_0000131338.flac,
T_0000114175,spoof,flac_T/T_0000114175.flac,
T_0000140621,spoof,flac_T/T_0000140621.flac,
T_0000171941,spoof,flac_T/T_0000171941.flac,
T_0000054711,spoof,flac_T/T_0000054711.flac,
T_0000096900,spoof,flac_T/T_0000096900.flac,
T_0000016739,spoof,flac_T/T_0000016739.flac,
T_0000025225,spoof,flac_T/T_0000025225.flac,
T_0000079203,spoof,flac_T/T_0000079203.flac,
T_0000153972,spoof,flac_T/T_0000153972.flac,
T_0000074677,spoof,flac_T/T_0000074677.flac,
T_0000007170,spoof,flac_T/T_0000007170.flac,
T_0000065747,spoof,flac_T/T_0000065747.flac,
T_0000083215,spoof,flac_T/T_0000083215.flac,
T_0000025478,spoof,flac_T/T_0000025478.flac,
T_0000143838,spoof,flac_T/T_0000143838.flac,
T_0000034709,spoof,flac_T/T_0000034709.flac,
T_0000096610,spoof,flac_T/T_0000096610.flac,
T_0000032428,spoof,flac_T/T_0000032428.flac,
T_0000168041,spoof,flac_T/T_0000168041.flac,
T_0000023735,spoof,flac_T/T_0000023735.flac,
T_0000182243,spoof,flac_T/T_0000182243.flac,
T_0000085239,spoof,flac_T/T_0000085239.flac,
T_0000048299,spoof,flac_T/T_0000048299.flac,
T_0000123450,spoof,flac_T/T_0000123450.flac,
T_0000151651,spoof,flac_T/T_0000151651.flac,
T_0000180030,spoof,flac_T/T_0000180030.flac,
T_0000043964,spoof,flac_T/T_0000043964.flac,
T_0000117639,spoof,flac_T/T_0000117639.flac,
T_0000066245,spoof,flac_T/T_0000066245.flac,
T_0000088882,spoof,flac_T/T_0000088882.flac,
T_0000015729,spoof,flac_T/T_0000015729.flac,
T_0000049926,spoof,flac_T/T_0000049926.flac,
T_0000023661,spoof,flac_T/T_0000023661.flac,
T_0000171615,spoof,flac_T/T_0000171615.flac,
T_0000112064,spoof,flac_T/T_0000112064.flac,
T_0000065358,spoof,flac_T/T_0000065358.flac,
T_0000138144,spoof,flac_T/T_0000138144.flac,
T_0000008600,spoof,flac_T/T_0000008600.flac,
T_0000093815,spoof,flac_T/T_0000093815.flac,
T_0000062114,spoof,flac_T/T_0000062114.flac,
T_0000109561,spoof,flac_T/T_0000109561.flac,
T_0000136662,spoof,flac_T/T_0000136662.flac,
T_0000181729,spoof,flac_T/T_0000181729.flac,
T_0000090183,spoof,flac_T/T_0000090183.flac,
T_0000075038,spoof,flac_T/T_0000075038.flac,
T_0000165649,spoof,flac_T/T_0000165649.flac,
T_0000042721,spoof,flac_T/T_0000042721.flac,
T_0000165905,spoof,flac_T/T_0000165905.flac,
T_0000154271,spoof,flac_T/T_0000154271.flac,
T_0000103635,spoof,flac_T/T_0000103635.flac,
T_0000024293,spoof,flac_T/T_0000024293.flac,
T_0000123162,spoof,flac_T/T_0000123162.flac,
T_0000037822,spoof,flac_T/T_0000037822.flac,
T_0000148715,spoof,flac_T/T_0000148715.flac,
T_0000168678,spoof,flac_T/T_0000168678.flac,
T_0000046514,spoof,flac_T/T_0000046514.flac,
T_0000115387,spoof,flac_T/T_0000115387.flac,
T_0000137937,spoof,flac_T/T_0000137937.flac,
T_0000074449,spoof,flac_T/T_0000074449.flac,
T_0000152598,spoof,flac_T/T_0000152598.flac,
T_0000058996,spoof,flac_T/T_0000058996.flac,
T_0000029283,spoof,flac_T/T_0000029283.flac,
T_0000051253,spoof,flac_T/T_0000051253.flac,
T_0000030715,spoof,flac_T/T_0000030715.flac,
T_0000124865,spoof,flac_T/T_0000124865.flac,
T_0000078180,spoof,flac_T/T_0000078180.flac,
T_0000007847,spoof,flac_T/T_0000007847.flac,
T_0000084965,spoof,flac_T/T_0000084965.flac,
T_0000003018,spoof,flac_T/T_0000003018.flac,
T_0000120261,spoof,flac_T/T_0000120261.flac,
T_0000139185,spoof,flac_T/T_0000139185.flac,
T_0000095717,spoof,flac_T/T_0000095717.flac,
T_0000128281,spoof,flac_T/T_0000128281.flac,
T_0000015959,spoof,flac_T/T_0000015959.flac,
T_0000030881,spoof,flac_T/T_0000030881.flac,
T_0000025078,spoof,flac_T/T_0000025078.flac,
T_0000060444,spoof,flac_T/T_0000060444.flac,
T_0000064652,spoof,flac_T/T_0000064652.flac,
T_0000021862,spoof,flac_T/T_0000021862.flac,
T_0000104845,spoof,flac_T/T_0000104845.flac,
T_0000033932,spoof,flac_T/T_0000033932.flac,
T_0000145317,spoof,flac_T/T_0000145317.flac,
T_0000137707,spoof,flac_T/T_0000137707.flac,
T_0000088357,spoof,flac_T/T_0000088357.flac,
T_0000123009,spoof,flac_T/T_0000123009.flac,
T_0000101992,spoof,flac_T/T_0000101992.flac,
T_0000164386,spoof,flac_T/T_0000164386.flac,
T_0000144307,spoof,flac_T/T_0000144307.flac,
T_0000064320,spoof,flac_T/T_0000064320.flac,
T_0000059926,spoof,flac_T/T_0000059926.flac,
T_0000097464,spoof,flac_T/T_0000097464.flac,
T_0000009440,spoof,flac_T/T_0000009440.flac,
T_0000014785,spoof,flac_T/T_0000014785.flac,
T_0000151074,spoof,flac_T/T_0000151074.flac,
T_0000161635,spoof,flac_T/T_0000161635.flac,
T_0000002677,spoof,flac_T/T_0000002677.flac,
T_0000162198,spoof,flac_T/T_0000162198.flac,
T_0000044634,spoof,flac_T/T_0000044634.flac,
T_0000066612,spoof,flac_T/T_0000066612.flac,
T_0000091884,spoof,flac_T/T_0000091884.flac,
T_0000126836,spoof,flac_T/T_0000126836.flac,
T_0000120929,spoof,flac_T/T_0000120929.flac,
T_0000157197,spoof,flac_T/T_0000157197.flac,
T_0000148950,spoof,flac_T/T_0000148950.flac,
T_0000108959,spoof,flac_T/T_0000108959.flac,
T_0000066579,spoof,flac_T/T_0000066579.flac,
T_0000152837,spoof,flac_T/T_0000152837.flac,
T_0000009683,spoof,flac_T/T_0000009683.flac,
T_0000095402,spoof,flac_T/T_0000095402.flac,
T_0000146206,spoof,flac_T/T_0000146206.flac,
T_0000062205,spoof,flac_T/T_0000062205.flac,
T_0000037462,spoof,flac_T/T_0000037462.flac,
T_0000141867,spoof,flac_T/T_0000141867.flac,
T_0000082804,spoof,flac_T/T_0000082804.flac,
T_0000031956,spoof,flac_T/T_0000031956.flac,
T_0000101057,spoof,flac_T/T_0000101057.flac,
T_0000171492,spoof,flac_T/T_0000171492.flac,
T_0000011219,spoof,flac_T/T_0000011219.flac,
T_0000075724,spoof,flac_T/T_0000075724.flac,
T_0000147816,spoof,flac_T/T_0000147816.flac,
T_0000089278,spoof,flac_T/T_0000089278.flac,
T_0000091350,spoof,flac_T/T_0000091350.flac,
T_0000158753,spoof,flac_T/T_0000158753.flac,
T_0000158589,spoof,flac_T/T_0000158589.flac,
T_0000014650,spoof,flac_T/T_0000014650.flac,
T_0000164292,spoof,flac_T/T_0000164292.flac,
T_0000039347,spoof,flac_T/T_0000039347.flac,
T_0000079043,spoof,flac_T/T_0000079043.flac,
T_0000041049,spoof,flac_T/T_0000041049.flac,
T_0000000283,spoof,flac_T/T_0000000283.flac,
T_0000111947,spoof,flac_T/T_0000111947.flac,
T_0000145309,spoof,flac_T/T_0000145309.flac,
T_0000081733,spoof,flac_T/T_0000081733.flac,
T_0000059074,spoof,flac_T/T_0000059074.flac,
T_0000168201,spoof,flac_T/T_0000168201.flac,
T_0000121916,spoof,flac_T/T_0000121916.flac,
T_0000103365,spoof,flac_T/T_0000103365.flac,
T_0000047124,spoof,flac_T/T_0000047124.flac,
T_0000011246,spoof,flac_T/T_0000011246.flac,
T_0000058299,spoof,flac_T/T_0000058299.flac,
T_0000061865,spoof,flac_T/T_0000061865.flac,
T_0000093159,spoof,flac_T/T_0000093159.flac,
T_0000100131,spoof,flac_T/T_0000100131.flac,
T_0000032747,spoof,flac_T/T_0000032747.flac,
T_0000063292,spoof,flac_T/T_0000063292.flac,
T_0000066886,spoof,flac_T/T_0000066886.flac,
T_0000157782,spoof,flac_T/T_0000157782.flac,
T_0000110348,spoof,flac_T/T_0000110348.flac,
T_0000129659,spoof,flac_T/T_0000129659.flac,
T_0000124439,spoof,flac_T/T_0000124439.flac,
T_0000157003,spoof,flac_T/T_0000157003.flac,
T_0000167039,spoof,flac_T/T_0000167039.flac,
T_0000125712,spoof,flac_T/T_0000125712.flac,
T_0000018576,spoof,flac_T/T_0000018576.flac,
T_0000115681,spoof,flac_T/T_0000115681.flac,
T_0000139731,spoof,flac_T/T_0000139731.flac,
T_0000100344,spoof,flac_T/T_0000100344.flac,
T_0000000434,spoof,flac_T/T_0000000434.flac,
T_0000107475,spoof,flac_T/T_0000107475.flac,
T_0000068089,spoof,flac_T/T_0000068089.flac,
T_0000070400,spoof,flac_T/T_0000070400.flac,
T_0000129340,spoof,flac_T/T_0000129340.flac,
T_0000182213,spoof,flac_T/T_0000182213.flac,
T_0000156132,spoof,flac_T/T_0000156132.flac,
T_0000135632,spoof,flac_T/T_0000135632.flac,
T_0000137226,spoof,flac_T/T_0000137226.flac,
T_0000139167,spoof,flac_T/T_0000139167.flac,
T_0000102722,spoof,flac_T/T_0000102722.flac,
T_0000177531,spoof,flac_T/T_0000177531.flac,
T_0000055456,spoof,flac_T/T_0000055456.flac,
T_0000052915,spoof,flac_T/T_0000052915.flac,
T_0000036334,spoof,flac_T/T_0000036334.flac,
T_0000030361,spoof,flac_T/T_0000030361.flac,
T_0000176577,spoof,flac_T/T_0000176577.flac,
T_0000023023,spoof,flac_T/T_0000023023.flac,
T_0000012450,spoof,flac_T/T_0000012450.flac,
T_0000152922,spoof,flac_T/T_0000152922.flac,
T_0000155032,spoof,flac_T/T_0000155032.flac,
T_0000046050,spoof,flac_T/T_0000046050.flac,
T_0000032718,spoof,flac_T/T_0000032718.flac,
T_0000126004,spoof,flac_T/T_0000126004.flac,
T_0000062602,spoof,flac_T/T_0000062602.flac,
T_0000169899,spoof,flac_T/T_0000169899.flac,
T_0000108404,spoof,flac_T/T_0000108404.flac,
T_0000110249,spoof,flac_T/T_0000110249.flac,
T_0000134855,spoof,flac_T/T_0000134855.flac,
T_0000135936,spoof,flac_T/T_0000135936.flac,
T_0000102752,spoof,flac_T/T_0000102752.flac,
T_0000083477,spoof,flac_T/T_0000083477.flac,
T_0000085684,spoof,flac_T/T_0000085684.flac,
T_0000160140,spoof,flac_T/T_0000160140.flac,
T_0000052030,spoof,flac_T/T_0000052030.flac,
T_0000057999,spoof,flac_T/T_0000057999.flac,
T_0000101735,spoof,flac_T/T_0000101735.flac,
T_0000068619,spoof,flac_T/T_0000068619.flac,
T_0000099268,spoof,flac_T/T_0000099268.flac,
T_0000180288,spoof,flac_T/T_0000180288.flac,
T_0000148425,spoof,flac_T/T_0000148425.flac,
T_0000007341,spoof,flac_T/T_0000007341.flac,
T_0000167905,spoof,flac_T/T_0000167905.flac,
T_0000159839,spoof,flac_T/T_0000159839.flac,
T_0000019486,spoof,flac_T/T_0000019486.flac,
T_0000032902,spoof,flac_T/T_0000032902.flac,
T_0000013695,spoof,flac_T/T_0000013695.flac,
T_0000107483,spoof,flac_T/T_0000107483.flac,
T_0000094822,spoof,flac_T/T_0000094822.flac,
T_0000103578,spoof,flac_T/T_0000103578.flac,
T_0000075732,spoof,flac_T/T_0000075732.flac,
T_0000161783,spoof,flac_T/T_0000161783.flac,
T_0000017269,spoof,flac_T/T_0000017269.flac,
T_0000049053,spoof,flac_T/T_0000049053.flac,
T_0000053648,spoof,flac_T/T_0000053648.flac,
T_0000080490,spoof,flac_T/T_0000080490.flac,
T_0000055500,spoof,flac_T/T_0000055500.flac,
T_0000072189,spoof,flac_T/T_0000072189.flac,
T_0000064657,spoof,flac_T/T_0000064657.flac,
T_0000009448,spoof,flac_T/T_0000009448.flac,
T_0000171668,spoof,flac_T/T_0000171668.flac,
T_0000004568,spoof,flac_T/T_0000004568.flac,
T_0000076559,spoof,flac_T/T_0000076559.flac,
T_0000118361,spoof,flac_T/T_0000118361.flac,
T_0000038032,spoof,flac_T/T_0000038032.flac,
T_0000077496,spoof,flac_T/T_0000077496.flac,
T_0000152324,spoof,flac_T/T_0000152324.flac,
T_0000181565,spoof,flac_T/T_0000181565.flac,
T_0000136954,spoof,flac_T/T_0000136954.flac,
T_0000025021,spoof,flac_T/T_0000025021.flac,
T_0000078519,spoof,flac_T/T_0000078519.flac,
T_0000039414,spoof,flac_T/T_0000039414.flac,
T_0000053723,spoof,flac_T/T_0000053723.flac,
T_0000068110,spoof,flac_T/T_0000068110.flac,
T_0000101090,spoof,flac_T/T_0000101090.flac,
T_0000044748,spoof,flac_T/T_0000044748.flac,
T_0000121402,spoof,flac_T/T_0000121402.flac,
T_0000163972,spoof,flac_T/T_0000163972.flac,
T_0000150258,spoof,flac_T/T_0000150258.flac,
T_0000129204,spoof,flac_T/T_0000129204.flac,
T_0000111719,spoof,flac_T/T_0000111719.flac,
T_0000172695,spoof,flac_T/T_0000172695.flac,
T_0000095368,spoof,flac_T/T_0000095368.flac,
T_0000006448,spoof,flac_T/T_0000006448.flac,
T_0000139371,spoof,flac_T/T_0000139371.flac,
T_0000018321,spoof,flac_T/T_0000018321.flac,
T_0000133424,spoof,flac_T/T_0000133424.flac,
T_0000125087,spoof,flac_T/T_0000125087.flac,
T_0000038270,spoof,flac_T/T_0000038270.flac,
T_0000087239,spoof,flac_T/T_0000087239.flac,
T_0000072697,spoof,flac_T/T_0000072697.flac,
T_0000158679,spoof,flac_T/T_0000158679.flac,
T_0000171831,spoof,flac_T/T_0000171831.flac,
T_0000172585,spoof,flac_T/T_0000172585.flac,
T_0000021473,spoof,flac_T/T_0000021473.flac,
T_0000086939,spoof,flac_T/T_0000086939.flac,
T_0000109118,spoof,flac_T/T_0000109118.flac,
T_0000151127,spoof,flac_T/T_0000151127.flac,
T_0000168777,spoof,flac_T/T_0000168777.flac,
T_0000063221,spoof,flac_T/T_0000063221.flac,
T_0000068242,spoof,flac_T/T_0000068242.flac,
T_0000040063,spoof,flac_T/T_0000040063.flac,
T_0000042652,spoof,flac_T/T_0000042652.flac,
T_0000036039,spoof,flac_T/T_0000036039.flac,
T_0000107221,spoof,flac_T/T_0000107221.flac,
T_0000037030,spoof,flac_T/T_0000037030.flac,
T_0000032294,spoof,flac_T/T_0000032294.flac,
T_0000143921,spoof,flac_T/T_0000143921.flac,
T_0000098008,spoof,flac_T/T_0000098008.flac,
T_0000093265,spoof,flac_T/T_0000093265.flac,
T_0000132317,spoof,flac_T/T_0000132317.flac,
T_0000140123,spoof,flac_T/T_0000140123.flac,
T_0000038881,spoof,flac_T/T_0000038881.flac,
T_0000171405,spoof,flac_T/T_0000171405.flac,
T_0000056874,spoof,flac_T/T_0000056874.flac,
T_0000141720,spoof,flac_T/T_0000141720.flac,
T_0000125948,spoof,flac_T/T_0000125948.flac,
T_0000054542,spoof,flac_T/T_0000054542.flac,
T_0000134328,spoof,flac_T/T_0000134328.flac,
T_0000120370,spoof,flac_T/T_0000120370.flac,
T_0000150686,spoof,flac_T/T_0000150686.flac,
T_0000047783,spoof,flac_T/T_0000047783.flac,
T_0000022539,spoof,flac_T/T_0000022539.flac,
T_0000158465,spoof,flac_T/T_0000158465.flac,
T_0000070434,spoof,flac_T/T_0000070434.flac,
T_0000120214,spoof,flac_T/T_0000120214.flac,
T_0000051437,spoof,flac_T/T_0000051437.flac,
T_0000020692,spoof,flac_T/T_0000020692.flac,
T_0000038004,spoof,flac_T/T_0000038004.flac,
T_0000178839,spoof,flac_T/T_0000178839.flac,
T_0000153951,spoof,flac_T/T_0000153951.flac,
T_0000145322,spoof,flac_T/T_0000145322.flac,
T_0000148860,spoof,flac_T/T_0000148860.flac,
T_0000048522,spoof,flac_T/T_0000048522.flac,
T_0000012170,spoof,flac_T/T_0000012170.flac,
T_0000146691,spoof,flac_T/T_0000146691.flac,
T_0000098977,spoof,flac_T/T_0000098977.flac,
T_0000035168,spoof,flac_T/T_0000035168.flac,
T_0000123359,spoof,flac_T/T_0000123359.flac,
T_0000106213,spoof,flac_T/T_0000106213.flac,
T_0000086721,spoof,flac_T/T_0000086721.flac,
T_0000141642,spoof,flac_T/T_0000141642.flac,
T_0000024959,spoof,flac_T/T_0000024959.flac,
T_0000108686,spoof,flac_T/T_0000108686.flac,
T_0000074298,spoof,flac_T/T_0000074298.flac,
T_0000123060,spoof,flac_T/T_0000123060.flac,
T_0000062738,spoof,flac_T/T_0000062738.flac,
T_0000010576,spoof,flac_T/T_0000010576.flac,
T_0000125722,spoof,flac_T/T_0000125722.flac,
T_0000096133,spoof,flac_T/T_0000096133.flac,
T_0000041254,spoof,flac_T/T_0000041254.flac,
T_0000093386,spoof,flac_T/T_0000093386.flac,
T_0000113660,spoof,flac_T/T_0000113660.flac,
T_0000164980,spoof,flac_T/T_0000164980.flac,
T_0000003070,spoof,flac_T/T_0000003070.flac,
T_0000024145,spoof,flac_T/T_0000024145.flac,
T_0000171101,spoof,flac_T/T_0000171101.flac,
T_0000179926,spoof,flac_T/T_0000179926.flac,
T_0000043703,spoof,flac_T/T_0000043703.flac,
T_0000101783,spoof,flac_T/T_0000101783.flac,
T_0000163543,spoof,flac_T/T_0000163543.flac,
T_0000071622,spoof,flac_T/T_0000071622.flac,
T_0000025443,spoof,flac_T/T_0000025443.flac,
T_0000023140,spoof,flac_T/T_0000023140.flac,
T_0000038559,spoof,flac_T/T_0000038559.flac,
T_0000149354,spoof,flac_T/T_0000149354.flac,
T_0000168447,spoof,flac_T/T_0000168447.flac,
T_0000068440,spoof,flac_T/T_0000068440.flac,
T_0000091919,spoof,flac_T/T_0000091919.flac,
T_0000167128,spoof,flac_T/T_0000167128.flac,
T_0000097690,spoof,flac_T/T_0000097690.flac,
T_0000147641,spoof,flac_T/T_0000147641.flac,
T_0000095811,spoof,flac_T/T_0000095811.flac,
T_0000181337,spoof,flac_T/T_0000181337.flac,
T_0000089724,spoof,flac_T/T_0000089724.flac,
T_0000053885,spoof,flac_T/T_0000053885.flac,
T_0000073039,spoof,flac_T/T_0000073039.flac,
T_0000163474,spoof,flac_T/T_0000163474.flac,
T_0000112396,spoof,flac_T/T_0000112396.flac,
T_0000081535,spoof,flac_T/T_0000081535.flac,
T_0000169956,spoof,flac_T/T_0000169956.flac,
T_0000100452,spoof,flac_T/T_0000100452.flac,
T_0000143012,spoof,flac_T/T_0000143012.flac,
T_0000161281,spoof,flac_T/T_0000161281.flac,
T_0000004628,spoof,flac_T/T_0000004628.flac,
T_0000118745,spoof,flac_T/T_0000118745.flac,
T_0000090901,spoof,flac_T/T_0000090901.flac,
T_0000099303,spoof,flac_T/T_0000099303.flac,
T_0000149883,spoof,flac_T/T_0000149883.flac,
T_0000003599,spoof,flac_T/T_0000003599.flac,
T_0000136862,spoof,flac_T/T_0000136862.flac,
T_0000095884,spoof,flac_T/T_0000095884.flac,
T_0000118871,spoof,flac_T/T_0000118871.flac,
T_0000002979,spoof,flac_T/T_0000002979.flac,
T_0000069849,spoof,flac_T/T_0000069849.flac,
T_0000115031,spoof,flac_T/T_0000115031.flac,
T_0000170523,spoof,flac_T/T_0000170523.flac,
T_0000163598,spoof,flac_T/T_0000163598.flac,
T_0000013991,spoof,flac_T/T_0000013991.flac,
T_0000152539,spoof,flac_T/T_0000152539.flac,
T_0000143765,spoof,flac_T/T_0000143765.flac,
T_0000088310,spoof,flac_T/T_0000088310.flac,
T_0000024167,spoof,flac_T/T_0000024167.flac,
T_0000069871,spoof,flac_T/T_0000069871.flac,
T_0000027956,spoof,flac_T/T_0000027956.flac,
T_0000141025,spoof,flac_T/T_0000141025.flac,
T_0000073114,spoof,flac_T/T_0000073114.flac,
T_0000011862,spoof,flac_T/T_0000011862.flac,
T_0000007354,spoof,flac_T/T_0000007354.flac,
T_0000091776,spoof,flac_T/T_0000091776.flac,
T_0000113229,spoof,flac_T/T_0000113229.flac,
T_0000169912,spoof,flac_T/T_0000169912.flac,
T_0000107235,spoof,flac_T/T_0000107235.flac,
T_0000134208,spoof,flac_T/T_0000134208.flac,
T_0000147602,spoof,flac_T/T_0000147602.flac,
T_0000167752,spoof,flac_T/T_0000167752.flac,
T_0000028203,spoof,flac_T/T_0000028203.flac,
T_0000067808,spoof,flac_T/T_0000067808.flac,
T_0000137515,spoof,flac_T/T_0000137515.flac,
T_0000105515,spoof,flac_T/T_0000105515.flac,
T_0000105262,spoof,flac_T/T_0000105262.flac,
T_0000098688,spoof,flac_T/T_0000098688.flac,
T_0000043959,spoof,flac_T/T_0000043959.flac,
T_0000097916,spoof,flac_T/T_0000097916.flac,
T_0000076477,spoof,flac_T/T_0000076477.flac,
T_0000000228,spoof,flac_T/T_0000000228.flac,
T_0000167502,spoof,flac_T/T_0000167502.flac,
T_0000181143,spoof,flac_T/T_0000181143.flac,
T_0000026100,spoof,flac_T/T_0000026100.flac,
T_0000002549,spoof,flac_T/T_0000002549.flac,
T_0000153711,spoof,flac_T/T_0000153711.flac,
T_0000171241,spoof,flac_T/T_0000171241.flac,
T_0000125080,spoof,flac_T/T_0000125080.flac,
T_0000021381,spoof,flac_T/T_0000021381.flac,
T_0000029834,spoof,flac_T/T_0000029834.flac,
T_0000109494,spoof,flac_T/T_0000109494.flac,
T_0000001255,spoof,flac_T/T_0000001255.flac,
T_0000127716,spoof,flac_T/T_0000127716.flac,
T_0000172872,spoof,flac_T/T_0000172872.flac,
T_0000108592,spoof,flac_T/T_0000108592.flac,
T_0000096864,spoof,flac_T/T_0000096864.flac,
T_0000132715,spoof,flac_T/T_0000132715.flac,
T_0000057848,spoof,flac_T/T_0000057848.flac,
T_0000160192,spoof,flac_T/T_0000160192.flac,
T_0000018746,spoof,flac_T/T_0000018746.flac,
T_0000160022,spoof,flac_T/T_0000160022.flac,
T_0000150741,spoof,flac_T/T_0000150741.flac,
T_0000033483,spoof,flac_T/T_0000033483.flac,
T_0000069833,spoof,flac_T/T_0000069833.flac,
T_0000097339,spoof,flac_T/T_0000097339.flac,
T_0000059462,spoof,flac_T/T_0000059462.flac,
T_0000103471,spoof,flac_T/T_0000103471.flac,
T_0000112327,spoof,flac_T/T_0000112327.flac,
T_0000120072,spoof,flac_T/T_0000120072.flac,
T_0000019641,spoof,flac_T/T_0000019641.flac,
T_0000092693,spoof,flac_T/T_0000092693.flac,
T_0000064058,spoof,flac_T/T_0000064058.flac,
T_0000086518,spoof,flac_T/T_0000086518.flac,
T_0000172948,spoof,flac_T/T_0000172948.flac,
T_0000082183,spoof,flac_T/T_0000082183.flac,
T_0000007841,spoof,flac_T/T_0000007841.flac,
T_0000005996,spoof,flac_T/T_0000005996.flac,
T_0000036528,spoof,flac_T/T_0000036528.flac,
T_0000110361,spoof,flac_T/T_0000110361.flac,
T_0000161913,spoof,flac_T/T_0000161913.flac,
T_0000179440,spoof,flac_T/T_0000179440.flac,
T_0000108911,spoof,flac_T/T_0000108911.flac,
T_0000019548,spoof,flac_T/T_0000019548.flac,
T_0000062638,spoof,flac_T/T_0000062638.flac,
T_0000037248,spoof,flac_T/T_0000037248.flac,
T_0000076902,spoof,flac_T/T_0000076902.flac,
T_0000121747,spoof,flac_T/T_0000121747.flac,
T_0000043468,spoof,flac_T/T_0000043468.flac,
T_0000015512,spoof,flac_T/T_0000015512.flac,
T_0000087655,spoof,flac_T/T_0000087655.flac,
T_0000095868,spoof,flac_T/T_0000095868.flac,
T_0000113558,spoof,flac_T/T_0000113558.flac,
T_0000049697,spoof,flac_T/T_0000049697.flac,
T_0000156052,spoof,flac_T/T_0000156052.flac,
T_0000023699,spoof,flac_T/T_0000023699.flac,
T_0000052912,spoof,flac_T/T_0000052912.flac,
T_0000161520,spoof,flac_T/T_0000161520.flac,
T_0000142848,spoof,flac_T/T_0000142848.flac,
T_0000097095,spoof,flac_T/T_0000097095.flac,
T_0000142979,spoof,flac_T/T_0000142979.flac,
T_0000181491,spoof,flac_T/T_0000181491.flac,
T_0000075906,spoof,flac_T/T_0000075906.flac,
T_0000075290,spoof,flac_T/T_0000075290.flac,
T_0000071497,spoof,flac_T/T_0000071497.flac,
T_0000152256,spoof,flac_T/T_0000152256.flac,
T_0000008320,spoof,flac_T/T_0000008320.flac,
T_0000123089,spoof,flac_T/T_0000123089.flac,
T_0000021842,spoof,flac_T/T_0000021842.flac,
T_0000143395,spoof,flac_T/T_0000143395.flac,
T_0000103945,spoof,flac_T/T_0000103945.flac,
T_0000093308,spoof,flac_T/T_0000093308.flac,
T_0000044399,spoof,flac_T/T_0000044399.flac,
T_0000155193,spoof,flac_T/T_0000155193.flac,
T_0000119898,spoof,flac_T/T_0000119898.flac,
T_0000014555,spoof,flac_T/T_0000014555.flac,
T_0000135005,spoof,flac_T/T_0000135005.flac,
T_0000126152,spoof,flac_T/T_0000126152.flac,
T_0000017855,spoof,flac_T/T_0000017855.flac,
T_0000136554,spoof,flac_T/T_0000136554.flac,
T_0000066239,spoof,flac_T/T_0000066239.flac,
T_0000097227,spoof,flac_T/T_0000097227.flac,
T_0000126354,spoof,flac_T/T_0000126354.flac,
T_0000106121,spoof,flac_T/T_0000106121.flac,
T_0000127829,spoof,flac_T/T_0000127829.flac,
T_0000154324,spoof,flac_T/T_0000154324.flac,
T_0000145036,spoof,flac_T/T_0000145036.flac,
T_0000126546,spoof,flac_T/T_0000126546.flac,
T_0000013634,spoof,flac_T/T_0000013634.flac,
T_0000145034,spoof,flac_T/T_0000145034.flac,
T_0000011518,spoof,flac_T/T_0000011518.flac,
T_0000107984,spoof,flac_T/T_0000107984.flac,
T_0000008117,spoof,flac_T/T_0000008117.flac,
T_0000063665,spoof,flac_T/T_0000063665.flac,
T_0000064505,spoof,flac_T/T_0000064505.flac,
T_0000002263,spoof,flac_T/T_0000002263.flac,
T_0000006758,spoof,flac_T/T_0000006758.flac,
T_0000128184,spoof,flac_T/T_0000128184.flac,
T_0000133729,spoof,flac_T/T_0000133729.flac,
T_0000014659,spoof,flac_T/T_0000014659.flac,
T_0000169073,spoof,flac_T/T_0000169073.flac,
T_0000034447,spoof,flac_T/T_0000034447.flac,
T_0000092206,spoof,flac_T/T_0000092206.flac,
T_0000002266,spoof,flac_T/T_0000002266.flac,
T_0000010359,spoof,flac_T/T_0000010359.flac,
T_0000137539,spoof,flac_T/T_0000137539.flac,
T_0000142467,spoof,flac_T/T_0000142467.flac,
T_0000039372,spoof,flac_T/T_0000039372.flac,
T_0000055341,spoof,flac_T/T_0000055341.flac,
T_0000034505,spoof,flac_T/T_0000034505.flac,
T_0000073285,spoof,flac_T/T_0000073285.flac,
T_0000026732,spoof,flac_T/T_0000026732.flac,
T_0000116648,spoof,flac_T/T_0000116648.flac,
T_0000173794,spoof,flac_T/T_0000173794.flac,
T_0000075509,spoof,flac_T/T_0000075509.flac,
T_0000169387,spoof,flac_T/T_0000169387.flac,
T_0000088445,spoof,flac_T/T_0000088445.flac,
T_0000059382,spoof,flac_T/T_0000059382.flac,
T_0000134369,spoof,flac_T/T_0000134369.flac,
T_0000170092,spoof,flac_T/T_0000170092.flac,
T_0000164509,spoof,flac_T/T_0000164509.flac,
T_0000081635,spoof,flac_T/T_0000081635.flac,
T_0000112010,spoof,flac_T/T_0000112010.flac,
T_0000150325,spoof,flac_T/T_0000150325.flac,
T_0000144483,spoof,flac_T/T_0000144483.flac,
T_0000166767,spoof,flac_T/T_0000166767.flac,
T_0000168592,spoof,flac_T/T_0000168592.flac,
T_0000009883,spoof,flac_T/T_0000009883.flac,
T_0000088058,spoof,flac_T/T_0000088058.flac,
T_0000116759,spoof,flac_T/T_0000116759.flac,
T_0000074151,spoof,flac_T/T_0000074151.flac,
T_0000102271,spoof,flac_T/T_0000102271.flac,
T_0000163588,spoof,flac_T/T_0000163588.flac,
T_0000132774,spoof,flac_T/T_0000132774.flac,
T_0000087334,spoof,flac_T/T_0000087334.flac,
T_0000000200,spoof,flac_T/T_0000000200.flac,
T_0000143664,spoof,flac_T/T_0000143664.flac,
T_0000032101,spoof,flac_T/T_0000032101.flac,
T_0000043724,spoof,flac_T/T_0000043724.flac,
T_0000031834,spoof,flac_T/T_0000031834.flac,
T_0000020382,spoof,flac_T/T_0000020382.flac,
T_0000167912,spoof,flac_T/T_0000167912.flac,
T_0000113858,spoof,flac_T/T_0000113858.flac,
T_0000142269,spoof,flac_T/T_0000142269.flac,
T_0000155103,spoof,flac_T/T_0000155103.flac,
T_0000161398,spoof,flac_T/T_0000161398.flac,
T_0000151056,spoof,flac_T/T_0000151056.flac,
T_0000150351,spoof,flac_T/T_0000150351.flac,
T_0000169055,spoof,flac_T/T_0000169055.flac,
T_0000103267,spoof,flac_T/T_0000103267.flac,
T_0000156548,spoof,flac_T/T_0000156548.flac,
T_0000118498,spoof,flac_T/T_0000118498.flac,
T_0000142203,spoof,flac_T/T_0000142203.flac,
T_0000149782,spoof,flac_T/T_0000149782.flac,
T_0000114065,spoof,flac_T/T_0000114065.flac,
T_0000148938,spoof,flac_T/T_0000148938.flac,
T_0000037863,spoof,flac_T/T_0000037863.flac,
T_0000143130,spoof,flac_T/T_0000143130.flac,
T_0000067663,spoof,flac_T/T_0000067663.flac,
T_0000033157,spoof,flac_T/T_0000033157.flac,
T_0000014213,spoof,flac_T/T_0000014213.flac,
T_0000046316,spoof,flac_T/T_0000046316.flac,
T_0000113263,spoof,flac_T/T_0000113263.flac,
T_0000096729,spoof,flac_T/T_0000096729.flac,
T_0000143846,spoof,flac_T/T_0000143846.flac,
T_0000075517,spoof,flac_T/T_0000075517.flac,
T_0000082991,spoof,flac_T/T_0000082991.flac,
T_0000017926,spoof,flac_T/T_0000017926.flac,
T_0000031644,spoof,flac_T/T_0000031644.flac,
T_0000008448,spoof,flac_T/T_0000008448.flac,
T_0000050273,spoof,flac_T/T_0000050273.flac,
T_0000163574,spoof,flac_T/T_0000163574.flac,
T_0000085503,spoof,flac_T/T_0000085503.flac,
T_0000147657,spoof,flac_T/T_0000147657.flac,
T_0000012058,spoof,flac_T/T_0000012058.flac,
T_0000137532,spoof,flac_T/T_0000137532.flac,
T_0000016954,spoof,flac_T/T_0000016954.flac,
T_0000166884,spoof,flac_T/T_0000166884.flac,
T_0000007283,spoof,flac_T/T_0000007283.flac,
T_0000105782,spoof,flac_T/T_0000105782.flac,
T_0000019449,spoof,flac_T/T_0000019449.flac,
T_0000035141,spoof,flac_T/T_0000035141.flac,
T_0000088974,spoof,flac_T/T_0000088974.flac,
T_0000075940,spoof,flac_T/T_0000075940.flac,
T_0000078373,spoof,flac_T/T_0000078373.flac,
T_0000085156,spoof,flac_T/T_0000085156.flac,
T_0000130222,spoof,flac_T/T_0000130222.flac,
T_0000091317,spoof,flac_T/T_0000091317.flac,
T_0000084012,spoof,flac_T/T_0000084012.flac,
T_0000092766,spoof,flac_T/T_0000092766.flac,
T_0000154808,spoof,flac_T/T_0000154808.flac,
T_0000169931,spoof,flac_T/T_0000169931.flac,
T_0000013757,spoof,flac_T/T_0000013757.flac,
T_0000148755,spoof,flac_T/T_0000148755.flac,
T_0000007061,spoof,flac_T/T_0000007061.flac,
T_0000071359,spoof,flac_T/T_0000071359.flac,
T_0000181831,spoof,flac_T/T_0000181831.flac,
T_0000163002,spoof,flac_T/T_0000163002.flac,
T_0000161950,spoof,flac_T/T_0000161950.flac,
T_0000050472,spoof,flac_T/T_0000050472.flac,
T_0000158781,spoof,flac_T/T_0000158781.flac,
T_0000107781,spoof,flac_T/T_0000107781.flac,
T_0000113132,spoof,flac_T/T_0000113132.flac,
T_0000137124,spoof,flac_T/T_0000137124.flac,
T_0000124257,spoof,flac_T/T_0000124257.flac,
T_0000125635,spoof,flac_T/T_0000125635.flac,
T_0000007709,spoof,flac_T/T_0000007709.flac,
T_0000080796,spoof,flac_T/T_0000080796.flac,
T_0000041110,spoof,flac_T/T_0000041110.flac,
T_0000121709,spoof,flac_T/T_0000121709.flac,
T_0000098880,spoof,flac_T/T_0000098880.flac,
T_0000139337,spoof,flac_T/T_0000139337.flac,
T_0000110484,spoof,flac_T/T_0000110484.flac,
T_0000178632,spoof,flac_T/T_0000178632.flac,
T_0000143243,spoof,flac_T/T_0000143243.flac,
T_0000004491,spoof,flac_T/T_0000004491.flac,
T_0000094132,spoof,flac_T/T_0000094132.flac,
T_0000080408,spoof,flac_T/T_0000080408.flac,
T_0000130623,spoof,flac_T/T_0000130623.flac,
T_0000150920,spoof,flac_T/T_0000150920.flac,
T_0000113815,spoof,flac_T/T_0000113815.flac,
T_0000099377,spoof,flac_T/T_0000099377.flac,
T_0000006637,spoof,flac_T/T_0000006637.flac,
T_0000061044,spoof,flac_T/T_0000061044.flac,
T_0000165874,spoof,flac_T/T_0000165874.flac,
T_0000004390,spoof,flac_T/T_0000004390.flac,
T_0000105007,spoof,flac_T/T_0000105007.flac,
T_0000123394,spoof,flac_T/T_0000123394.flac,
T_0000035117,spoof,flac_T/T_0000035117.flac,
T_0000150162,spoof,flac_T/T_0000150162.flac,
T_0000180850,spoof,flac_T/T_0000180850.flac,
T_0000097097,spoof,flac_T/T_0000097097.flac,
T_0000127141,spoof,flac_T/T_0000127141.flac,
T_0000055882,spoof,flac_T/T_0000055882.flac,
T_0000165713,spoof,flac_T/T_0000165713.flac,
T_0000086744,spoof,flac_T/T_0000086744.flac,
T_0000163120,spoof,flac_T/T_0000163120.flac,
T_0000096439,spoof,flac_T/T_0000096439.flac,
T_0000099383,spoof,flac_T/T_0000099383.flac,
T_0000118599,spoof,flac_T/T_0000118599.flac,
T_0000043460,spoof,flac_T/T_0000043460.flac,
T_0000122697,spoof,flac_T/T_0000122697.flac,
T_0000010280,spoof,flac_T/T_0000010280.flac,
T_0000040401,spoof,flac_T/T_0000040401.flac,
T_0000026913,spoof,flac_T/T_0000026913.flac,
T_0000129301,spoof,flac_T/T_0000129301.flac,
T_0000101972,spoof,flac_T/T_0000101972.flac,
T_0000141437,spoof,flac_T/T_0000141437.flac,
T_0000164316,spoof,flac_T/T_0000164316.flac,
T_0000096848,spoof,flac_T/T_0000096848.flac,
T_0000088663,spoof,flac_T/T_0000088663.flac,
T_0000076771,spoof,flac_T/T_0000076771.flac,
T_0000033025,spoof,flac_T/T_0000033025.flac,
T_0000160324,spoof,flac_T/T_0000160324.flac,
T_0000130539,spoof,flac_T/T_0000130539.flac,
T_0000097785,spoof,flac_T/T_0000097785.flac,
T_0000015728,spoof,flac_T/T_0000015728.flac,
T_0000027159,spoof,flac_T/T_0000027159.flac,
T_0000075752,spoof,flac_T/T_0000075752.flac,
T_0000111225,spoof,flac_T/T_0000111225.flac,
T_0000008754,spoof,flac_T/T_0000008754.flac,
T_0000168393,spoof,flac_T/T_0000168393.flac,
T_0000058589,spoof,flac_T/T_0000058589.flac,
T_0000066803,spoof,flac_T/T_0000066803.flac,
T_0000152178,spoof,flac_T/T_0000152178.flac,
T_0000064661,spoof,flac_T/T_0000064661.flac,
T_0000091493,spoof,flac_T/T_0000091493.flac,
T_0000121984,spoof,flac_T/T_0000121984.flac,
T_0000113190,spoof,flac_T/T_0000113190.flac,
T_0000125057,spoof,flac_T/T_0000125057.flac,
T_0000162545,spoof,flac_T/T_0000162545.flac,
T_0000123506,spoof,flac_T/T_0000123506.flac,
T_0000059142,spoof,flac_T/T_0000059142.flac,
T_0000042075,spoof,flac_T/T_0000042075.flac,
T_0000177979,spoof,flac_T/T_0000177979.flac,
T_0000076675,spoof,flac_T/T_0000076675.flac,
T_0000105461,spoof,flac_T/T_0000105461.flac,
T_0000046558,spoof,flac_T/T_0000046558.flac,
T_0000032682,spoof,flac_T/T_0000032682.flac,
T_0000083861,spoof,flac_T/T_0000083861.flac,
T_0000154569,spoof,flac_T/T_0000154569.flac,
T_0000004845,spoof,flac_T/T_0000004845.flac,
T_0000132198,spoof,flac_T/T_0000132198.flac,
T_0000044981,spoof,flac_T/T_0000044981.flac,
T_0000055084,spoof,flac_T/T_0000055084.flac,
T_0000077337,spoof,flac_T/T_0000077337.flac,
T_0000084921,spoof,flac_T/T_0000084921.flac,
T_0000030132,spoof,flac_T/T_0000030132.flac,
T_0000012647,spoof,flac_T/T_0000012647.flac,
T_0000156472,spoof,flac_T/T_0000156472.flac,
T_0000132230,spoof,flac_T/T_0000132230.flac,
T_0000059777,spoof,flac_T/T_0000059777.flac,
T_0000102711,spoof,flac_T/T_0000102711.flac,
T_0000072670,spoof,flac_T/T_0000072670.flac,
T_0000139621,spoof,flac_T/T_0000139621.flac,
T_0000008716,spoof,flac_T/T_0000008716.flac,
T_0000064474,spoof,flac_T/T_0000064474.flac,
T_0000046093,spoof,flac_T/T_0000046093.flac,
T_0000152289,spoof,flac_T/T_0000152289.flac,
T_0000066809,spoof,flac_T/T_0000066809.flac,
T_0000134171,spoof,flac_T/T_0000134171.flac,
T_0000074550,spoof,flac_T/T_0000074550.flac,
T_0000065529,spoof,flac_T/T_0000065529.flac,
T_0000021415,spoof,flac_T/T_0000021415.flac,
T_0000157230,spoof,flac_T/T_0000157230.flac,
T_0000056220,spoof,flac_T/T_0000056220.flac,
T_0000153536,spoof,flac_T/T_0000153536.flac,
T_0000114727,spoof,flac_T/T_0000114727.flac,
T_0000011783,spoof,flac_T/T_0000011783.flac,
T_0000133878,spoof,flac_T/T_0000133878.flac,
T_0000046666,spoof,flac_T/T_0000046666.flac,
T_0000001774,spoof,flac_T/T_0000001774.flac,
T_0000008997,spoof,flac_T/T_0000008997.flac,
T_0000075892,spoof,flac_T/T_0000075892.flac,
T_0000181964,spoof,flac_T/T_0000181964.flac,
T_0000043923,spoof,flac_T/T_0000043923.flac,
T_0000074985,spoof,flac_T/T_0000074985.flac,
T_0000006436,spoof,flac_T/T_0000006436.flac,
T_0000128619,spoof,flac_T/T_0000128619.flac,
T_0000101017,spoof,flac_T/T_0000101017.flac,
T_0000146191,spoof,flac_T/T_0000146191.flac,
T_0000085241,spoof,flac_T/T_0000085241.flac,
T_0000111632,spoof,flac_T/T_0000111632.flac,
T_0000012141,spoof,flac_T/T_0000012141.flac,
T_0000122707,spoof,flac_T/T_0000122707.flac,
T_0000141129,spoof,flac_T/T_0000141129.flac,
T_0000153932,spoof,flac_T/T_0000153932.flac,
T_0000020317,spoof,flac_T/T_0000020317.flac,
T_0000051119,spoof,flac_T/T_0000051119.flac,
T_0000181464,spoof,flac_T/T_0000181464.flac,
T_0000139737,spoof,flac_T/T_0000139737.flac,
T_0000122657,spoof,flac_T/T_0000122657.flac,
T_0000155304,spoof,flac_T/T_0000155304.flac,
T_0000040395,spoof,flac_T/T_0000040395.flac,
T_0000048389,spoof,flac_T/T_0000048389.flac,
T_0000057963,spoof,flac_T/T_0000057963.flac,
T_0000180312,spoof,flac_T/T_0000180312.flac,
T_0000015345,spoof,flac_T/T_0000015345.flac,
T_0000167526,spoof,flac_T/T_0000167526.flac,
T_0000045378,spoof,flac_T/T_0000045378.flac,
T_0000148280,spoof,flac_T/T_0000148280.flac,
T_0000073095,spoof,flac_T/T_0000073095.flac,
T_0000141418,spoof,flac_T/T_0000141418.flac,
T_0000012637,spoof,flac_T/T_0000012637.flac,
T_0000081905,spoof,flac_T/T_0000081905.flac,
T_0000100790,spoof,flac_T/T_0000100790.flac,
T_0000040999,spoof,flac_T/T_0000040999.flac,
T_0000170616,spoof,flac_T/T_0000170616.flac,
T_0000144741,spoof,flac_T/T_0000144741.flac,
T_0000161669,spoof,flac_T/T_0000161669.flac,
T_0000042385,spoof,flac_T/T_0000042385.flac,
T_0000095321,spoof,flac_T/T_0000095321.flac,
T_0000030445,spoof,flac_T/T_0000030445.flac,
T_0000121142,spoof,flac_T/T_0000121142.flac,
T_0000046489,spoof,flac_T/T_0000046489.flac,
T_0000168691,spoof,flac_T/T_0000168691.flac,
T_0000057547,spoof,flac_T/T_0000057547.flac,
T_0000033418,spoof,flac_T/T_0000033418.flac,
T_0000137817,spoof,flac_T/T_0000137817.flac,
T_0000090713,spoof,flac_T/T_0000090713.flac,
T_0000025506,spoof,flac_T/T_0000025506.flac,
T_0000035582,spoof,flac_T/T_0000035582.flac,
T_0000086332,spoof,flac_T/T_0000086332.flac,
T_0000106923,spoof,flac_T/T_0000106923.flac,
T_0000056706,spoof,flac_T/T_0000056706.flac,
T_0000080209,spoof,flac_T/T_0000080209.flac,
T_0000032506,spoof,flac_T/T_0000032506.flac,
T_0000141388,spoof,flac_T/T_0000141388.flac,
T_0000025416,spoof,flac_T/T_0000025416.flac,
T_0000140799,spoof,flac_T/T_0000140799.flac,
T_0000181534,spoof,flac_T/T_0000181534.flac,
T_0000075968,spoof,flac_T/T_0000075968.flac,
T_0000099419,spoof,flac_T/T_0000099419.flac,
T_0000054664,spoof,flac_T/T_0000054664.flac,
T_0000080071,spoof,flac_T/T_0000080071.flac,
T_0000069897,spoof,flac_T/T_0000069897.flac,
T_0000110185,spoof,flac_T/T_0000110185.flac,
T_0000033307,spoof,flac_T/T_0000033307.flac,
T_0000142830,spoof,flac_T/T_0000142830.flac,
T_0000046544,spoof,flac_T/T_0000046544.flac,
T_0000045961,spoof,flac_T/T_0000045961.flac,
T_0000160278,spoof,flac_T/T_0000160278.flac,
T_0000086450,spoof,flac_T/T_0000086450.flac,
T_0000153473,spoof,flac_T/T_0000153473.flac,
T_0000050039,spoof,flac_T/T_0000050039.flac,
T_0000127048,spoof,flac_T/T_0000127048.flac,
T_0000140331,spoof,flac_T/T_0000140331.flac,
T_0000145928,spoof,flac_T/T_0000145928.flac,
T_0000026291,spoof,flac_T/T_0000026291.flac,
T_0000160944,spoof,flac_T/T_0000160944.flac,
T_0000143701,spoof,flac_T/T_0000143701.flac,
T_0000107111,spoof,flac_T/T_0000107111.flac,
T_0000100932,spoof,flac_T/T_0000100932.flac,
T_0000178119,spoof,flac_T/T_0000178119.flac,
T_0000004167,spoof,flac_T/T_0000004167.flac,
T_0000035234,spoof,flac_T/T_0000035234.flac,
T_0000159579,spoof,flac_T/T_0000159579.flac,
T_0000137096,spoof,flac_T/T_0000137096.flac,
T_0000030147,spoof,flac_T/T_0000030147.flac,
T_0000085190,spoof,flac_T/T_0000085190.flac,
T_0000164477,spoof,flac_T/T_0000164477.flac,
T_0000145672,spoof,flac_T/T_0000145672.flac,
T_0000014241,spoof,flac_T/T_0000014241.flac,
T_0000014896,spoof,flac_T/T_0000014896.flac,
T_0000119965,spoof,flac_T/T_0000119965.flac,
T_0000163111,spoof,flac_T/T_0000163111.flac,
T_0000182180,spoof,flac_T/T_0000182180.flac,
T_0000060137,spoof,flac_T/T_0000060137.flac,
T_0000022778,spoof,flac_T/T_0000022778.flac,
T_0000129649,spoof,flac_T/T_0000129649.flac,
T_0000062827,spoof,flac_T/T_0000062827.flac,
T_0000101072,spoof,flac_T/T_0000101072.flac,
T_0000023581,spoof,flac_T/T_0000023581.flac,
T_0000157658,spoof,flac_T/T_0000157658.flac,
T_0000087708,spoof,flac_T/T_0000087708.flac,
T_0000136385,spoof,flac_T/T_0000136385.flac,
T_0000068261,spoof,flac_T/T_0000068261.flac,
T_0000092550,spoof,flac_T/T_0000092550.flac,
T_0000176595,spoof,flac_T/T_0000176595.flac,
T_0000012048,spoof,flac_T/T_0000012048.flac,
T_0000076919,spoof,flac_T/T_0000076919.flac,
T_0000056458,spoof,flac_T/T_0000056458.flac,
T_0000121275,spoof,flac_T/T_0000121275.flac,
T_0000070393,spoof,flac_T/T_0000070393.flac,
T_0000026194,spoof,flac_T/T_0000026194.flac,
T_0000153607,spoof,flac_T/T_0000153607.flac,
T_0000031755,spoof,flac_T/T_0000031755.flac,
T_0000058240,spoof,flac_T/T_0000058240.flac,
T_0000175357,spoof,flac_T/T_0000175357.flac,
T_0000126031,spoof,flac_T/T_0000126031.flac,
T_0000130028,spoof,flac_T/T_0000130028.flac,
T_0000109507,spoof,flac_T/T_0000109507.flac,
T_0000101903,spoof,flac_T/T_0000101903.flac,
T_0000003696,spoof,flac_T/T_0000003696.flac,
T_0000109171,spoof,flac_T/T_0000109171.flac,
T_0000102298,spoof,flac_T/T_0000102298.flac,
T_0000077275,spoof,flac_T/T_0000077275.flac,
T_0000148742,spoof,flac_T/T_0000148742.flac,
T_0000047947,spoof,flac_T/T_0000047947.flac,
T_0000011053,spoof,flac_T/T_0000011053.flac,
T_0000040682,spoof,flac_T/T_0000040682.flac,
T_0000008402,spoof,flac_T/T_0000008402.flac,
T_0000099274,spoof,flac_T/T_0000099274.flac,
T_0000006231,spoof,flac_T/T_0000006231.flac,
T_0000102003,spoof,flac_T/T_0000102003.flac,
T_0000065227,spoof,flac_T/T_0000065227.flac,
T_0000124336,spoof,flac_T/T_0000124336.flac,
T_0000152551,spoof,flac_T/T_0000152551.flac,
T_0000048763,spoof,flac_T/T_0000048763.flac,
T_0000040338,spoof,flac_T/T_0000040338.flac,
T_0000159298,spoof,flac_T/T_0000159298.flac,
T_0000006460,spoof,flac_T/T_0000006460.flac,
T_0000067407,spoof,flac_T/T_0000067407.flac,
T_0000091226,spoof,flac_T/T_0000091226.flac,
T_0000065070,spoof,flac_T/T_0000065070.flac,
T_0000085674,spoof,flac_T/T_0000085674.flac,
T_0000001416,spoof,flac_T/T_0000001416.flac,
T_0000034627,spoof,flac_T/T_0000034627.flac,
T_0000013804,spoof,flac_T/T_0000013804.flac,
T_0000027516,spoof,flac_T/T_0000027516.flac,
T_0000041743,spoof,flac_T/T_0000041743.flac,
T_0000001254,spoof,flac_T/T_0000001254.flac,
T_0000179977,spoof,flac_T/T_0000179977.flac,
T_0000001733,spoof,flac_T/T_0000001733.flac,
T_0000068655,spoof,flac_T/T_0000068655.flac,
T_0000139432,spoof,flac_T/T_0000139432.flac,
T_0000123457,spoof,flac_T/T_0000123457.flac,
T_0000067858,spoof,flac_T/T_0000067858.flac,
T_0000132405,spoof,flac_T/T_0000132405.flac,
T_0000055379,spoof,flac_T/T_0000055379.flac,
T_0000131151,spoof,flac_T/T_0000131151.flac,
T_0000008890,spoof,flac_T/T_0000008890.flac,
T_0000129932,spoof,flac_T/T_0000129932.flac,
T_0000086639,spoof,flac_T/T_0000086639.flac,
T_0000037485,spoof,flac_T/T_0000037485.flac,
T_0000147067,spoof,flac_T/T_0000147067.flac,
T_0000043355,spoof,flac_T/T_0000043355.flac,
T_0000048289,spoof,flac_T/T_0000048289.flac,
T_0000046097,spoof,flac_T/T_0000046097.flac,
T_0000023327,spoof,flac_T/T_0000023327.flac,
T_0000096897,spoof,flac_T/T_0000096897.flac,
T_0000041520,spoof,flac_T/T_0000041520.flac,
T_0000037130,spoof,flac_T/T_0000037130.flac,
T_0000095028,spoof,flac_T/T_0000095028.flac,
T_0000005589,spoof,flac_T/T_0000005589.flac,
T_0000090714,spoof,flac_T/T_0000090714.flac,
T_0000095606,spoof,flac_T/T_0000095606.flac,
T_0000171915,spoof,flac_T/T_0000171915.flac,
T_0000112061,spoof,flac_T/T_0000112061.flac,
T_0000056121,spoof,flac_T/T_0000056121.flac,
T_0000173532,spoof,flac_T/T_0000173532.flac,
T_0000154008,spoof,flac_T/T_0000154008.flac,
T_0000047770,spoof,flac_T/T_0000047770.flac,
T_0000037626,spoof,flac_T/T_0000037626.flac,
T_0000110915,spoof,flac_T/T_0000110915.flac,
T_0000037109,spoof,flac_T/T_0000037109.flac,
T_0000158424,spoof,flac_T/T_0000158424.flac,
T_0000055731,spoof,flac_T/T_0000055731.flac,
T_0000007091,spoof,flac_T/T_0000007091.flac,
T_0000179524,spoof,flac_T/T_0000179524.flac,
T_0000152710,spoof,flac_T/T_0000152710.flac,
T_0000164136,spoof,flac_T/T_0000164136.flac,
T_0000030599,spoof,flac_T/T_0000030599.flac,
T_0000113083,spoof,flac_T/T_0000113083.flac,
T_0000013562,spoof,flac_T/T_0000013562.flac,
T_0000012766,spoof,flac_T/T_0000012766.flac,
T_0000173125,spoof,flac_T/T_0000173125.flac,
T_0000011627,spoof,flac_T/T_0000011627.flac,
T_0000143603,spoof,flac_T/T_0000143603.flac,
T_0000013189,spoof,flac_T/T_0000013189.flac,
T_0000139888,spoof,flac_T/T_0000139888.flac,
T_0000167467,spoof,flac_T/T_0000167467.flac,
T_0000174541,spoof,flac_T/T_0000174541.flac,
T_0000054886,spoof,flac_T/T_0000054886.flac,
T_0000181711,spoof,flac_T/T_0000181711.flac,
T_0000130822,spoof,flac_T/T_0000130822.flac,
T_0000049233,spoof,flac_T/T_0000049233.flac,
T_0000045161,spoof,flac_T/T_0000045161.flac,
T_0000071222,spoof,flac_T/T_0000071222.flac,
T_0000013195,spoof,flac_T/T_0000013195.flac,
T_0000037510,spoof,flac_T/T_0000037510.flac,
T_0000035257,spoof,flac_T/T_0000035257.flac,
T_0000020627,spoof,flac_T/T_0000020627.flac,
T_0000082899,spoof,flac_T/T_0000082899.flac,
T_0000036836,spoof,flac_T/T_0000036836.flac,
T_0000151483,spoof,flac_T/T_0000151483.flac,
T_0000045590,spoof,flac_T/T_0000045590.flac,
T_0000056736,spoof,flac_T/T_0000056736.flac,
T_0000077524,spoof,flac_T/T_0000077524.flac,
T_0000124084,spoof,flac_T/T_0000124084.flac,
T_0000133245,spoof,flac_T/T_0000133245.flac,
T_0000060239,spoof,flac_T/T_0000060239.flac,
T_0000175050,spoof,flac_T/T_0000175050.flac,
T_0000050836,spoof,flac_T/T_0000050836.flac,
T_0000015681,spoof,flac_T/T_0000015681.flac,
T_0000126676,spoof,flac_T/T_0000126676.flac,
T_0000054134,spoof,flac_T/T_0000054134.flac,
T_0000116227,spoof,flac_T/T_0000116227.flac,
T_0000002000,spoof,flac_T/T_0000002000.flac,
T_0000082955,spoof,flac_T/T_0000082955.flac,
T_0000079248,spoof,flac_T/T_0000079248.flac,
T_0000032333,spoof,flac_T/T_0000032333.flac,
T_0000033119,spoof,flac_T/T_0000033119.flac,
T_0000042095,spoof,flac_T/T_0000042095.flac,
T_0000084416,spoof,flac_T/T_0000084416.flac,
T_0000146625,spoof,flac_T/T_0000146625.flac,
T_0000126639,spoof,flac_T/T_0000126639.flac,
T_0000116122,spoof,flac_T/T_0000116122.flac,
T_0000144819,spoof,flac_T/T_0000144819.flac,
T_0000143618,spoof,flac_T/T_0000143618.flac,
T_0000156271,spoof,flac_T/T_0000156271.flac,
T_0000034383,spoof,flac_T/T_0000034383.flac,
T_0000161358,spoof,flac_T/T_0000161358.flac,
T_0000111254,spoof,flac_T/T_0000111254.flac,
T_0000066074,spoof,flac_T/T_0000066074.flac,
T_0000162770,spoof,flac_T/T_0000162770.flac,
T_0000126765,spoof,flac_T/T_0000126765.flac,
T_0000066573,spoof,flac_T/T_0000066573.flac,
T_0000083486,spoof,flac_T/T_0000083486.flac,
T_0000056623,spoof,flac_T/T_0000056623.flac,
T_0000071248,spoof,flac_T/T_0000071248.flac,
T_0000024672,spoof,flac_T/T_0000024672.flac,
T_0000096833,spoof,flac_T/T_0000096833.flac,
T_0000152058,spoof,flac_T/T_0000152058.flac,
T_0000167971,spoof,flac_T/T_0000167971.flac,
T_0000081704,spoof,flac_T/T_0000081704.flac,
T_0000151739,spoof,flac_T/T_0000151739.flac,
T_0000077464,spoof,flac_T/T_0000077464.flac,
T_0000040926,spoof,flac_T/T_0000040926.flac,
T_0000156194,spoof,flac_T/T_0000156194.flac,
T_0000178634,spoof,flac_T/T_0000178634.flac,
T_0000156185,spoof,flac_T/T_0000156185.flac,
T_0000005907,spoof,flac_T/T_0000005907.flac,
T_0000123864,spoof,flac_T/T_0000123864.flac,
T_0000087687,spoof,flac_T/T_0000087687.flac,
T_0000070978,spoof,flac_T/T_0000070978.flac,
T_0000105296,spoof,flac_T/T_0000105296.flac,
T_0000174618,spoof,flac_T/T_0000174618.flac,
T_0000176191,spoof,flac_T/T_0000176191.flac,
T_0000077489,spoof,flac_T/T_0000077489.flac,
T_0000040762,spoof,flac_T/T_0000040762.flac,
T_0000178007,spoof,flac_T/T_0000178007.flac,
T_0000014187,spoof,flac_T/T_0000014187.flac,
T_0000177051,spoof,flac_T/T_0000177051.flac,
T_0000109840,spoof,flac_T/T_0000109840.flac,
T_0000145755,spoof,flac_T/T_0000145755.flac,
T_0000086704,spoof,flac_T/T_0000086704.flac,
T_0000073146,spoof,flac_T/T_0000073146.flac,
T_0000106100,spoof,flac_T/T_0000106100.flac,
T_0000100683,spoof,flac_T/T_0000100683.flac,
T_0000169396,spoof,flac_T/T_0000169396.flac,
T_0000049472,spoof,flac_T/T_0000049472.flac,
T_0000148401,spoof,flac_T/T_0000148401.flac,
T_0000056859,spoof,flac_T/T_0000056859.flac,
T_0000161631,spoof,flac_T/T_0000161631.flac,
T_0000168141,spoof,flac_T/T_0000168141.flac,
T_0000054656,spoof,flac_T/T_0000054656.flac,
T_0000130039,spoof,flac_T/T_0000130039.flac,
T_0000025605,spoof,flac_T/T_0000025605.flac,
T_0000059598,spoof,flac_T/T_0000059598.flac,
T_0000042234,spoof,flac_T/T_0000042234.flac,
T_0000055152,spoof,flac_T/T_0000055152.flac,
T_0000166071,spoof,flac_T/T_0000166071.flac,
T_0000145508,spoof,flac_T/T_0000145508.flac,
T_0000004885,spoof,flac_T/T_0000004885.flac,
T_0000170125,spoof,flac_T/T_0000170125.flac,
T_0000132013,spoof,flac_T/T_0000132013.flac,
T_0000081997,spoof,flac_T/T_0000081997.flac,
T_0000026067,spoof,flac_T/T_0000026067.flac,
T_0000106789,spoof,flac_T/T_0000106789.flac,
T_0000046821,spoof,flac_T/T_0000046821.flac,
T_0000141098,spoof,flac_T/T_0000141098.flac,
T_0000119904,spoof,flac_T/T_0000119904.flac,
T_0000070918,spoof,flac_T/T_0000070918.flac,
T_0000091645,spoof,flac_T/T_0000091645.flac,
T_0000153367,spoof,flac_T/T_0000153367.flac,
T_0000046700,spoof,flac_T/T_0000046700.flac,
T_0000069928,spoof,flac_T/T_0000069928.flac,
T_0000156448,spoof,flac_T/T_0000156448.flac,
T_0000052953,spoof,flac_T/T_0000052953.flac,
T_0000005365,spoof,flac_T/T_0000005365.flac,
T_0000018227,spoof,flac_T/T_0000018227.flac,
T_0000097524,spoof,flac_T/T_0000097524.flac,
T_0000012315,spoof,flac_T/T_0000012315.flac,
T_0000169090,spoof,flac_T/T_0000169090.flac,
T_0000092469,spoof,flac_T/T_0000092469.flac,
T_0000148998,spoof,flac_T/T_0000148998.flac,
T_0000012893,spoof,flac_T/T_0000012893.flac,
T_0000174096,spoof,flac_T/T_0000174096.flac,
T_0000055429,spoof,flac_T/T_0000055429.flac,
T_0000050166,spoof,flac_T/T_0000050166.flac,
T_0000117433,spoof,flac_T/T_0000117433.flac,
T_0000046187,spoof,flac_T/T_0000046187.flac,
T_0000008118,spoof,flac_T/T_0000008118.flac,
T_0000057657,spoof,flac_T/T_0000057657.flac,
T_0000126932,spoof,flac_T/T_0000126932.flac,
T_0000053789,spoof,flac_T/T_0000053789.flac,
T_0000039358,spoof,flac_T/T_0000039358.flac,
T_0000138963,spoof,flac_T/T_0000138963.flac,
T_0000084731,spoof,flac_T/T_0000084731.flac,
T_0000094070,spoof,flac_T/T_0000094070.flac,
T_0000090493,spoof,flac_T/T_0000090493.flac,
T_0000133057,spoof,flac_T/T_0000133057.flac,
T_0000019412,spoof,flac_T/T_0000019412.flac,
T_0000046119,spoof,flac_T/T_0000046119.flac,
T_0000115748,spoof,flac_T/T_0000115748.flac,
T_0000150191,spoof,flac_T/T_0000150191.flac,
T_0000037308,spoof,flac_T/T_0000037308.flac,
T_0000051383,spoof,flac_T/T_0000051383.flac,
T_0000061485,spoof,flac_T/T_0000061485.flac,
T_0000174979,spoof,flac_T/T_0000174979.flac,
T_0000017136,spoof,flac_T/T_0000017136.flac,
T_0000101711,spoof,flac_T/T_0000101711.flac,
T_0000178974,spoof,flac_T/T_0000178974.flac,
T_0000005226,spoof,flac_T/T_0000005226.flac,
T_0000060570,spoof,flac_T/T_0000060570.flac,
T_0000035005,spoof,flac_T/T_0000035005.flac,
T_0000171353,spoof,flac_T/T_0000171353.flac,
T_0000120498,spoof,flac_T/T_0000120498.flac,
T_0000110228,spoof,flac_T/T_0000110228.flac,
T_0000123482,spoof,flac_T/T_0000123482.flac,
T_0000175229,spoof,flac_T/T_0000175229.flac,
T_0000175032,spoof,flac_T/T_0000175032.flac,
T_0000169999,spoof,flac_T/T_0000169999.flac,
T_0000170018,spoof,flac_T/T_0000170018.flac,
T_0000028069,spoof,flac_T/T_0000028069.flac,
T_0000059692,spoof,flac_T/T_0000059692.flac,
T_0000038574,spoof,flac_T/T_0000038574.flac,
T_0000140126,spoof,flac_T/T_0000140126.flac,
T_0000169511,spoof,flac_T/T_0000169511.flac,
T_0000083399,spoof,flac_T/T_0000083399.flac,
T_0000071534,spoof,flac_T/T_0000071534.flac,
T_0000000223,spoof,flac_T/T_0000000223.flac,
T_0000044503,spoof,flac_T/T_0000044503.flac,
T_0000101539,spoof,flac_T/T_0000101539.flac,
T_0000006600,spoof,flac_T/T_0000006600.flac,
T_0000064601,spoof,flac_T/T_0000064601.flac,
T_0000155421,spoof,flac_T/T_0000155421.flac,
T_0000000460,spoof,flac_T/T_0000000460.flac,
T_0000015066,spoof,flac_T/T_0000015066.flac,
T_0000066758,spoof,flac_T/T_0000066758.flac,
T_0000169873,spoof,flac_T/T_0000169873.flac,
T_0000054721,spoof,flac_T/T_0000054721.flac,
T_0000030168,spoof,flac_T/T_0000030168.flac,
T_0000007157,spoof,flac_T/T_0000007157.flac,
T_0000085946,spoof,flac_T/T_0000085946.flac,
T_0000130270,spoof,flac_T/T_0000130270.flac,
T_0000085412,spoof,flac_T/T_0000085412.flac,
T_0000137351,spoof,flac_T/T_0000137351.flac,
T_0000096608,spoof,flac_T/T_0000096608.flac,
T_0000020997,spoof,flac_T/T_0000020997.flac,
T_0000120699,spoof,flac_T/T_0000120699.flac,
T_0000010050,spoof,flac_T/T_0000010050.flac,
T_0000016486,spoof,flac_T/T_0000016486.flac,
T_0000029267,spoof,flac_T/T_0000029267.flac,
T_0000166623,spoof,flac_T/T_0000166623.flac,
T_0000008882,spoof,flac_T/T_0000008882.flac,
T_0000022936,spoof,flac_T/T_0000022936.flac,
T_0000045095,spoof,flac_T/T_0000045095.flac,
T_0000055495,spoof,flac_T/T_0000055495.flac,
T_0000106714,spoof,flac_T/T_0000106714.flac,
T_0000120614,spoof,flac_T/T_0000120614.flac,
T_0000016930,spoof,flac_T/T_0000016930.flac,
T_0000047399,spoof,flac_T/T_0000047399.flac,
T_0000172251,spoof,flac_T/T_0000172251.flac,
T_0000082037,spoof,flac_T/T_0000082037.flac,
T_0000109050,spoof,flac_T/T_0000109050.flac,
T_0000065496,spoof,flac_T/T_0000065496.flac,
T_0000030335,spoof,flac_T/T_0000030335.flac,
T_0000165771,spoof,flac_T/T_0000165771.flac,
T_0000101119,spoof,flac_T/T_0000101119.flac,
T_0000141097,spoof,flac_T/T_0000141097.flac,
T_0000086274,spoof,flac_T/T_0000086274.flac,
T_0000166271,spoof,flac_T/T_0000166271.flac,
T_0000029694,spoof,flac_T/T_0000029694.flac,
T_0000012544,spoof,flac_T/T_0000012544.flac,
T_0000068995,spoof,flac_T/T_0000068995.flac,
T_0000120567,spoof,flac_T/T_0000120567.flac,
T_0000053429,spoof,flac_T/T_0000053429.flac,
T_0000169054,spoof,flac_T/T_0000169054.flac,
T_0000133918,spoof,flac_T/T_0000133918.flac,
T_0000118742,spoof,flac_T/T_0000118742.flac,
T_0000181925,spoof,flac_T/T_0000181925.flac,
T_0000099671,spoof,flac_T/T_0000099671.flac,
T_0000022810,spoof,flac_T/T_0000022810.flac,
T_0000154796,spoof,flac_T/T_0000154796.flac,
T_0000172194,spoof,flac_T/T_0000172194.flac,
T_0000019484,spoof,flac_T/T_0000019484.flac,
T_0000155623,spoof,flac_T/T_0000155623.flac,
T_0000088191,spoof,flac_T/T_0000088191.flac,
T_0000136209,spoof,flac_T/T_0000136209.flac,
T_0000175198,spoof,flac_T/T_0000175198.flac,
T_0000053351,spoof,flac_T/T_0000053351.flac,
T_0000143999,spoof,flac_T/T_0000143999.flac,
T_0000148132,spoof,flac_T/T_0000148132.flac,
T_0000081554,spoof,flac_T/T_0000081554.flac,
T_0000171822,spoof,flac_T/T_0000171822.flac,
T_0000069096,spoof,flac_T/T_0000069096.flac,
T_0000099929,spoof,flac_T/T_0000099929.flac,
T_0000165385,spoof,flac_T/T_0000165385.flac,
T_0000054406,spoof,flac_T/T_0000054406.flac,
T_0000071987,spoof,flac_T/T_0000071987.flac,
T_0000109576,spoof,flac_T/T_0000109576.flac,
T_0000071919,spoof,flac_T/T_0000071919.flac,
T_0000148785,spoof,flac_T/T_0000148785.flac,
T_0000054879,spoof,flac_T/T_0000054879.flac,
T_0000014852,spoof,flac_T/T_0000014852.flac,
T_0000025045,spoof,flac_T/T_0000025045.flac,
T_0000126069,spoof,flac_T/T_0000126069.flac,
T_0000134047,spoof,flac_T/T_0000134047.flac,
T_0000088030,spoof,flac_T/T_0000088030.flac,
T_0000069568,spoof,flac_T/T_0000069568.flac,
T_0000125030,spoof,flac_T/T_0000125030.flac,
T_0000016550,spoof,flac_T/T_0000016550.flac,
T_0000031686,spoof,flac_T/T_0000031686.flac,
T_0000058462,spoof,flac_T/T_0000058462.flac,
T_0000096993,spoof,flac_T/T_0000096993.flac,
T_0000065956,spoof,flac_T/T_0000065956.flac,
T_0000158577,spoof,flac_T/T_0000158577.flac,
T_0000064061,spoof,flac_T/T_0000064061.flac,
T_0000052902,spoof,flac_T/T_0000052902.flac,
T_0000066505,spoof,flac_T/T_0000066505.flac,
T_0000058711,spoof,flac_T/T_0000058711.flac,
T_0000062262,spoof,flac_T/T_0000062262.flac,
T_0000011061,spoof,flac_T/T_0000011061.flac,
T_0000159562,spoof,flac_T/T_0000159562.flac,
T_0000078516,spoof,flac_T/T_0000078516.flac,
T_0000149455,spoof,flac_T/T_0000149455.flac,
T_0000011257,spoof,flac_T/T_0000011257.flac,
T_0000025194,spoof,flac_T/T_0000025194.flac,
T_0000061578,spoof,flac_T/T_0000061578.flac,
T_0000145612,spoof,flac_T/T_0000145612.flac,
T_0000177275,spoof,flac_T/T_0000177275.flac,
T_0000036711,spoof,flac_T/T_0000036711.flac,
T_0000105694,spoof,flac_T/T_0000105694.flac,
T_0000172484,spoof,flac_T/T_0000172484.flac,
T_0000176496,spoof,flac_T/T_0000176496.flac,
T_0000132585,spoof,flac_T/T_0000132585.flac,
T_0000180657,spoof,flac_T/T_0000180657.flac,
T_0000098956,spoof,flac_T/T_0000098956.flac,
T_0000034531,spoof,flac_T/T_0000034531.flac,
T_0000000000,spoof,flac_T/T_0000000000.flac,
T_0000011742,spoof,flac_T/T_0000011742.flac,
T_0000148038,spoof,flac_T/T_0000148038.flac,
T_0000173803,spoof,flac_T/T_0000173803.flac,
T_0000001621,spoof,flac_T/T_0000001621.flac,
T_0000142723,spoof,flac_T/T_0000142723.flac,
T_0000129435,spoof,flac_T/T_0000129435.flac,
T_0000157312,spoof,flac_T/T_0000157312.flac,
T_0000051584,spoof,flac_T/T_0000051584.flac,
T_0000124268,spoof,flac_T/T_0000124268.flac,
T_0000153767,spoof,flac_T/T_0000153767.flac,
T_0000181733,spoof,flac_T/T_0000181733.flac,
T_0000159603,spoof,flac_T/T_0000159603.flac,
T_0000076896,spoof,flac_T/T_0000076896.flac,
T_0000035929,spoof,flac_T/T_0000035929.flac,
T_0000138349,spoof,flac_T/T_0000138349.flac,
T_0000042207,spoof,flac_T/T_0000042207.flac,
T_0000015005,spoof,flac_T/T_0000015005.flac,
T_0000055365,spoof,flac_T/T_0000055365.flac,
T_0000025793,spoof,flac_T/T_0000025793.flac,
T_0000123293,spoof,flac_T/T_0000123293.flac,
T_0000125241,spoof,flac_T/T_0000125241.flac,
T_0000118798,spoof,flac_T/T_0000118798.flac,
T_0000145377,spoof,flac_T/T_0000145377.flac,
T_0000022900,spoof,flac_T/T_0000022900.flac,
T_0000173968,spoof,flac_T/T_0000173968.flac,
T_0000005778,spoof,flac_T/T_0000005778.flac,
T_0000158312,spoof,flac_T/T_0000158312.flac,
T_0000005515,spoof,flac_T/T_0000005515.flac,
T_0000063449,spoof,flac_T/T_0000063449.flac,
T_0000132295,spoof,flac_T/T_0000132295.flac,
T_0000038615,spoof,flac_T/T_0000038615.flac,
T_0000159985,spoof,flac_T/T_0000159985.flac,
T_0000064939,spoof,flac_T/T_0000064939.flac,
T_0000080832,spoof,flac_T/T_0000080832.flac,
T_0000099084,spoof,flac_T/T_0000099084.flac,
T_0000037723,spoof,flac_T/T_0000037723.flac,
T_0000008568,spoof,flac_T/T_0000008568.flac,
T_0000094734,spoof,flac_T/T_0000094734.flac,
T_0000117178,spoof,flac_T/T_0000117178.flac,
T_0000047917,spoof,flac_T/T_0000047917.flac,
T_0000015789,spoof,flac_T/T_0000015789.flac,
T_0000130263,spoof,flac_T/T_0000130263.flac,
T_0000076454,spoof,flac_T/T_0000076454.flac,
T_0000171756,spoof,flac_T/T_0000171756.flac,
T_0000046313,spoof,flac_T/T_0000046313.flac,
T_0000158285,spoof,flac_T/T_0000158285.flac,
T_0000175892,spoof,flac_T/T_0000175892.flac,
T_0000096406,spoof,flac_T/T_0000096406.flac,
T_0000152847,spoof,flac_T/T_0000152847.flac,
T_0000021182,spoof,flac_T/T_0000021182.flac,
T_0000019443,spoof,flac_T/T_0000019443.flac,
T_0000111847,spoof,flac_T/T_0000111847.flac,
T_0000064143,spoof,flac_T/T_0000064143.flac,
T_0000082562,spoof,flac_T/T_0000082562.flac,
T_0000039663,spoof,flac_T/T_0000039663.flac,
T_0000100291,spoof,flac_T/T_0000100291.flac,
T_0000051865,spoof,flac_T/T_0000051865.flac,
T_0000037729,spoof,flac_T/T_0000037729.flac,
T_0000011504,spoof,flac_T/T_0000011504.flac,
T_0000010518,spoof,flac_T/T_0000010518.flac,
T_0000147358,spoof,flac_T/T_0000147358.flac,
T_0000122941,spoof,flac_T/T_0000122941.flac,
T_0000104956,spoof,flac_T/T_0000104956.flac,
T_0000071102,spoof,flac_T/T_0000071102.flac,
T_0000017774,spoof,flac_T/T_0000017774.flac,
T_0000120991,spoof,flac_T/T_0000120991.flac,
T_0000001967,spoof,flac_T/T_0000001967.flac,
T_0000086585,spoof,flac_T/T_0000086585.flac,
T_0000107422,spoof,flac_T/T_0000107422.flac,
T_0000103875,spoof,flac_T/T_0000103875.flac,
T_0000018262,spoof,flac_T/T_0000018262.flac,
T_0000071074,spoof,flac_T/T_0000071074.flac,
T_0000096974,spoof,flac_T/T_0000096974.flac,
T_0000086797,spoof,flac_T/T_0000086797.flac,
T_0000091798,spoof,flac_T/T_0000091798.flac,
T_0000057492,spoof,flac_T/T_0000057492.flac,
T_0000164539,spoof,flac_T/T_0000164539.flac,
T_0000098583,spoof,flac_T/T_0000098583.flac,
T_0000177603,spoof,flac_T/T_0000177603.flac,
T_0000044662,spoof,flac_T/T_0000044662.flac,
T_0000177403,spoof,flac_T/T_0000177403.flac,
T_0000162195,spoof,flac_T/T_0000162195.flac,
T_0000115876,spoof,flac_T/T_0000115876.flac,
T_0000094440,spoof,flac_T/T_0000094440.flac,
T_0000097067,spoof,flac_T/T_0000097067.flac,
T_0000173163,spoof,flac_T/T_0000173163.flac,
T_0000029152,spoof,flac_T/T_0000029152.flac,
T_0000044061,spoof,flac_T/T_0000044061.flac,
T_0000138098,spoof,flac_T/T_0000138098.flac,
T_0000060976,spoof,flac_T/T_0000060976.flac,
T_0000153398,spoof,flac_T/T_0000153398.flac,
T_0000053539,spoof,flac_T/T_0000053539.flac,
T_0000118894,spoof,flac_T/T_0000118894.flac,
T_0000145727,spoof,flac_T/T_0000145727.flac,
T_0000141486,spoof,flac_T/T_0000141486.flac,
T_0000081261,spoof,flac_T/T_0000081261.flac,
T_0000049117,spoof,flac_T/T_0000049117.flac,
T_0000060674,spoof,flac_T/T_0000060674.flac,
T_0000116523,spoof,flac_T/T_0000116523.flac,
T_0000116682,spoof,flac_T/T_0000116682.flac,
T_0000057372,spoof,flac_T/T_0000057372.flac,
T_0000005899,spoof,flac_T/T_0000005899.flac,
T_0000051845,spoof,flac_T/T_0000051845.flac,
T_0000109716,spoof,flac_T/T_0000109716.flac,
T_0000074668,spoof,flac_T/T_0000074668.flac,
T_0000181102,spoof,flac_T/T_0000181102.flac,
T_0000020862,spoof,flac_T/T_0000020862.flac,
T_0000010315,spoof,flac_T/T_0000010315.flac,
T_0000176204,spoof,flac_T/T_0000176204.flac,
T_0000073531,spoof,flac_T/T_0000073531.flac,
T_0000050770,spoof,flac_T/T_0000050770.flac,
T_0000075238,spoof,flac_T/T_0000075238.flac,
T_0000163220,spoof,flac_T/T_0000163220.flac,
T_0000114595,spoof,flac_T/T_0000114595.flac,
T_0000140557,spoof,flac_T/T_0000140557.flac,
T_0000152958,spoof,flac_T/T_0000152958.flac,
T_0000113366,spoof,flac_T/T_0000113366.flac,
T_0000030680,spoof,flac_T/T_0000030680.flac,
T_0000150153,spoof,flac_T/T_0000150153.flac,
T_0000088123,spoof,flac_T/T_0000088123.flac,
T_0000106546,spoof,flac_T/T_0000106546.flac,
T_0000104554,spoof,flac_T/T_0000104554.flac,
T_0000097363,spoof,flac_T/T_0000097363.flac,
T_0000180723,spoof,flac_T/T_0000180723.flac,
T_0000133279,spoof,flac_T/T_0000133279.flac,
T_0000087622,spoof,flac_T/T_0000087622.flac,
T_0000026565,spoof,flac_T/T_0000026565.flac,
T_0000031852,spoof,flac_T/T_0000031852.flac,
T_0000141079,spoof,flac_T/T_0000141079.flac,
T_0000175871,spoof,flac_T/T_0000175871.flac,
T_0000091994,spoof,flac_T/T_0000091994.flac,
T_0000075823,spoof,flac_T/T_0000075823.flac,
T_0000135220,spoof,flac_T/T_0000135220.flac,
T_0000106999,spoof,flac_T/T_0000106999.flac,
T_0000026412,spoof,flac_T/T_0000026412.flac,
T_0000155735,spoof,flac_T/T_0000155735.flac,
T_0000131876,spoof,flac_T/T_0000131876.flac,
T_0000035537,spoof,flac_T/T_0000035537.flac,
T_0000002490,spoof,flac_T/T_0000002490.flac,
T_0000027717,spoof,flac_T/T_0000027717.flac,
T_0000117224,spoof,flac_T/T_0000117224.flac,
T_0000158488,spoof,flac_T/T_0000158488.flac,
T_0000099056,spoof,flac_T/T_0000099056.flac,
T_0000127150,spoof,flac_T/T_0000127150.flac,
T_0000008976,spoof,flac_T/T_0000008976.flac,
T_0000170953,spoof,flac_T/T_0000170953.flac,
T_0000018628,spoof,flac_T/T_0000018628.flac,
T_0000080205,spoof,flac_T/T_0000080205.flac,
T_0000041090,spoof,flac_T/T_0000041090.flac,
T_0000046827,spoof,flac_T/T_0000046827.flac,
T_0000012894,spoof,flac_T/T_0000012894.flac,
T_0000115093,spoof,flac_T/T_0000115093.flac,
T_0000090760,spoof,flac_T/T_0000090760.flac,
T_0000099435,spoof,flac_T/T_0000099435.flac,
T_0000109630,spoof,flac_T/T_0000109630.flac,
T_0000000372,spoof,flac_T/T_0000000372.flac,
T_0000040129,spoof,flac_T/T_0000040129.flac,
T_0000104452,spoof,flac_T/T_0000104452.flac,
T_0000079911,spoof,flac_T/T_0000079911.flac,
T_0000139599,spoof,flac_T/T_0000139599.flac,
T_0000018475,spoof,flac_T/T_0000018475.flac,
T_0000062056,spoof,flac_T/T_0000062056.flac,
T_0000030816,spoof,flac_T/T_0000030816.flac,
T_0000149329,spoof,flac_T/T_0000149329.flac,
T_0000052675,spoof,flac_T/T_0000052675.flac,
T_0000121378,spoof,flac_T/T_0000121378.flac,
T_0000024607,spoof,flac_T/T_0000024607.flac,
T_0000146461,spoof,flac_T/T_0000146461.flac,
T_0000075722,spoof,flac_T/T_0000075722.flac,
T_0000041116,spoof,flac_T/T_0000041116.flac,
T_0000147777,spoof,flac_T/T_0000147777.flac,
T_0000134691,spoof,flac_T/T_0000134691.flac,
T_0000102494,spoof,flac_T/T_0000102494.flac,
T_0000162241,spoof,flac_T/T_0000162241.flac,
T_0000057817,spoof,flac_T/T_0000057817.flac,
T_0000069215,spoof,flac_T/T_0000069215.flac,
T_0000133497,spoof,flac_T/T_0000133497.flac,
T_0000002890,spoof,flac_T/T_0000002890.flac,
T_0000028372,spoof,flac_T/T_0000028372.flac,
T_0000148338,spoof,flac_T/T_0000148338.flac,
T_0000004641,spoof,flac_T/T_0000004641.flac,
T_0000012989,spoof,flac_T/T_0000012989.flac,
T_0000062269,spoof,flac_T/T_0000062269.flac,
T_0000058846,spoof,flac_T/T_0000058846.flac,
T_0000159039,spoof,flac_T/T_0000159039.flac,
T_0000093228,spoof,flac_T/T_0000093228.flac,
T_0000135771,spoof,flac_T/T_0000135771.flac,
T_0000143429,spoof,flac_T/T_0000143429.flac,
T_0000132377,spoof,flac_T/T_0000132377.flac,
T_0000142043,spoof,flac_T/T_0000142043.flac,
T_0000079039,spoof,flac_T/T_0000079039.flac,
T_0000077686,spoof,flac_T/T_0000077686.flac,
T_0000096185,spoof,flac_T/T_0000096185.flac,
T_0000097233,spoof,flac_T/T_0000097233.flac,
T_0000070861,spoof,flac_T/T_0000070861.flac,
T_0000056355,spoof,flac_T/T_0000056355.flac,
T_0000026804,spoof,flac_T/T_0000026804.flac,
T_0000120777,spoof,flac_T/T_0000120777.flac,
T_0000134694,spoof,flac_T/T_0000134694.flac,
T_0000048156,spoof,flac_T/T_0000048156.flac,
T_0000134867,spoof,flac_T/T_0000134867.flac,
T_0000177162,spoof,flac_T/T_0000177162.flac,
T_0000112156,spoof,flac_T/T_0000112156.flac,
T_0000039093,spoof,flac_T/T_0000039093.flac,
T_0000057106,spoof,flac_T/T_0000057106.flac,
T_0000173315,spoof,flac_T/T_0000173315.flac,
T_0000160292,spoof,flac_T/T_0000160292.flac,
T_0000006747,spoof,flac_T/T_0000006747.flac,
T_0000149864,spoof,flac_T/T_0000149864.flac,
T_0000152029,spoof,flac_T/T_0000152029.flac,
T_0000138077,spoof,flac_T/T_0000138077.flac,
T_0000115072,spoof,flac_T/T_0000115072.flac,
T_0000029320,spoof,flac_T/T_0000029320.flac,
T_0000048211,spoof,flac_T/T_0000048211.flac,
T_0000005647,spoof,flac_T/T_0000005647.flac,
T_0000143712,spoof,flac_T/T_0000143712.flac,
T_0000107273,spoof,flac_T/T_0000107273.flac,
T_0000131924,spoof,flac_T/T_0000131924.flac,
T_0000169735,spoof,flac_T/T_0000169735.flac,
T_0000046926,spoof,flac_T/T_0000046926.flac,
T_0000112689,spoof,flac_T/T_0000112689.flac,
T_0000023518,spoof,flac_T/T_0000023518.flac,
T_0000083252,spoof,flac_T/T_0000083252.flac,
T_0000084879,spoof,flac_T/T_0000084879.flac,
T_0000107228,spoof,flac_T/T_0000107228.flac,
T_0000083557,spoof,flac_T/T_0000083557.flac,
T_0000171673,spoof,flac_T/T_0000171673.flac,
T_0000071463,spoof,flac_T/T_0000071463.flac,
T_0000075882,spoof,flac_T/T_0000075882.flac,
T_0000102411,spoof,flac_T/T_0000102411.flac,
T_0000099847,spoof,flac_T/T_0000099847.flac,
T_0000117653,spoof,flac_T/T_0000117653.flac,
T_0000140940,spoof,flac_T/T_0000140940.flac,
T_0000110794,spoof,flac_T/T_0000110794.flac,
T_0000110312,spoof,flac_T/T_0000110312.flac,
T_0000019079,spoof,flac_T/T_0000019079.flac,
T_0000084205,spoof,flac_T/T_0000084205.flac,
T_0000004571,spoof,flac_T/T_0000004571.flac,
T_0000013964,spoof,flac_T/T_0000013964.flac,
T_0000110390,spoof,flac_T/T_0000110390.flac,
T_0000160688,spoof,flac_T/T_0000160688.flac,
T_0000112094,spoof,flac_T/T_0000112094.flac,
T_0000181766,spoof,flac_T/T_0000181766.flac,
T_0000017908,spoof,flac_T/T_0000017908.flac,
T_0000114753,spoof,flac_T/T_0000114753.flac,
T_0000114075,spoof,flac_T/T_0000114075.flac,
T_0000081465,spoof,flac_T/T_0000081465.flac,
T_0000004226,spoof,flac_T/T_0000004226.flac,
T_0000108970,spoof,flac_T/T_0000108970.flac,
T_0000050778,spoof,flac_T/T_0000050778.flac,
T_0000072932,spoof,flac_T/T_0000072932.flac,
T_0000061310,spoof,flac_T/T_0000061310.flac,
T_0000154101,spoof,flac_T/T_0000154101.flac,
T_0000151404,spoof,flac_T/T_0000151404.flac,
T_0000158023,spoof,flac_T/T_0000158023.flac,
T_0000087054,spoof,flac_T/T_0000087054.flac,
T_0000124032,spoof,flac_T/T_0000124032.flac,
T_0000022601,spoof,flac_T/T_0000022601.flac,
T_0000047772,spoof,flac_T/T_0000047772.flac,
T_0000145763,spoof,flac_T/T_0000145763.flac,
T_0000163478,spoof,flac_T/T_0000163478.flac,
T_0000176941,spoof,flac_T/T_0000176941.flac,
T_0000045187,spoof,flac_T/T_0000045187.flac,
T_0000178296,spoof,flac_T/T_0000178296.flac,
T_0000179730,spoof,flac_T/T_0000179730.flac,
T_0000151213,spoof,flac_T/T_0000151213.flac,
T_0000001613,spoof,flac_T/T_0000001613.flac,
T_0000003453,spoof,flac_T/T_0000003453.flac,
T_0000129422,spoof,flac_T/T_0000129422.flac,
T_0000010467,spoof,flac_T/T_0000010467.flac,
T_0000048139,spoof,flac_T/T_0000048139.flac,
T_0000027408,spoof,flac_T/T_0000027408.flac,
T_0000007898,spoof,flac_T/T_0000007898.flac,
T_0000080618,spoof,flac_T/T_0000080618.flac,
T_0000003586,spoof,flac_T/T_0000003586.flac,
T_0000123842,spoof,flac_T/T_0000123842.flac,
T_0000117179,spoof,flac_T/T_0000117179.flac,
T_0000168453,spoof,flac_T/T_0000168453.flac,
T_0000016070,spoof,flac_T/T_0000016070.flac,
T_0000145274,spoof,flac_T/T_0000145274.flac,
T_0000013396,spoof,flac_T/T_0000013396.flac,
T_0000153561,spoof,flac_T/T_0000153561.flac,
T_0000013797,spoof,flac_T/T_0000013797.flac,
T_0000159222,spoof,flac_T/T_0000159222.flac,
T_0000104184,spoof,flac_T/T_0000104184.flac,
T_0000023804,spoof,flac_T/T_0000023804.flac,
T_0000098216,spoof,flac_T/T_0000098216.flac,
T_0000006123,spoof,flac_T/T_0000006123.flac,
T_0000149380,spoof,flac_T/T_0000149380.flac,
T_0000105130,spoof,flac_T/T_0000105130.flac,
T_0000178677,spoof,flac_T/T_0000178677.flac,
T_0000012050,spoof,flac_T/T_0000012050.flac,
T_0000078719,spoof,flac_T/T_0000078719.flac,
T_0000096863,spoof,flac_T/T_0000096863.flac,
T_0000171631,spoof,flac_T/T_0000171631.flac,
T_0000065139,spoof,flac_T/T_0000065139.flac,
T_0000168028,spoof,flac_T/T_0000168028.flac,
T_0000175241,spoof,flac_T/T_0000175241.flac,
T_0000121461,spoof,flac_T/T_0000121461.flac,
T_0000122269,spoof,flac_T/T_0000122269.flac,
T_0000143949,spoof,flac_T/T_0000143949.flac,
T_0000100900,spoof,flac_T/T_0000100900.flac,
T_0000095713,spoof,flac_T/T_0000095713.flac,
T_0000013250,spoof,flac_T/T_0000013250.flac,
T_0000072618,spoof,flac_T/T_0000072618.flac,
T_0000019056,spoof,flac_T/T_0000019056.flac,
T_0000048552,spoof,flac_T/T_0000048552.flac,
T_0000181989,spoof,flac_T/T_0000181989.flac,
T_0000161020,spoof,flac_T/T_0000161020.flac,
T_0000117430,spoof,flac_T/T_0000117430.flac,
T_0000072937,spoof,flac_T/T_0000072937.flac,
T_0000083303,spoof,flac_T/T_0000083303.flac,
T_0000041885,spoof,flac_T/T_0000041885.flac,
T_0000066498,spoof,flac_T/T_0000066498.flac,
T_0000050589,spoof,flac_T/T_0000050589.flac,
T_0000104410,spoof,flac_T/T_0000104410.flac,
T_0000131677,spoof,flac_T/T_0000131677.flac,
T_0000164700,spoof,flac_T/T_0000164700.flac,
T_0000066596,spoof,flac_T/T_0000066596.flac,
T_0000102254,spoof,flac_T/T_0000102254.flac,
T_0000081021,spoof,flac_T/T_0000081021.flac,
T_0000062676,spoof,flac_T/T_0000062676.flac,
T_0000163393,spoof,flac_T/T_0000163393.flac,
T_0000148109,spoof,flac_T/T_0000148109.flac,
T_0000008614,spoof,flac_T/T_0000008614.flac,
T_0000096383,spoof,flac_T/T_0000096383.flac,
T_0000181942,spoof,flac_T/T_0000181942.flac,
T_0000050442,spoof,flac_T/T_0000050442.flac,
T_0000105987,spoof,flac_T/T_0000105987.flac,
T_0000157944,spoof,flac_T/T_0000157944.flac,
T_0000152815,spoof,flac_T/T_0000152815.flac,
T_0000125791,spoof,flac_T/T_0000125791.flac,
T_0000170336,spoof,flac_T/T_0000170336.flac,
T_0000089288,spoof,flac_T/T_0000089288.flac,
T_0000104376,spoof,flac_T/T_0000104376.flac,
T_0000063330,spoof,flac_T/T_0000063330.flac,
T_0000145570,spoof,flac_T/T_0000145570.flac,
T_0000080986,spoof,flac_T/T_0000080986.flac,
T_0000109108,spoof,flac_T/T_0000109108.flac,
T_0000092950,spoof,flac_T/T_0000092950.flac,
T_0000177577,spoof,flac_T/T_0000177577.flac,
T_0000162367,spoof,flac_T/T_0000162367.flac,
T_0000069710,spoof,flac_T/T_0000069710.flac,
T_0000038069,spoof,flac_T/T_0000038069.flac,
T_0000078463,spoof,flac_T/T_0000078463.flac,
T_0000060168,spoof,flac_T/T_0000060168.flac,
T_0000007995,spoof,flac_T/T_0000007995.flac,
T_0000038144,spoof,flac_T/T_0000038144.flac,
T_0000139491,spoof,flac_T/T_0000139491.flac,
T_0000116328,spoof,flac_T/T_0000116328.flac,
T_0000174548,spoof,flac_T/T_0000174548.flac,
T_0000079367,spoof,flac_T/T_0000079367.flac,
T_0000045481,spoof,flac_T/T_0000045481.flac,
T_0000123638,spoof,flac_T/T_0000123638.flac,
T_0000133252,spoof,flac_T/T_0000133252.flac,
T_0000054245,spoof,flac_T/T_0000054245.flac,
T_0000089122,spoof,flac_T/T_0000089122.flac,
T_0000102605,spoof,flac_T/T_0000102605.flac,
T_0000084207,spoof,flac_T/T_0000084207.flac,
T_0000146814,spoof,flac_T/T_0000146814.flac,
T_0000068868,spoof,flac_T/T_0000068868.flac,
T_0000122914,spoof,flac_T/T_0000122914.flac,
T_0000032966,spoof,flac_T/T_0000032966.flac,
T_0000031875,spoof,flac_T/T_0000031875.flac,
T_0000144309,spoof,flac_T/T_0000144309.flac,
T_0000106340,spoof,flac_T/T_0000106340.flac,
T_0000179559,spoof,flac_T/T_0000179559.flac,
T_0000108560,spoof,flac_T/T_0000108560.flac,
T_0000076754,spoof,flac_T/T_0000076754.flac,
T_0000037887,spoof,flac_T/T_0000037887.flac,
T_0000147861,spoof,flac_T/T_0000147861.flac,
T_0000145935,spoof,flac_T/T_0000145935.flac,
T_0000090966,spoof,flac_T/T_0000090966.flac,
T_0000159079,spoof,flac_T/T_0000159079.flac,
T_0000011402,spoof,flac_T/T_0000011402.flac,
T_0000058513,spoof,flac_T/T_0000058513.flac,
T_0000164718,spoof,flac_T/T_0000164718.flac,
T_0000084682,spoof,flac_T/T_0000084682.flac,
T_0000003581,spoof,flac_T/T_0000003581.flac,
T_0000048570,spoof,flac_T/T_0000048570.flac,
T_0000064799,spoof,flac_T/T_0000064799.flac,
T_0000051874,spoof,flac_T/T_0000051874.flac,
T_0000072470,spoof,flac_T/T_0000072470.flac,
T_0000081574,spoof,flac_T/T_0000081574.flac,
T_0000110243,spoof,flac_T/T_0000110243.flac,
T_0000101174,spoof,flac_T/T_0000101174.flac,
T_0000126225,spoof,flac_T/T_0000126225.flac,
T_0000120763,spoof,flac_T/T_0000120763.flac,
T_0000166386,spoof,flac_T/T_0000166386.flac,
T_0000127942,spoof,flac_T/T_0000127942.flac,
T_0000072105,spoof,flac_T/T_0000072105.flac,
T_0000048609,spoof,flac_T/T_0000048609.flac,
T_0000091257,spoof,flac_T/T_0000091257.flac,
T_0000009216,spoof,flac_T/T_0000009216.flac,
T_0000153885,spoof,flac_T/T_0000153885.flac,
T_0000074739,spoof,flac_T/T_0000074739.flac,
T_0000022164,spoof,flac_T/T_0000022164.flac,
T_0000136136,spoof,flac_T/T_0000136136.flac,
T_0000041580,spoof,flac_T/T_0000041580.flac,
T_0000074823,spoof,flac_T/T_0000074823.flac,
T_0000053780,spoof,flac_T/T_0000053780.flac,
T_0000023484,spoof,flac_T/T_0000023484.flac,
T_0000036640,spoof,flac_T/T_0000036640.flac,
T_0000045720,spoof,flac_T/T_0000045720.flac,
T_0000159458,spoof,flac_T/T_0000159458.flac,
T_0000058322,spoof,flac_T/T_0000058322.flac,
T_0000038851,spoof,flac_T/T_0000038851.flac,
T_0000123021,spoof,flac_T/T_0000123021.flac,
T_0000107270,spoof,flac_T/T_0000107270.flac,
T_0000046127,spoof,flac_T/T_0000046127.flac,
T_0000120221,spoof,flac_T/T_0000120221.flac,
T_0000000112,spoof,flac_T/T_0000000112.flac,
T_0000052847,spoof,flac_T/T_0000052847.flac,
T_0000049900,spoof,flac_T/T_0000049900.flac,
T_0000070912,spoof,flac_T/T_0000070912.flac,
T_0000085400,spoof,flac_T/T_0000085400.flac,
T_0000017743,spoof,flac_T/T_0000017743.flac,
T_0000159162,spoof,flac_T/T_0000159162.flac,
T_0000065834,spoof,flac_T/T_0000065834.flac,
T_0000014271,spoof,flac_T/T_0000014271.flac,
T_0000023079,spoof,flac_T/T_0000023079.flac,
T_0000159826,spoof,flac_T/T_0000159826.flac,
T_0000144418,spoof,flac_T/T_0000144418.flac,
T_0000172914,spoof,flac_T/T_0000172914.flac,
T_0000017539,spoof,flac_T/T_0000017539.flac,
T_0000093741,spoof,flac_T/T_0000093741.flac,
T_0000051033,spoof,flac_T/T_0000051033.flac,
T_0000014180,spoof,flac_T/T_0000014180.flac,
T_0000055447,spoof,flac_T/T_0000055447.flac,
T_0000076468,spoof,flac_T/T_0000076468.flac,
T_0000017810,spoof,flac_T/T_0000017810.flac,
T_0000161415,spoof,flac_T/T_0000161415.flac,
T_0000061822,spoof,flac_T/T_0000061822.flac,
T_0000047380,spoof,flac_T/T_0000047380.flac,
T_0000099525,spoof,flac_T/T_0000099525.flac,
T_0000050975,spoof,flac_T/T_0000050975.flac,
T_0000180967,spoof,flac_T/T_0000180967.flac,
T_0000115264,spoof,flac_T/T_0000115264.flac,
T_0000111872,spoof,flac_T/T_0000111872.flac,
T_0000141737,spoof,flac_T/T_0000141737.flac,
T_0000085698,spoof,flac_T/T_0000085698.flac,
T_0000178497,spoof,flac_T/T_0000178497.flac,
T_0000182012,spoof,flac_T/T_0000182012.flac,
T_0000070508,spoof,flac_T/T_0000070508.flac,
T_0000132094,spoof,flac_T/T_0000132094.flac,
T_0000163776,spoof,flac_T/T_0000163776.flac,
T_0000021904,spoof,flac_T/T_0000021904.flac,
T_0000030469,spoof,flac_T/T_0000030469.flac,
T_0000125062,spoof,flac_T/T_0000125062.flac,
T_0000042673,spoof,flac_T/T_0000042673.flac,
T_0000106323,spoof,flac_T/T_0000106323.flac,
T_0000034012,spoof,flac_T/T_0000034012.flac,
T_0000133670,spoof,flac_T/T_0000133670.flac,
T_0000099782,spoof,flac_T/T_0000099782.flac,
T_0000119892,spoof,flac_T/T_0000119892.flac,
T_0000173402,spoof,flac_T/T_0000173402.flac,
T_0000137668,spoof,flac_T/T_0000137668.flac,
T_0000167417,spoof,flac_T/T_0000167417.flac,
T_0000143097,spoof,flac_T/T_0000143097.flac,
T_0000059390,spoof,flac_T/T_0000059390.flac,
T_0000174178,spoof,flac_T/T_0000174178.flac,
T_0000010601,spoof,flac_T/T_0000010601.flac,
T_0000001934,spoof,flac_T/T_0000001934.flac,
T_0000011326,spoof,flac_T/T_0000011326.flac,
T_0000172515,spoof,flac_T/T_0000172515.flac,
T_0000125075,spoof,flac_T/T_0000125075.flac,
T_0000051086,spoof,flac_T/T_0000051086.flac,
T_0000177972,spoof,flac_T/T_0000177972.flac,
T_0000089876,spoof,flac_T/T_0000089876.flac,
T_0000071898,spoof,flac_T/T_0000071898.flac,
T_0000044782,spoof,flac_T/T_0000044782.flac,
T_0000002757,spoof,flac_T/T_0000002757.flac,
T_0000081906,spoof,flac_T/T_0000081906.flac,
T_0000166138,spoof,flac_T/T_0000166138.flac,
T_0000054517,spoof,flac_T/T_0000054517.flac,
T_0000138512,spoof,flac_T/T_0000138512.flac,
T_0000043538,spoof,flac_T/T_0000043538.flac,
T_0000069984,spoof,flac_T/T_0000069984.flac,
T_0000031915,spoof,flac_T/T_0000031915.flac,
T_0000058525,spoof,flac_T/T_0000058525.flac,
T_0000131427,spoof,flac_T/T_0000131427.flac,
T_0000128869,spoof,flac_T/T_0000128869.flac,
T_0000162864,spoof,flac_T/T_0000162864.flac,
T_0000086381,spoof,flac_T/T_0000086381.flac,
T_0000118247,spoof,flac_T/T_0000118247.flac,
T_0000129776,spoof,flac_T/T_0000129776.flac,
T_0000155832,spoof,flac_T/T_0000155832.flac,
T_0000120633,spoof,flac_T/T_0000120633.flac,
T_0000153239,spoof,flac_T/T_0000153239.flac,
T_0000118022,spoof,flac_T/T_0000118022.flac,
T_0000089169,spoof,flac_T/T_0000089169.flac,
T_0000116465,spoof,flac_T/T_0000116465.flac,
T_0000147468,spoof,flac_T/T_0000147468.flac,
T_0000022569,spoof,flac_T/T_0000022569.flac,
T_0000145593,spoof,flac_T/T_0000145593.flac,
T_0000155357,spoof,flac_T/T_0000155357.flac,
T_0000085620,spoof,flac_T/T_0000085620.flac,
T_0000044425,spoof,flac_T/T_0000044425.flac,
T_0000142681,spoof,flac_T/T_0000142681.flac,
T_0000005305,spoof,flac_T/T_0000005305.flac,
T_0000037133,spoof,flac_T/T_0000037133.flac,
T_0000017241,spoof,flac_T/T_0000017241.flac,
T_0000042336,spoof,flac_T/T_0000042336.flac,
T_0000148442,spoof,flac_T/T_0000148442.flac,
T_0000051259,spoof,flac_T/T_0000051259.flac,
T_0000176616,spoof,flac_T/T_0000176616.flac,
T_0000098521,spoof,flac_T/T_0000098521.flac,
T_0000081717,spoof,flac_T/T_0000081717.flac,
T_0000168654,spoof,flac_T/T_0000168654.flac,
T_0000013177,spoof,flac_T/T_0000013177.flac,
T_0000079565,spoof,flac_T/T_0000079565.flac,
T_0000073222,spoof,flac_T/T_0000073222.flac,
T_0000154673,spoof,flac_T/T_0000154673.flac,
T_0000078651,spoof,flac_T/T_0000078651.flac,
T_0000099969,spoof,flac_T/T_0000099969.flac,
T_0000064437,spoof,flac_T/T_0000064437.flac,
T_0000049535,spoof,flac_T/T_0000049535.flac,
T_0000040961,spoof,flac_T/T_0000040961.flac,
T_0000098850,spoof,flac_T/T_0000098850.flac,
T_0000098044,spoof,flac_T/T_0000098044.flac,
T_0000100732,spoof,flac_T/T_0000100732.flac,
T_0000019617,spoof,flac_T/T_0000019617.flac,
T_0000109099,spoof,flac_T/T_0000109099.flac,
T_0000167951,spoof,flac_T/T_0000167951.flac,
T_0000155176,spoof,flac_T/T_0000155176.flac,
T_0000123187,spoof,flac_T/T_0000123187.flac,
T_0000005912,spoof,flac_T/T_0000005912.flac,
T_0000039625,spoof,flac_T/T_0000039625.flac,
T_0000089637,spoof,flac_T/T_0000089637.flac,
T_0000081018,spoof,flac_T/T_0000081018.flac,
T_0000042645,spoof,flac_T/T_0000042645.flac,
T_0000127669,spoof,flac_T/T_0000127669.flac,
T_0000085600,spoof,flac_T/T_0000085600.flac,
T_0000032365,spoof,flac_T/T_0000032365.flac,
T_0000166741,spoof,flac_T/T_0000166741.flac,
T_0000081638,spoof,flac_T/T_0000081638.flac,
T_0000036985,spoof,flac_T/T_0000036985.flac,
T_0000109791,spoof,flac_T/T_0000109791.flac,
T_0000130805,spoof,flac_T/T_0000130805.flac,
T_0000182140,spoof,flac_T/T_0000182140.flac,
T_0000093286,spoof,flac_T/T_0000093286.flac,
T_0000077270,spoof,flac_T/T_0000077270.flac,
T_0000139832,spoof,flac_T/T_0000139832.flac,
T_0000034855,spoof,flac_T/T_0000034855.flac,
T_0000121205,spoof,flac_T/T_0000121205.flac,
T_0000133564,spoof,flac_T/T_0000133564.flac,
T_0000103714,spoof,flac_T/T_0000103714.flac,
T_0000124241,spoof,flac_T/T_0000124241.flac,
T_0000069954,spoof,flac_T/T_0000069954.flac,
T_0000123646,spoof,flac_T/T_0000123646.flac,
T_0000095569,spoof,flac_T/T_0000095569.flac,
T_0000173890,spoof,flac_T/T_0000173890.flac,
T_0000142618,spoof,flac_T/T_0000142618.flac,
T_0000179003,spoof,flac_T/T_0000179003.flac,
T_0000069665,spoof,flac_T/T_0000069665.flac,
T_0000174080,spoof,flac_T/T_0000174080.flac,
T_0000096742,spoof,flac_T/T_0000096742.flac,
T_0000144454,spoof,flac_T/T_0000144454.flac,
T_0000057346,spoof,flac_T/T_0000057346.flac,
T_0000121647,spoof,flac_T/T_0000121647.flac,
T_0000148859,spoof,flac_T/T_0000148859.flac,
T_0000089119,spoof,flac_T/T_0000089119.flac,
T_0000161175,spoof,flac_T/T_0000161175.flac,
T_0000087362,spoof,flac_T/T_0000087362.flac,
T_0000132946,spoof,flac_T/T_0000132946.flac,
T_0000044788,spoof,flac_T/T_0000044788.flac,
T_0000042255,spoof,flac_T/T_0000042255.flac,
T_0000009880,spoof,flac_T/T_0000009880.flac,
T_0000112991,spoof,flac_T/T_0000112991.flac,
T_0000026307,spoof,flac_T/T_0000026307.flac,
T_0000125209,spoof,flac_T/T_0000125209.flac,
T_0000063598,spoof,flac_T/T_0000063598.flac,
T_0000171471,spoof,flac_T/T_0000171471.flac,
T_0000152144,spoof,flac_T/T_0000152144.flac,
T_0000160655,spoof,flac_T/T_0000160655.flac,
T_0000016130,spoof,flac_T/T_0000016130.flac,
T_0000138174,spoof,flac_T/T_0000138174.flac,
T_0000109931,spoof,flac_T/T_0000109931.flac,
T_0000037435,spoof,flac_T/T_0000037435.flac,
T_0000168961,spoof,flac_T/T_0000168961.flac,
T_0000043132,spoof,flac_T/T_0000043132.flac,
T_0000040774,spoof,flac_T/T_0000040774.flac,
T_0000050753,spoof,flac_T/T_0000050753.flac,
T_0000170662,spoof,flac_T/T_0000170662.flac,
T_0000051796,spoof,flac_T/T_0000051796.flac,
T_0000165215,spoof,flac_T/T_0000165215.flac,
T_0000033435,spoof,flac_T/T_0000033435.flac,
T_0000073905,spoof,flac_T/T_0000073905.flac,
T_0000158392,spoof,flac_T/T_0000158392.flac,
T_0000137486,spoof,flac_T/T_0000137486.flac,
T_0000168568,spoof,flac_T/T_0000168568.flac,
T_0000050720,spoof,flac_T/T_0000050720.flac,
T_0000085124,spoof,flac_T/T_0000085124.flac,
T_0000051644,spoof,flac_T/T_0000051644.flac,
T_0000109962,spoof,flac_T/T_0000109962.flac,
T_0000092416,spoof,flac_T/T_0000092416.flac,
T_0000076803,spoof,flac_T/T_0000076803.flac,
T_0000055947,spoof,flac_T/T_0000055947.flac,
T_0000153369,spoof,flac_T/T_0000153369.flac,
T_0000130023,spoof,flac_T/T_0000130023.flac,
T_0000170509,spoof,flac_T/T_0000170509.flac,
T_0000091017,spoof,flac_T/T_0000091017.flac,
T_0000050049,spoof,flac_T/T_0000050049.flac,
T_0000154464,spoof,flac_T/T_0000154464.flac,
T_0000117375,spoof,flac_T/T_0000117375.flac,
T_0000099178,spoof,flac_T/T_0000099178.flac,
T_0000100546,spoof,flac_T/T_0000100546.flac,
T_0000121672,spoof,flac_T/T_0000121672.flac,
T_0000063338,spoof,flac_T/T_0000063338.flac,
T_0000017624,spoof,flac_T/T_0000017624.flac,
T_0000018107,spoof,flac_T/T_0000018107.flac,
T_0000010692,spoof,flac_T/T_0000010692.flac,
T_0000138736,spoof,flac_T/T_0000138736.flac,
T_0000091173,spoof,flac_T/T_0000091173.flac,
T_0000158928,spoof,flac_T/T_0000158928.flac,
T_0000181780,spoof,flac_T/T_0000181780.flac,
T_0000065972,spoof,flac_T/T_0000065972.flac,
T_0000067283,spoof,flac_T/T_0000067283.flac,
T_0000032052,spoof,flac_T/T_0000032052.flac,
T_0000002860,spoof,flac_T/T_0000002860.flac,
T_0000172236,spoof,flac_T/T_0000172236.flac,
T_0000131891,spoof,flac_T/T_0000131891.flac,
T_0000064368,spoof,flac_T/T_0000064368.flac,
T_0000173947,spoof,flac_T/T_0000173947.flac,
T_0000113862,spoof,flac_T/T_0000113862.flac,
T_0000093299,spoof,flac_T/T_0000093299.flac,
T_0000138885,spoof,flac_T/T_0000138885.flac,
T_0000028338,spoof,flac_T/T_0000028338.flac,
T_0000036898,spoof,flac_T/T_0000036898.flac,
T_0000042023,spoof,flac_T/T_0000042023.flac,
T_0000049154,spoof,flac_T/T_0000049154.flac,
T_0000010090,spoof,flac_T/T_0000010090.flac,
T_0000157025,spoof,flac_T/T_0000157025.flac,
T_0000150797,spoof,flac_T/T_0000150797.flac,
T_0000118206,spoof,flac_T/T_0000118206.flac,
T_0000156816,spoof,flac_T/T_0000156816.flac,
T_0000047082,spoof,flac_T/T_0000047082.flac,
T_0000026075,spoof,flac_T/T_0000026075.flac,
T_0000179020,spoof,flac_T/T_0000179020.flac,
T_0000036074,spoof,flac_T/T_0000036074.flac,
T_0000143749,spoof,flac_T/T_0000143749.flac,
T_0000157853,spoof,flac_T/T_0000157853.flac,
T_0000057514,spoof,flac_T/T_0000057514.flac,
T_0000171206,spoof,flac_T/T_0000171206.flac,
T_0000082182,spoof,flac_T/T_0000082182.flac,
T_0000086096,spoof,flac_T/T_0000086096.flac,
T_0000135790,spoof,flac_T/T_0000135790.flac,
T_0000036624,spoof,flac_T/T_0000036624.flac,
T_0000004777,spoof,flac_T/T_0000004777.flac,
T_0000111718,spoof,flac_T/T_0000111718.flac,
T_0000112705,spoof,flac_T/T_0000112705.flac,
T_0000109323,spoof,flac_T/T_0000109323.flac,
T_0000068778,spoof,flac_T/T_0000068778.flac,
T_0000065865,spoof,flac_T/T_0000065865.flac,
T_0000103571,spoof,flac_T/T_0000103571.flac,
T_0000019053,spoof,flac_T/T_0000019053.flac,
T_0000119937,spoof,flac_T/T_0000119937.flac,
T_0000104588,spoof,flac_T/T_0000104588.flac,
T_0000103664,spoof,flac_T/T_0000103664.flac,
T_0000029561,spoof,flac_T/T_0000029561.flac,
T_0000124978,spoof,flac_T/T_0000124978.flac,
T_0000008946,spoof,flac_T/T_0000008946.flac,
T_0000178525,spoof,flac_T/T_0000178525.flac,
T_0000027564,spoof,flac_T/T_0000027564.flac,
T_0000058348,spoof,flac_T/T_0000058348.flac,
T_0000046108,spoof,flac_T/T_0000046108.flac,
T_0000128364,spoof,flac_T/T_0000128364.flac,
T_0000110367,spoof,flac_T/T_0000110367.flac,
T_0000139794,spoof,flac_T/T_0000139794.flac,
T_0000063195,spoof,flac_T/T_0000063195.flac,
T_0000095859,spoof,flac_T/T_0000095859.flac,
T_0000001694,spoof,flac_T/T_0000001694.flac,
T_0000159407,spoof,flac_T/T_0000159407.flac,
T_0000167133,spoof,flac_T/T_0000167133.flac,
T_0000133549,spoof,flac_T/T_0000133549.flac,
T_0000174082,spoof,flac_T/T_0000174082.flac,
T_0000166994,spoof,flac_T/T_0000166994.flac,
T_0000080296,spoof,flac_T/T_0000080296.flac,
T_0000042919,spoof,flac_T/T_0000042919.flac,
T_0000059994,spoof,flac_T/T_0000059994.flac,
T_0000135403,spoof,flac_T/T_0000135403.flac,
T_0000172067,spoof,flac_T/T_0000172067.flac,
T_0000167081,spoof,flac_T/T_0000167081.flac,
T_0000071866,spoof,flac_T/T_0000071866.flac,
T_0000139464,spoof,flac_T/T_0000139464.flac,
T_0000133641,spoof,flac_T/T_0000133641.flac,
T_0000080869,spoof,flac_T/T_0000080869.flac,
T_0000009922,spoof,flac_T/T_0000009922.flac,
T_0000180049,spoof,flac_T/T_0000180049.flac,
T_0000058157,spoof,flac_T/T_0000058157.flac,
T_0000142307,spoof,flac_T/T_0000142307.flac,
T_0000023320,spoof,flac_T/T_0000023320.flac,
T_0000110760,spoof,flac_T/T_0000110760.flac,
T_0000061686,spoof,flac_T/T_0000061686.flac,
T_0000153217,spoof,flac_T/T_0000153217.flac,
T_0000065855,spoof,flac_T/T_0000065855.flac,
T_0000040187,spoof,flac_T/T_0000040187.flac,
T_0000079790,spoof,flac_T/T_0000079790.flac,
T_0000172767,spoof,flac_T/T_0000172767.flac,
T_0000041404,spoof,flac_T/T_0000041404.flac,
T_0000165919,spoof,flac_T/T_0000165919.flac,
T_0000043710,spoof,flac_T/T_0000043710.flac,
T_0000018780,spoof,flac_T/T_0000018780.flac,
T_0000028565,spoof,flac_T/T_0000028565.flac,
T_0000136828,spoof,flac_T/T_0000136828.flac,
T_0000012937,spoof,flac_T/T_0000012937.flac,
T_0000133066,spoof,flac_T/T_0000133066.flac,
T_0000182177,spoof,flac_T/T_0000182177.flac,
T_0000151153,spoof,flac_T/T_0000151153.flac,
T_0000119183,spoof,flac_T/T_0000119183.flac,
T_0000104917,spoof,flac_T/T_0000104917.flac,
T_0000081899,spoof,flac_T/T_0000081899.flac,
T_0000041013,spoof,flac_T/T_0000041013.flac,
T_0000042658,spoof,flac_T/T_0000042658.flac,
T_0000160155,spoof,flac_T/T_0000160155.flac,
T_0000011682,spoof,flac_T/T_0000011682.flac,
T_0000008693,spoof,flac_T/T_0000008693.flac,
T_0000069069,spoof,flac_T/T_0000069069.flac,
T_0000111762,spoof,flac_T/T_0000111762.flac,
T_0000074813,spoof,flac_T/T_0000074813.flac,
T_0000022032,spoof,flac_T/T_0000022032.flac,
T_0000133342,spoof,flac_T/T_0000133342.flac,
T_0000167072,spoof,flac_T/T_0000167072.flac,
T_0000120057,spoof,flac_T/T_0000120057.flac,
T_0000069722,spoof,flac_T/T_0000069722.flac,
T_0000102092,spoof,flac_T/T_0000102092.flac,
T_0000000168,spoof,flac_T/T_0000000168.flac,
T_0000161854,spoof,flac_T/T_0000161854.flac,
T_0000132576,spoof,flac_T/T_0000132576.flac,
T_0000103318,spoof,flac_T/T_0000103318.flac,
T_0000120616,spoof,flac_T/T_0000120616.flac,
T_0000064623,spoof,flac_T/T_0000064623.flac,
T_0000117850,spoof,flac_T/T_0000117850.flac,
T_0000093557,spoof,flac_T/T_0000093557.flac,
T_0000120578,spoof,flac_T/T_0000120578.flac,
T_0000153949,spoof,flac_T/T_0000153949.flac,
T_0000059941,spoof,flac_T/T_0000059941.flac,
T_0000174260,spoof,flac_T/T_0000174260.flac,
T_0000156043,spoof,flac_T/T_0000156043.flac,
T_0000103237,spoof,flac_T/T_0000103237.flac,
T_0000095916,spoof,flac_T/T_0000095916.flac,
T_0000073426,spoof,flac_T/T_0000073426.flac,
T_0000021217,spoof,flac_T/T_0000021217.flac,
T_0000003953,spoof,flac_T/T_0000003953.flac,
T_0000088584,spoof,flac_T/T_0000088584.flac,
T_0000105142,spoof,flac_T/T_0000105142.flac,
T_0000160476,spoof,flac_T/T_0000160476.flac,
T_0000057407,spoof,flac_T/T_0000057407.flac,
T_0000009385,spoof,flac_T/T_0000009385.flac,
T_0000144694,spoof,flac_T/T_0000144694.flac,
T_0000173387,spoof,flac_T/T_0000173387.flac,
T_0000116764,spoof,flac_T/T_0000116764.flac,
T_0000050936,spoof,flac_T/T_0000050936.flac,
T_0000140253,spoof,flac_T/T_0000140253.flac,
T_0000141136,spoof,flac_T/T_0000141136.flac,
T_0000106781,spoof,flac_T/T_0000106781.flac,
T_0000012700,spoof,flac_T/T_0000012700.flac,
T_0000002968,spoof,flac_T/T_0000002968.flac,
T_0000147172,spoof,flac_T/T_0000147172.flac,
T_0000122208,spoof,flac_T/T_0000122208.flac,
T_0000092733,spoof,flac_T/T_0000092733.flac,
T_0000108322,spoof,flac_T/T_0000108322.flac,
T_0000046360,spoof,flac_T/T_0000046360.flac,
T_0000063442,spoof,flac_T/T_0000063442.flac,
T_0000180174,spoof,flac_T/T_0000180174.flac,
T_0000070080,spoof,flac_T/T_0000070080.flac,
T_0000162497,spoof,flac_T/T_0000162497.flac,
T_0000134293,spoof,flac_T/T_0000134293.flac,
T_0000164800,spoof,flac_T/T_0000164800.flac,
T_0000015890,spoof,flac_T/T_0000015890.flac,
T_0000084684,spoof,flac_T/T_0000084684.flac,
T_0000066038,spoof,flac_T/T_0000066038.flac,
T_0000066405,spoof,flac_T/T_0000066405.flac,
T_0000091055,spoof,flac_T/T_0000091055.flac,
T_0000084087,spoof,flac_T/T_0000084087.flac,
T_0000110153,spoof,flac_T/T_0000110153.flac,
T_0000041063,spoof,flac_T/T_0000041063.flac,
T_0000033234,spoof,flac_T/T_0000033234.flac,
T_0000022911,spoof,flac_T/T_0000022911.flac,
T_0000105034,spoof,flac_T/T_0000105034.flac,
T_0000155712,spoof,flac_T/T_0000155712.flac,
T_0000029918,spoof,flac_T/T_0000029918.flac,
T_0000035548,spoof,flac_T/T_0000035548.flac,
T_0000180878,spoof,flac_T/T_0000180878.flac,
T_0000166011,spoof,flac_T/T_0000166011.flac,
T_0000169289,spoof,flac_T/T_0000169289.flac,
T_0000043914,spoof,flac_T/T_0000043914.flac,
T_0000013481,spoof,flac_T/T_0000013481.flac,
T_0000050619,spoof,flac_T/T_0000050619.flac,
T_0000050448,spoof,flac_T/T_0000050448.flac,
T_0000056081,spoof,flac_T/T_0000056081.flac,
T_0000127631,spoof,flac_T/T_0000127631.flac,
T_0000047139,spoof,flac_T/T_0000047139.flac,
T_0000134223,spoof,flac_T/T_0000134223.flac,
T_0000026286,spoof,flac_T/T_0000026286.flac,
T_0000075388,spoof,flac_T/T_0000075388.flac,
T_0000040006,spoof,flac_T/T_0000040006.flac,
T_0000039153,spoof,flac_T/T_0000039153.flac,
T_0000062985,spoof,flac_T/T_0000062985.flac,
T_0000059477,spoof,flac_T/T_0000059477.flac,
T_0000162022,spoof,flac_T/T_0000162022.flac,
T_0000109586,spoof,flac_T/T_0000109586.flac,
T_0000057918,spoof,flac_T/T_0000057918.flac,
T_0000141529,spoof,flac_T/T_0000141529.flac,
T_0000081824,spoof,flac_T/T_0000081824.flac,
T_0000080201,spoof,flac_T/T_0000080201.flac,
T_0000086412,spoof,flac_T/T_0000086412.flac,
T_0000144522,spoof,flac_T/T_0000144522.flac,
T_0000004137,spoof,flac_T/T_0000004137.flac,
T_0000042857,spoof,flac_T/T_0000042857.flac,
T_0000037218,spoof,flac_T/T_0000037218.flac,
T_0000168543,spoof,flac_T/T_0000168543.flac,
T_0000174616,spoof,flac_T/T_0000174616.flac,
T_0000178255,spoof,flac_T/T_0000178255.flac,
T_0000105024,spoof,flac_T/T_0000105024.flac,
T_0000173296,spoof,flac_T/T_0000173296.flac,
T_0000119071,spoof,flac_T/T_0000119071.flac,
T_0000089533,spoof,flac_T/T_0000089533.flac,
T_0000102780,spoof,flac_T/T_0000102780.flac,
T_0000129288,spoof,flac_T/T_0000129288.flac,
T_0000019445,spoof,flac_T/T_0000019445.flac,
T_0000038234,spoof,flac_T/T_0000038234.flac,
T_0000085196,spoof,flac_T/T_0000085196.flac,
T_0000026129,spoof,flac_T/T_0000026129.flac,
T_0000173054,spoof,flac_T/T_0000173054.flac,
T_0000020313,spoof,flac_T/T_0000020313.flac,
T_0000098099,spoof,flac_T/T_0000098099.flac,
T_0000099477,spoof,flac_T/T_0000099477.flac,
T_0000108932,spoof,flac_T/T_0000108932.flac,
T_0000064216,spoof,flac_T/T_0000064216.flac,
T_0000005741,spoof,flac_T/T_0000005741.flac,
T_0000012062,spoof,flac_T/T_0000012062.flac,
T_0000034537,spoof,flac_T/T_0000034537.flac,
T_0000125216,spoof,flac_T/T_0000125216.flac,
T_0000097718,spoof,flac_T/T_0000097718.flac,
T_0000045478,spoof,flac_T/T_0000045478.flac,
T_0000133408,spoof,flac_T/T_0000133408.flac,
T_0000123780,spoof,flac_T/T_0000123780.flac,
T_0000082738,spoof,flac_T/T_0000082738.flac,
T_0000078000,spoof,flac_T/T_0000078000.flac,
T_0000046067,spoof,flac_T/T_0000046067.flac,
T_0000175159,spoof,flac_T/T_0000175159.flac,
T_0000163167,spoof,flac_T/T_0000163167.flac,
T_0000008424,spoof,flac_T/T_0000008424.flac,
T_0000068805,spoof,flac_T/T_0000068805.flac,
T_0000093282,spoof,flac_T/T_0000093282.flac,
T_0000116601,spoof,flac_T/T_0000116601.flac,
T_0000029764,spoof,flac_T/T_0000029764.flac,
T_0000032148,spoof,flac_T/T_0000032148.flac,
T_0000113706,spoof,flac_T/T_0000113706.flac,
T_0000110406,spoof,flac_T/T_0000110406.flac,
T_0000110288,spoof,flac_T/T_0000110288.flac,
T_0000163716,spoof,flac_T/T_0000163716.flac,
T_0000020744,spoof,flac_T/T_0000020744.flac,
T_0000134779,spoof,flac_T/T_0000134779.flac,
T_0000035891,spoof,flac_T/T_0000035891.flac,
T_0000083143,spoof,flac_T/T_0000083143.flac,
T_0000178073,spoof,flac_T/T_0000178073.flac,
T_0000176245,spoof,flac_T/T_0000176245.flac,
T_0000064649,spoof,flac_T/T_0000064649.flac,
T_0000034124,spoof,flac_T/T_0000034124.flac,
T_0000141817,spoof,flac_T/T_0000141817.flac,
T_0000047888,spoof,flac_T/T_0000047888.flac,
T_0000143600,spoof,flac_T/T_0000143600.flac,
T_0000143216,spoof,flac_T/T_0000143216.flac,
T_0000009014,spoof,flac_T/T_0000009014.flac,
T_0000176285,spoof,flac_T/T_0000176285.flac,
T_0000055439,spoof,flac_T/T_0000055439.flac,
T_0000103866,spoof,flac_T/T_0000103866.flac,
T_0000137655,spoof,flac_T/T_0000137655.flac,
T_0000158456,spoof,flac_T/T_0000158456.flac,
T_0000016950,spoof,flac_T/T_0000016950.flac,
T_0000087828,spoof,flac_T/T_0000087828.flac,
T_0000169242,spoof,flac_T/T_0000169242.flac,
T_0000100647,spoof,flac_T/T_0000100647.flac,
T_0000070213,spoof,flac_T/T_0000070213.flac,
T_0000124586,spoof,flac_T/T_0000124586.flac,
T_0000083945,spoof,flac_T/T_0000083945.flac,
T_0000140205,spoof,flac_T/T_0000140205.flac,
T_0000043918,spoof,flac_T/T_0000043918.flac,
T_0000157539,spoof,flac_T/T_0000157539.flac,
T_0000127190,spoof,flac_T/T_0000127190.flac,
T_0000056434,spoof,flac_T/T_0000056434.flac,
T_0000137292,spoof,flac_T/T_0000137292.flac,
T_0000175617,spoof,flac_T/T_0000175617.flac,
T_0000088306,spoof,flac_T/T_0000088306.flac,
T_0000091898,spoof,flac_T/T_0000091898.flac,
T_0000130073,spoof,flac_T/T_0000130073.flac,
T_0000069889,spoof,flac_T/T_0000069889.flac,
T_0000020817,spoof,flac_T/T_0000020817.flac,
T_0000049780,spoof,flac_T/T_0000049780.flac,
T_0000182026,spoof,flac_T/T_0000182026.flac,
T_0000128608,spoof,flac_T/T_0000128608.flac,
T_0000109032,spoof,flac_T/T_0000109032.flac,
T_0000026997,spoof,flac_T/T_0000026997.flac,
T_0000003378,spoof,flac_T/T_0000003378.flac,
T_0000108504,spoof,flac_T/T_0000108504.flac,
T_0000070114,spoof,flac_T/T_0000070114.flac,
T_0000081360,spoof,flac_T/T_0000081360.flac,
T_0000166709,spoof,flac_T/T_0000166709.flac,
T_0000003103,spoof,flac_T/T_0000003103.flac,
T_0000106823,spoof,flac_T/T_0000106823.flac,
T_0000050855,spoof,flac_T/T_0000050855.flac,
T_0000037160,spoof,flac_T/T_0000037160.flac,
T_0000025773,spoof,flac_T/T_0000025773.flac,
T_0000179838,spoof,flac_T/T_0000179838.flac,
T_0000042170,spoof,flac_T/T_0000042170.flac,
T_0000150952,spoof,flac_T/T_0000150952.flac,
T_0000111026,spoof,flac_T/T_0000111026.flac,
T_0000017143,spoof,flac_T/T_0000017143.flac,
T_0000152577,spoof,flac_T/T_0000152577.flac,
T_0000011185,spoof,flac_T/T_0000011185.flac,
T_0000145004,spoof,flac_T/T_0000145004.flac,
T_0000007878,spoof,flac_T/T_0000007878.flac,
T_0000048029,spoof,flac_T/T_0000048029.flac,
T_0000164308,spoof,flac_T/T_0000164308.flac,
T_0000060240,spoof,flac_T/T_0000060240.flac,
T_0000144762,spoof,flac_T/T_0000144762.flac,
T_0000127473,spoof,flac_T/T_0000127473.flac,
T_0000023819,spoof,flac_T/T_0000023819.flac,
T_0000146866,spoof,flac_T/T_0000146866.flac,
T_0000100310,spoof,flac_T/T_0000100310.flac,
T_0000010170,spoof,flac_T/T_0000010170.flac,
T_0000007692,spoof,flac_T/T_0000007692.flac,
T_0000133068,spoof,flac_T/T_0000133068.flac,
T_0000006263,spoof,flac_T/T_0000006263.flac,
T_0000112794,spoof,flac_T/T_0000112794.flac,
T_0000087906,spoof,flac_T/T_0000087906.flac,
T_0000178172,spoof,flac_T/T_0000178172.flac,
T_0000084271,spoof,flac_T/T_0000084271.flac,
T_0000062311,spoof,flac_T/T_0000062311.flac,
T_0000005111,spoof,flac_T/T_0000005111.flac,
T_0000079191,spoof,flac_T/T_0000079191.flac,
T_0000170143,spoof,flac_T/T_0000170143.flac,
T_0000143321,spoof,flac_T/T_0000143321.flac,
T_0000078911,spoof,flac_T/T_0000078911.flac,
T_0000078883,spoof,flac_T/T_0000078883.flac,
T_0000017092,spoof,flac_T/T_0000017092.flac,
T_0000145061,spoof,flac_T/T_0000145061.flac,
T_0000090119,spoof,flac_T/T_0000090119.flac,
T_0000084872,spoof,flac_T/T_0000084872.flac,
T_0000048496,spoof,flac_T/T_0000048496.flac,
T_0000069132,spoof,flac_T/T_0000069132.flac,
T_0000121950,spoof,flac_T/T_0000121950.flac,
T_0000002110,spoof,flac_T/T_0000002110.flac,
T_0000105875,spoof,flac_T/T_0000105875.flac,
T_0000154798,spoof,flac_T/T_0000154798.flac,
T_0000056613,spoof,flac_T/T_0000056613.flac,
T_0000043152,spoof,flac_T/T_0000043152.flac,
T_0000020658,spoof,flac_T/T_0000020658.flac,
T_0000055779,spoof,flac_T/T_0000055779.flac,
T_0000080160,spoof,flac_T/T_0000080160.flac,
T_0000067868,spoof,flac_T/T_0000067868.flac,
T_0000008960,spoof,flac_T/T_0000008960.flac,
T_0000027768,spoof,flac_T/T_0000027768.flac,
T_0000016803,spoof,flac_T/T_0000016803.flac,
T_0000040541,spoof,flac_T/T_0000040541.flac,
T_0000146759,spoof,flac_T/T_0000146759.flac,
T_0000154961,spoof,flac_T/T_0000154961.flac,
T_0000012753,spoof,flac_T/T_0000012753.flac,
T_0000032039,spoof,flac_T/T_0000032039.flac,
T_0000156179,spoof,flac_T/T_0000156179.flac,
T_0000129937,spoof,flac_T/T_0000129937.flac,
T_0000128433,spoof,flac_T/T_0000128433.flac,
T_0000161342,spoof,flac_T/T_0000161342.flac,
T_0000176182,spoof,flac_T/T_0000176182.flac,
T_0000004314,spoof,flac_T/T_0000004314.flac,
T_0000112089,spoof,flac_T/T_0000112089.flac,
T_0000049613,spoof,flac_T/T_0000049613.flac,
T_0000016612,spoof,flac_T/T_0000016612.flac,
T_0000152853,spoof,flac_T/T_0000152853.flac,
T_0000027540,spoof,flac_T/T_0000027540.flac,
T_0000050121,spoof,flac_T/T_0000050121.flac,
T_0000038648,spoof,flac_T/T_0000038648.flac,
T_0000042738,spoof,flac_T/T_0000042738.flac,
T_0000117643,spoof,flac_T/T_0000117643.flac,
T_0000054131,spoof,flac_T/T_0000054131.flac,
T_0000041165,spoof,flac_T/T_0000041165.flac,
T_0000125157,spoof,flac_T/T_0000125157.flac,
T_0000039701,spoof,flac_T/T_0000039701.flac,
T_0000151530,spoof,flac_T/T_0000151530.flac,
T_0000033860,spoof,flac_T/T_0000033860.flac,
T_0000129123,spoof,flac_T/T_0000129123.flac,
T_0000165906,spoof,flac_T/T_0000165906.flac,
T_0000148089,spoof,flac_T/T_0000148089.flac,
T_0000018918,spoof,flac_T/T_0000018918.flac,
T_0000090133,spoof,flac_T/T_0000090133.flac,
T_0000081483,spoof,flac_T/T_0000081483.flac,
T_0000052098,spoof,flac_T/T_0000052098.flac,
T_0000108937,spoof,flac_T/T_0000108937.flac,
T_0000169077,spoof,flac_T/T_0000169077.flac,
T_0000041759,spoof,flac_T/T_0000041759.flac,
T_0000025919,spoof,flac_T/T_0000025919.flac,
T_0000142055,spoof,flac_T/T_0000142055.flac,
T_0000177855,spoof,flac_T/T_0000177855.flac,
T_0000040654,spoof,flac_T/T_0000040654.flac,
T_0000074518,spoof,flac_T/T_0000074518.flac,
T_0000176381,spoof,flac_T/T_0000176381.flac,
T_0000147483,spoof,flac_T/T_0000147483.flac,
T_0000002580,spoof,flac_T/T_0000002580.flac,
T_0000034555,spoof,flac_T/T_0000034555.flac,
T_0000069947,spoof,flac_T/T_0000069947.flac,
T_0000157815,spoof,flac_T/T_0000157815.flac,
T_0000088285,spoof,flac_T/T_0000088285.flac,
T_0000059183,spoof,flac_T/T_0000059183.flac,
T_0000004379,spoof,flac_T/T_0000004379.flac,
T_0000085206,spoof,flac_T/T_0000085206.flac,
T_0000173674,spoof,flac_T/T_0000173674.flac,
T_0000093216,spoof,flac_T/T_0000093216.flac,
T_0000036059,spoof,flac_T/T_0000036059.flac,
T_0000044342,spoof,flac_T/T_0000044342.flac,
T_0000049557,spoof,flac_T/T_0000049557.flac,
T_0000033596,spoof,flac_T/T_0000033596.flac,
T_0000056002,spoof,flac_T/T_0000056002.flac,
T_0000136885,spoof,flac_T/T_0000136885.flac,
T_0000026946,spoof,flac_T/T_0000026946.flac,
T_0000025144,spoof,flac_T/T_0000025144.flac,
T_0000087121,spoof,flac_T/T_0000087121.flac,
T_0000108363,spoof,flac_T/T_0000108363.flac,
T_0000075192,spoof,flac_T/T_0000075192.flac,
T_0000114038,spoof,flac_T/T_0000114038.flac,
T_0000181442,spoof,flac_T/T_0000181442.flac,
T_0000180670,spoof,flac_T/T_0000180670.flac,
T_0000139220,spoof,flac_T/T_0000139220.flac,
T_0000066583,spoof,flac_T/T_0000066583.flac,
T_0000080024,spoof,flac_T/T_0000080024.flac,
T_0000115921,spoof,flac_T/T_0000115921.flac,
T_0000107036,spoof,flac_T/T_0000107036.flac,
T_0000144341,spoof,flac_T/T_0000144341.flac,
T_0000147747,spoof,flac_T/T_0000147747.flac,
T_0000098036,spoof,flac_T/T_0000098036.flac,
T_0000038289,spoof,flac_T/T_0000038289.flac,
T_0000047903,spoof,flac_T/T_0000047903.flac,
T_0000024841,spoof,flac_T/T_0000024841.flac,
T_0000088031,spoof,flac_T/T_0000088031.flac,
T_0000130981,spoof,flac_T/T_0000130981.flac,
T_0000031354,spoof,flac_T/T_0000031354.flac,
T_0000082109,spoof,flac_T/T_0000082109.flac,
T_0000010394,spoof,flac_T/T_0000010394.flac,
T_0000085922,spoof,flac_T/T_0000085922.flac,
T_0000097181,spoof,flac_T/T_0000097181.flac,
T_0000160295,spoof,flac_T/T_0000160295.flac,
T_0000111767,spoof,flac_T/T_0000111767.flac,
T_0000037005,spoof,flac_T/T_0000037005.flac,
T_0000137368,spoof,flac_T/T_0000137368.flac,
T_0000148114,spoof,flac_T/T_0000148114.flac,
T_0000053946,spoof,flac_T/T_0000053946.flac,
T_0000108921,spoof,flac_T/T_0000108921.flac,
T_0000177245,spoof,flac_T/T_0000177245.flac,
T_0000085907,spoof,flac_T/T_0000085907.flac,
T_0000037916,spoof,flac_T/T_0000037916.flac,
T_0000153352,spoof,flac_T/T_0000153352.flac,
T_0000135641,spoof,flac_T/T_0000135641.flac,
T_0000008012,spoof,flac_T/T_0000008012.flac,
T_0000135984,spoof,flac_T/T_0000135984.flac,
T_0000055252,spoof,flac_T/T_0000055252.flac,
T_0000159023,spoof,flac_T/T_0000159023.flac,
T_0000064528,spoof,flac_T/T_0000064528.flac,
T_0000032848,spoof,flac_T/T_0000032848.flac,
T_0000164754,spoof,flac_T/T_0000164754.flac,
T_0000148091,spoof,flac_T/T_0000148091.flac,
T_0000027752,spoof,flac_T/T_0000027752.flac,
T_0000011591,spoof,flac_T/T_0000011591.flac,
T_0000029950,spoof,flac_T/T_0000029950.flac,
T_0000057809,spoof,flac_T/T_0000057809.flac,
T_0000140809,spoof,flac_T/T_0000140809.flac,
T_0000100542,spoof,flac_T/T_0000100542.flac,
T_0000073042,spoof,flac_T/T_0000073042.flac,
T_0000118619,spoof,flac_T/T_0000118619.flac,
T_0000081565,spoof,flac_T/T_0000081565.flac,
T_0000163084,spoof,flac_T/T_0000163084.flac,
T_0000015389,spoof,flac_T/T_0000015389.flac,
T_0000083822,spoof,flac_T/T_0000083822.flac,
T_0000175676,spoof,flac_T/T_0000175676.flac,
T_0000120198,spoof,flac_T/T_0000120198.flac,
T_0000165628,spoof,flac_T/T_0000165628.flac,
T_0000129592,spoof,flac_T/T_0000129592.flac,
T_0000134589,spoof,flac_T/T_0000134589.flac,
T_0000062428,spoof,flac_T/T_0000062428.flac,
T_0000170245,spoof,flac_T/T_0000170245.flac,
T_0000089097,spoof,flac_T/T_0000089097.flac,
T_0000039627,spoof,flac_T/T_0000039627.flac,
T_0000033835,spoof,flac_T/T_0000033835.flac,
T_0000127736,spoof,flac_T/T_0000127736.flac,
T_0000102358,spoof,flac_T/T_0000102358.flac,
T_0000013277,spoof,flac_T/T_0000013277.flac,
T_0000026673,spoof,flac_T/T_0000026673.flac,
T_0000053735,spoof,flac_T/T_0000053735.flac,
T_0000035575,spoof,flac_T/T_0000035575.flac,
T_0000071410,spoof,flac_T/T_0000071410.flac,
T_0000018752,spoof,flac_T/T_0000018752.flac,
T_0000176386,spoof,flac_T/T_0000176386.flac,
T_0000079954,spoof,flac_T/T_0000079954.flac,
T_0000081910,spoof,flac_T/T_0000081910.flac,
T_0000165894,spoof,flac_T/T_0000165894.flac,
T_0000136772,spoof,flac_T/T_0000136772.flac,
T_0000104488,spoof,flac_T/T_0000104488.flac,
T_0000113957,spoof,flac_T/T_0000113957.flac,
T_0000030873,spoof,flac_T/T_0000030873.flac,
T_0000170542,spoof,flac_T/T_0000170542.flac,
T_0000160068,spoof,flac_T/T_0000160068.flac,
T_0000115210,spoof,flac_T/T_0000115210.flac,
T_0000078030,spoof,flac_T/T_0000078030.flac,
T_0000154193,spoof,flac_T/T_0000154193.flac,
T_0000170021,spoof,flac_T/T_0000170021.flac,
T_0000128262,spoof,flac_T/T_0000128262.flac,
T_0000002674,spoof,flac_T/T_0000002674.flac,
T_0000153025,spoof,flac_T/T_0000153025.flac,
T_0000076732,spoof,flac_T/T_0000076732.flac,
T_0000126377,spoof,flac_T/T_0000126377.flac,
T_0000008081,spoof,flac_T/T_0000008081.flac,
T_0000075418,spoof,flac_T/T_0000075418.flac,
T_0000141788,spoof,flac_T/T_0000141788.flac,
T_0000099243,spoof,flac_T/T_0000099243.flac,
T_0000080547,spoof,flac_T/T_0000080547.flac,
T_0000031112,spoof,flac_T/T_0000031112.flac,
T_0000059650,spoof,flac_T/T_0000059650.flac,
T_0000117205,spoof,flac_T/T_0000117205.flac,
T_0000179418,spoof,flac_T/T_0000179418.flac,
T_0000054075,spoof,flac_T/T_0000054075.flac,
T_0000003402,spoof,flac_T/T_0000003402.flac,
T_0000116740,spoof,flac_T/T_0000116740.flac,
T_0000054498,spoof,flac_T/T_0000054498.flac,
T_0000181199,spoof,flac_T/T_0000181199.flac,
T_0000050612,spoof,flac_T/T_0000050612.flac,
T_0000035244,spoof,flac_T/T_0000035244.flac,
T_0000016861,spoof,flac_T/T_0000016861.flac,
T_0000163999,spoof,flac_T/T_0000163999.flac,
T_0000087984,spoof,flac_T/T_0000087984.flac,
T_0000074565,spoof,flac_T/T_0000074565.flac,
T_0000132015,spoof,flac_T/T_0000132015.flac,
T_0000104129,spoof,flac_T/T_0000104129.flac,
T_0000066829,spoof,flac_T/T_0000066829.flac,
T_0000020614,spoof,flac_T/T_0000020614.flac,
T_0000016390,spoof,flac_T/T_0000016390.flac,
T_0000151625,spoof,flac_T/T_0000151625.flac,
T_0000098550,spoof,flac_T/T_0000098550.flac,
T_0000110714,spoof,flac_T/T_0000110714.flac,
T_0000159031,spoof,flac_T/T_0000159031.flac,
T_0000145865,spoof,flac_T/T_0000145865.flac,
T_0000070464,spoof,flac_T/T_0000070464.flac,
T_0000079466,spoof,flac_T/T_0000079466.flac,
T_0000049591,spoof,flac_T/T_0000049591.flac,
T_0000079253,spoof,flac_T/T_0000079253.flac,
T_0000124881,spoof,flac_T/T_0000124881.flac,
T_0000167748,spoof,flac_T/T_0000167748.flac,
T_0000135033,spoof,flac_T/T_0000135033.flac,
T_0000116627,spoof,flac_T/T_0000116627.flac,
T_0000139804,spoof,flac_T/T_0000139804.flac,
T_0000002745,spoof,flac_T/T_0000002745.flac,
T_0000134481,spoof,flac_T/T_0000134481.flac,
T_0000017776,spoof,flac_T/T_0000017776.flac,
T_0000073843,spoof,flac_T/T_0000073843.flac,
T_0000138791,spoof,flac_T/T_0000138791.flac,
T_0000109739,spoof,flac_T/T_0000109739.flac,
T_0000037222,spoof,flac_T/T_0000037222.flac,
T_0000032577,spoof,flac_T/T_0000032577.flac,
T_0000154360,spoof,flac_T/T_0000154360.flac,
T_0000040909,spoof,flac_T/T_0000040909.flac,
T_0000055299,spoof,flac_T/T_0000055299.flac,
T_0000151058,spoof,flac_T/T_0000151058.flac,
T_0000121754,spoof,flac_T/T_0000121754.flac,
T_0000054716,spoof,flac_T/T_0000054716.flac,
T_0000011580,spoof,flac_T/T_0000011580.flac,
T_0000177464,spoof,flac_T/T_0000177464.flac,
T_0000161189,spoof,flac_T/T_0000161189.flac,
T_0000165767,spoof,flac_T/T_0000165767.flac,
T_0000168042,spoof,flac_T/T_0000168042.flac,
T_0000075445,spoof,flac_T/T_0000075445.flac,
T_0000114169,spoof,flac_T/T_0000114169.flac,
T_0000168052,spoof,flac_T/T_0000168052.flac,
T_0000007176,spoof,flac_T/T_0000007176.flac,
T_0000031937,spoof,flac_T/T_0000031937.flac,
T_0000174794,spoof,flac_T/T_0000174794.flac,
T_0000089085,spoof,flac_T/T_0000089085.flac,
T_0000039157,spoof,flac_T/T_0000039157.flac,
T_0000064124,spoof,flac_T/T_0000064124.flac,
T_0000063193,spoof,flac_T/T_0000063193.flac,
T_0000015306,spoof,flac_T/T_0000015306.flac,
T_0000145802,spoof,flac_T/T_0000145802.flac,
T_0000031074,spoof,flac_T/T_0000031074.flac,
T_0000134538,spoof,flac_T/T_0000134538.flac,
T_0000180154,spoof,flac_T/T_0000180154.flac,
T_0000100712,spoof,flac_T/T_0000100712.flac,
T_0000070621,spoof,flac_T/T_0000070621.flac,
T_0000152914,spoof,flac_T/T_0000152914.flac,
T_0000046406,spoof,flac_T/T_0000046406.flac,
T_0000094558,spoof,flac_T/T_0000094558.flac,
T_0000177102,spoof,flac_T/T_0000177102.flac,
T_0000058758,spoof,flac_T/T_0000058758.flac,
T_0000136373,spoof,flac_T/T_0000136373.flac,
T_0000044882,spoof,flac_T/T_0000044882.flac,
T_0000139225,spoof,flac_T/T_0000139225.flac,
T_0000136217,spoof,flac_T/T_0000136217.flac,
T_0000134841,spoof,flac_T/T_0000134841.flac,
T_0000151683,spoof,flac_T/T_0000151683.flac,
T_0000058765,spoof,flac_T/T_0000058765.flac,
T_0000133992,spoof,flac_T/T_0000133992.flac,
T_0000177985,spoof,flac_T/T_0000177985.flac,
T_0000057845,spoof,flac_T/T_0000057845.flac,
T_0000025716,spoof,flac_T/T_0000025716.flac,
T_0000109745,spoof,flac_T/T_0000109745.flac,
T_0000167141,spoof,flac_T/T_0000167141.flac,
T_0000171556,spoof,flac_T/T_0000171556.flac,
T_0000056272,spoof,flac_T/T_0000056272.flac,
T_0000076349,spoof,flac_T/T_0000076349.flac,
T_0000033834,spoof,flac_T/T_0000033834.flac,
T_0000112102,spoof,flac_T/T_0000112102.flac,
T_0000017777,spoof,flac_T/T_0000017777.flac,
T_0000126283,spoof,flac_T/T_0000126283.flac,
T_0000123639,spoof,flac_T/T_0000123639.flac,
T_0000072652,spoof,flac_T/T_0000072652.flac,
T_0000165722,spoof,flac_T/T_0000165722.flac,
T_0000079581,spoof,flac_T/T_0000079581.flac,
T_0000030926,spoof,flac_T/T_0000030926.flac,
T_0000029024,spoof,flac_T/T_0000029024.flac,
T_0000126290,spoof,flac_T/T_0000126290.flac,
T_0000076031,spoof,flac_T/T_0000076031.flac,
T_0000116561,spoof,flac_T/T_0000116561.flac,
T_0000068713,spoof,flac_T/T_0000068713.flac,
T_0000032897,spoof,flac_T/T_0000032897.flac,
T_0000092940,spoof,flac_T/T_0000092940.flac,
T_0000098845,spoof,flac_T/T_0000098845.flac,
T_0000094508,spoof,flac_T/T_0000094508.flac,
T_0000090799,spoof,flac_T/T_0000090799.flac,
T_0000015265,spoof,flac_T/T_0000015265.flac,
T_0000069266,spoof,flac_T/T_0000069266.flac,
T_0000087035,spoof,flac_T/T_0000087035.flac,
T_0000156765,spoof,flac_T/T_0000156765.flac,
T_0000025653,spoof,flac_T/T_0000025653.flac,
T_0000037816,spoof,flac_T/T_0000037816.flac,
T_0000097008,spoof,flac_T/T_0000097008.flac,
T_0000002912,spoof,flac_T/T_0000002912.flac,
T_0000119967,spoof,flac_T/T_0000119967.flac,
T_0000004793,spoof,flac_T/T_0000004793.flac,
T_0000074871,spoof,flac_T/T_0000074871.flac,
T_0000139213,spoof,flac_T/T_0000139213.flac,
T_0000164142,spoof,flac_T/T_0000164142.flac,
T_0000170501,spoof,flac_T/T_0000170501.flac,
T_0000043806,spoof,flac_T/T_0000043806.flac,
T_0000016395,spoof,flac_T/T_0000016395.flac,
T_0000048314,spoof,flac_T/T_0000048314.flac,
T_0000108532,spoof,flac_T/T_0000108532.flac,
T_0000025472,spoof,flac_T/T_0000025472.flac,
T_0000177579,spoof,flac_T/T_0000177579.flac,
T_0000101013,spoof,flac_T/T_0000101013.flac,
T_0000020675,spoof,flac_T/T_0000020675.flac,
T_0000095964,spoof,flac_T/T_0000095964.flac,
T_0000011269,spoof,flac_T/T_0000011269.flac,
T_0000080919,spoof,flac_T/T_0000080919.flac,
T_0000076139,spoof,flac_T/T_0000076139.flac,
T_0000160121,spoof,flac_T/T_0000160121.flac,
T_0000024445,spoof,flac_T/T_0000024445.flac,
T_0000001196,spoof,flac_T/T_0000001196.flac,
T_0000117709,spoof,flac_T/T_0000117709.flac,
T_0000053073,spoof,flac_T/T_0000053073.flac,
T_0000086499,spoof,flac_T/T_0000086499.flac,
T_0000180434,spoof,flac_T/T_0000180434.flac,
T_0000014509,spoof,flac_T/T_0000014509.flac,
T_0000150567,spoof,flac_T/T_0000150567.flac,
T_0000168934,spoof,flac_T/T_0000168934.flac,
T_0000172835,spoof,flac_T/T_0000172835.flac,
T_0000006278,spoof,flac_T/T_0000006278.flac,
T_0000035310,spoof,flac_T/T_0000035310.flac,
T_0000150788,spoof,flac_T/T_0000150788.flac,
T_0000016966,spoof,flac_T/T_0000016966.flac,
T_0000135267,spoof,flac_T/T_0000135267.flac,
T_0000026723,spoof,flac_T/T_0000026723.flac,
T_0000024486,spoof,flac_T/T_0000024486.flac,
T_0000062047,spoof,flac_T/T_0000062047.flac,
T_0000153908,spoof,flac_T/T_0000153908.flac,
T_0000063546,spoof,flac_T/T_0000063546.flac,
T_0000163274,spoof,flac_T/T_0000163274.flac,
T_0000108148,spoof,flac_T/T_0000108148.flac,
T_0000128629,spoof,flac_T/T_0000128629.flac,
T_0000088010,spoof,flac_T/T_0000088010.flac,
T_0000166196,spoof,flac_T/T_0000166196.flac,
T_0000014062,spoof,flac_T/T_0000014062.flac,
T_0000004158,spoof,flac_T/T_0000004158.flac,
T_0000086200,spoof,flac_T/T_0000086200.flac,
T_0000110039,spoof,flac_T/T_0000110039.flac,
T_0000171010,spoof,flac_T/T_0000171010.flac,
T_0000165747,spoof,flac_T/T_0000165747.flac,
T_0000022196,spoof,flac_T/T_0000022196.flac,
T_0000170054,spoof,flac_T/T_0000170054.flac,
T_0000027938,spoof,flac_T/T_0000027938.flac,
T_0000115241,spoof,flac_T/T_0000115241.flac,
T_0000085591,spoof,flac_T/T_0000085591.flac,
T_0000168907,spoof,flac_T/T_0000168907.flac,
T_0000131630,spoof,flac_T/T_0000131630.flac,
T_0000082235,spoof,flac_T/T_0000082235.flac,
T_0000063755,spoof,flac_T/T_0000063755.flac,
T_0000016708,spoof,flac_T/T_0000016708.flac,
T_0000030395,spoof,flac_T/T_0000030395.flac,
T_0000129415,spoof,flac_T/T_0000129415.flac,
T_0000005016,spoof,flac_T/T_0000005016.flac,
T_0000010979,spoof,flac_T/T_0000010979.flac,
T_0000084983,spoof,flac_T/T_0000084983.flac,
T_0000094583,spoof,flac_T/T_0000094583.flac,
T_0000110995,spoof,flac_T/T_0000110995.flac,
T_0000141994,spoof,flac_T/T_0000141994.flac,
T_0000139329,spoof,flac_T/T_0000139329.flac,
T_0000090964,spoof,flac_T/T_0000090964.flac,
T_0000182250,spoof,flac_T/T_0000182250.flac,
T_0000016890,spoof,flac_T/T_0000016890.flac,
T_0000044288,spoof,flac_T/T_0000044288.flac,
T_0000100518,spoof,flac_T/T_0000100518.flac,
T_0000045117,spoof,flac_T/T_0000045117.flac,
T_0000165222,spoof,flac_T/T_0000165222.flac,
T_0000126662,spoof,flac_T/T_0000126662.flac,
T_0000056850,spoof,flac_T/T_0000056850.flac,
T_0000157175,spoof,flac_T/T_0000157175.flac,
T_0000086444,spoof,flac_T/T_0000086444.flac,
T_0000143953,spoof,flac_T/T_0000143953.flac,
T_0000086054,spoof,flac_T/T_0000086054.flac,
T_0000118855,spoof,flac_T/T_0000118855.flac,
T_0000009917,spoof,flac_T/T_0000009917.flac,
T_0000068413,spoof,flac_T/T_0000068413.flac,
T_0000149271,spoof,flac_T/T_0000149271.flac,
T_0000042968,spoof,flac_T/T_0000042968.flac,
T_0000044935,spoof,flac_T/T_0000044935.flac,
T_0000158746,spoof,flac_T/T_0000158746.flac,
T_0000022499,spoof,flac_T/T_0000022499.flac,
T_0000180469,spoof,flac_T/T_0000180469.flac,
T_0000030064,spoof,flac_T/T_0000030064.flac,
T_0000029342,spoof,flac_T/T_0000029342.flac,
T_0000116513,spoof,flac_T/T_0000116513.flac,
T_0000145351,spoof,flac_T/T_0000145351.flac,
T_0000158229,spoof,flac_T/T_0000158229.flac,
T_0000163940,spoof,flac_T/T_0000163940.flac,
T_0000020620,spoof,flac_T/T_0000020620.flac,
T_0000003904,spoof,flac_T/T_0000003904.flac,
T_0000181825,spoof,flac_T/T_0000181825.flac,
T_0000116921,spoof,flac_T/T_0000116921.flac,
T_0000050302,spoof,flac_T/T_0000050302.flac,
T_0000169288,spoof,flac_T/T_0000169288.flac,
T_0000007114,spoof,flac_T/T_0000007114.flac,
T_0000173144,spoof,flac_T/T_0000173144.flac,
T_0000090270,spoof,flac_T/T_0000090270.flac,
T_0000119742,spoof,flac_T/T_0000119742.flac,
T_0000110668,spoof,flac_T/T_0000110668.flac,
T_0000021757,spoof,flac_T/T_0000021757.flac,
T_0000126689,spoof,flac_T/T_0000126689.flac,
T_0000140741,spoof,flac_T/T_0000140741.flac,
T_0000143206,spoof,flac_T/T_0000143206.flac,
T_0000003728,spoof,flac_T/T_0000003728.flac,
T_0000047166,spoof,flac_T/T_0000047166.flac,
T_0000092281,spoof,flac_T/T_0000092281.flac,
T_0000043654,spoof,flac_T/T_0000043654.flac,
T_0000045033,spoof,flac_T/T_0000045033.flac,
T_0000109993,spoof,flac_T/T_0000109993.flac,
T_0000089265,spoof,flac_T/T_0000089265.flac,
T_0000178749,spoof,flac_T/T_0000178749.flac,
T_0000107907,spoof,flac_T/T_0000107907.flac,
T_0000037264,spoof,flac_T/T_0000037264.flac,
T_0000106027,spoof,flac_T/T_0000106027.flac,
T_0000030545,spoof,flac_T/T_0000030545.flac,
T_0000147189,spoof,flac_T/T_0000147189.flac,
T_0000003288,spoof,flac_T/T_0000003288.flac,
T_0000090512,spoof,flac_T/T_0000090512.flac,
T_0000093394,spoof,flac_T/T_0000093394.flac,
T_0000019251,spoof,flac_T/T_0000019251.flac,
T_0000052917,spoof,flac_T/T_0000052917.flac,
T_0000004126,spoof,flac_T/T_0000004126.flac,
T_0000141422,spoof,flac_T/T_0000141422.flac,
T_0000159446,spoof,flac_T/T_0000159446.flac,
T_0000164464,spoof,flac_T/T_0000164464.flac,
T_0000015377,spoof,flac_T/T_0000015377.flac,
T_0000077897,spoof,flac_T/T_0000077897.flac,
T_0000138076,spoof,flac_T/T_0000138076.flac,
T_0000171867,spoof,flac_T/T_0000171867.flac,
T_0000009595,spoof,flac_T/T_0000009595.flac,
T_0000147326,spoof,flac_T/T_0000147326.flac,
T_0000081754,spoof,flac_T/T_0000081754.flac,
T_0000154731,spoof,flac_T/T_0000154731.flac,
T_0000039408,spoof,flac_T/T_0000039408.flac,
T_0000073682,spoof,flac_T/T_0000073682.flac,
T_0000006718,spoof,flac_T/T_0000006718.flac,
T_0000045247,spoof,flac_T/T_0000045247.flac,
T_0000003457,spoof,flac_T/T_0000003457.flac,
T_0000053934,spoof,flac_T/T_0000053934.flac,
T_0000051701,spoof,flac_T/T_0000051701.flac,
T_0000147152,spoof,flac_T/T_0000147152.flac,
T_0000045249,spoof,flac_T/T_0000045249.flac,
T_0000117943,spoof,flac_T/T_0000117943.flac,
T_0000164396,spoof,flac_T/T_0000164396.flac,
T_0000014970,spoof,flac_T/T_0000014970.flac,
T_0000034715,spoof,flac_T/T_0000034715.flac,
T_0000020265,spoof,flac_T/T_0000020265.flac,
T_0000102869,spoof,flac_T/T_0000102869.flac,
T_0000149270,spoof,flac_T/T_0000149270.flac,
T_0000073425,spoof,flac_T/T_0000073425.flac,
T_0000172808,spoof,flac_T/T_0000172808.flac,
T_0000042875,spoof,flac_T/T_0000042875.flac,
T_0000141309,spoof,flac_T/T_0000141309.flac,
T_0000000449,spoof,flac_T/T_0000000449.flac,
T_0000029882,spoof,flac_T/T_0000029882.flac,
T_0000106153,spoof,flac_T/T_0000106153.flac,
T_0000143179,spoof,flac_T/T_0000143179.flac,
T_0000037861,spoof,flac_T/T_0000037861.flac,
T_0000155810,spoof,flac_T/T_0000155810.flac,
T_0000154484,spoof,flac_T/T_0000154484.flac,
T_0000172402,spoof,flac_T/T_0000172402.flac,
T_0000096745,spoof,flac_T/T_0000096745.flac,
T_0000116916,spoof,flac_T/T_0000116916.flac,
T_0000064522,spoof,flac_T/T_0000064522.flac,
T_0000003234,spoof,flac_T/T_0000003234.flac,
T_0000069177,spoof,flac_T/T_0000069177.flac,
T_0000140071,spoof,flac_T/T_0000140071.flac,
T_0000057489,spoof,flac_T/T_0000057489.flac,
T_0000082012,spoof,flac_T/T_0000082012.flac,
T_0000074056,spoof,flac_T/T_0000074056.flac,
T_0000167935,spoof,flac_T/T_0000167935.flac,
T_0000029180,spoof,flac_T/T_0000029180.flac,
T_0000105621,spoof,flac_T/T_0000105621.flac,
T_0000017324,spoof,flac_T/T_0000017324.flac,
T_0000120874,spoof,flac_T/T_0000120874.flac,
T_0000034462,spoof,flac_T/T_0000034462.flac,
T_0000090952,spoof,flac_T/T_0000090952.flac,
T_0000139448,spoof,flac_T/T_0000139448.flac,
T_0000092821,spoof,flac_T/T_0000092821.flac,
T_0000106409,spoof,flac_T/T_0000106409.flac,
T_0000102465,spoof,flac_T/T_0000102465.flac,
T_0000021150,spoof,flac_T/T_0000021150.flac,
T_0000070476,spoof,flac_T/T_0000070476.flac,
T_0000131903,spoof,flac_T/T_0000131903.flac,
T_0000136613,spoof,flac_T/T_0000136613.flac,
T_0000043868,spoof,flac_T/T_0000043868.flac,
T_0000172570,spoof,flac_T/T_0000172570.flac,
T_0000105235,spoof,flac_T/T_0000105235.flac,
T_0000055238,spoof,flac_T/T_0000055238.flac,
T_0000120609,spoof,flac_T/T_0000120609.flac,
T_0000123625,spoof,flac_T/T_0000123625.flac,
T_0000028460,spoof,flac_T/T_0000028460.flac,
T_0000032663,spoof,flac_T/T_0000032663.flac,
T_0000006259,spoof,flac_T/T_0000006259.flac,
T_0000159966,spoof,flac_T/T_0000159966.flac,
T_0000055261,spoof,flac_T/T_0000055261.flac,
T_0000056374,spoof,flac_T/T_0000056374.flac,
T_0000116581,spoof,flac_T/T_0000116581.flac,
T_0000063701,spoof,flac_T/T_0000063701.flac,
T_0000096772,spoof,flac_T/T_0000096772.flac,
T_0000008694,spoof,flac_T/T_0000008694.flac,
T_0000007731,spoof,flac_T/T_0000007731.flac,
T_0000076065,spoof,flac_T/T_0000076065.flac,
T_0000109939,spoof,flac_T/T_0000109939.flac,
T_0000034356,spoof,flac_T/T_0000034356.flac,
T_0000055891,spoof,flac_T/T_0000055891.flac,
T_0000077043,spoof,flac_T/T_0000077043.flac,
T_0000004056,spoof,flac_T/T_0000004056.flac,
T_0000083214,spoof,flac_T/T_0000083214.flac,
T_0000089024,spoof,flac_T/T_0000089024.flac,
T_0000025817,spoof,flac_T/T_0000025817.flac,
T_0000090881,spoof,flac_T/T_0000090881.flac,
T_0000155310,spoof,flac_T/T_0000155310.flac,
T_0000133811,spoof,flac_T/T_0000133811.flac,
T_0000139564,spoof,flac_T/T_0000139564.flac,
T_0000128610,spoof,flac_T/T_0000128610.flac,
T_0000019515,spoof,flac_T/T_0000019515.flac,
T_0000049075,spoof,flac_T/T_0000049075.flac,
T_0000180665,spoof,flac_T/T_0000180665.flac,
T_0000080649,spoof,flac_T/T_0000080649.flac,
T_0000131740,spoof,flac_T/T_0000131740.flac,
T_0000081003,spoof,flac_T/T_0000081003.flac,
T_0000178299,spoof,flac_T/T_0000178299.flac,
T_0000094140,spoof,flac_T/T_0000094140.flac,
T_0000080729,spoof,flac_T/T_0000080729.flac,
T_0000013914,spoof,flac_T/T_0000013914.flac,
T_0000153555,spoof,flac_T/T_0000153555.flac,
T_0000016518,spoof,flac_T/T_0000016518.flac,
T_0000111972,spoof,flac_T/T_0000111972.flac,
T_0000011997,spoof,flac_T/T_0000011997.flac,
T_0000161713,spoof,flac_T/T_0000161713.flac,
T_0000074943,spoof,flac_T/T_0000074943.flac,
T_0000155679,spoof,flac_T/T_0000155679.flac,
T_0000018025,spoof,flac_T/T_0000018025.flac,
T_0000056821,spoof,flac_T/T_0000056821.flac,
T_0000178552,spoof,flac_T/T_0000178552.flac,
T_0000089104,spoof,flac_T/T_0000089104.flac,
T_0000057397,spoof,flac_T/T_0000057397.flac,
T_0000104034,spoof,flac_T/T_0000104034.flac,
T_0000106716,spoof,flac_T/T_0000106716.flac,
T_0000039237,spoof,flac_T/T_0000039237.flac,
T_0000020243,spoof,flac_T/T_0000020243.flac,
T_0000181637,spoof,flac_T/T_0000181637.flac,
T_0000100139,spoof,flac_T/T_0000100139.flac,
T_0000017215,spoof,flac_T/T_0000017215.flac,
T_0000082359,spoof,flac_T/T_0000082359.flac,
T_0000121644,spoof,flac_T/T_0000121644.flac,
T_0000146430,spoof,flac_T/T_0000146430.flac,
T_0000064577,spoof,flac_T/T_0000064577.flac,
T_0000043419,spoof,flac_T/T_0000043419.flac,
T_0000111810,spoof,flac_T/T_0000111810.flac,
T_0000043953,spoof,flac_T/T_0000043953.flac,
T_0000008274,spoof,flac_T/T_0000008274.flac,
T_0000092855,spoof,flac_T/T_0000092855.flac,
T_0000123008,spoof,flac_T/T_0000123008.flac,
T_0000027091,spoof,flac_T/T_0000027091.flac,
T_0000129309,spoof,flac_T/T_0000129309.flac,
T_0000121603,spoof,flac_T/T_0000121603.flac,
T_0000003058,spoof,flac_T/T_0000003058.flac,
T_0000041968,spoof,flac_T/T_0000041968.flac,
T_0000102723,spoof,flac_T/T_0000102723.flac,
T_0000050873,spoof,flac_T/T_0000050873.flac,
T_0000076347,spoof,flac_T/T_0000076347.flac,
T_0000075805,spoof,flac_T/T_0000075805.flac,
T_0000061320,spoof,flac_T/T_0000061320.flac,
T_0000053705,spoof,flac_T/T_0000053705.flac,
T_0000121132,spoof,flac_T/T_0000121132.flac,
T_0000048045,spoof,flac_T/T_0000048045.flac,
T_0000161615,spoof,flac_T/T_0000161615.flac,
T_0000070193,spoof,flac_T/T_0000070193.flac,
T_0000178664,spoof,flac_T/T_0000178664.flac,
T_0000141647,spoof,flac_T/T_0000141647.flac,
T_0000115230,spoof,flac_T/T_0000115230.flac,
T_0000093313,spoof,flac_T/T_0000093313.flac,
T_0000074072,spoof,flac_T/T_0000074072.flac,
T_0000169173,spoof,flac_T/T_0000169173.flac,
T_0000148971,spoof,flac_T/T_0000148971.flac,
T_0000065889,spoof,flac_T/T_0000065889.flac,
T_0000052245,spoof,flac_T/T_0000052245.flac,
T_0000014371,spoof,flac_T/T_0000014371.flac,
T_0000164128,spoof,flac_T/T_0000164128.flac,
T_0000100883,spoof,flac_T/T_0000100883.flac,
T_0000147720,spoof,flac_T/T_0000147720.flac,
T_0000137469,spoof,flac_T/T_0000137469.flac,
T_0000132637,spoof,flac_T/T_0000132637.flac,
T_0000176037,spoof,flac_T/T_0000176037.flac,
T_0000048630,spoof,flac_T/T_0000048630.flac,
T_0000128716,spoof,flac_T/T_0000128716.flac,
T_0000076968,spoof,flac_T/T_0000076968.flac,
T_0000172415,spoof,flac_T/T_0000172415.flac,
T_0000129726,spoof,flac_T/T_0000129726.flac,
T_0000001187,spoof,flac_T/T_0000001187.flac,
T_0000095970,spoof,flac_T/T_0000095970.flac,
T_0000092237,spoof,flac_T/T_0000092237.flac,
T_0000075533,spoof,flac_T/T_0000075533.flac,
T_0000033778,spoof,flac_T/T_0000033778.flac,
T_0000029576,spoof,flac_T/T_0000029576.flac,
T_0000076411,spoof,flac_T/T_0000076411.flac,
T_0000100073,spoof,flac_T/T_0000100073.flac,
T_0000110709,spoof,flac_T/T_0000110709.flac,
T_0000034991,spoof,flac_T/T_0000034991.flac,
T_0000005451,spoof,flac_T/T_0000005451.flac,
T_0000150297,spoof,flac_T/T_0000150297.flac,
T_0000016175,spoof,flac_T/T_0000016175.flac,
T_0000064422,spoof,flac_T/T_0000064422.flac,
T_0000172097,spoof,flac_T/T_0000172097.flac,
T_0000153979,spoof,flac_T/T_0000153979.flac,
T_0000129383,spoof,flac_T/T_0000129383.flac,
T_0000067570,spoof,flac_T/T_0000067570.flac,
T_0000156525,spoof,flac_T/T_0000156525.flac,
T_0000106700,spoof,flac_T/T_0000106700.flac,
T_0000075235,spoof,flac_T/T_0000075235.flac,
T_0000148372,spoof,flac_T/T_0000148372.flac,
T_0000141562,spoof,flac_T/T_0000141562.flac,
T_0000115815,spoof,flac_T/T_0000115815.flac,
T_0000082420,spoof,flac_T/T_0000082420.flac,
T_0000011045,spoof,flac_T/T_0000011045.flac,
T_0000044450,spoof,flac_T/T_0000044450.flac,
T_0000095292,spoof,flac_T/T_0000095292.flac,
T_0000065883,spoof,flac_T/T_0000065883.flac,
T_0000113348,spoof,flac_T/T_0000113348.flac,
T_0000120386,spoof,flac_T/T_0000120386.flac,
T_0000052075,spoof,flac_T/T_0000052075.flac,
T_0000069806,spoof,flac_T/T_0000069806.flac,
T_0000178872,spoof,flac_T/T_0000178872.flac,
T_0000163965,spoof,flac_T/T_0000163965.flac,
T_0000123358,spoof,flac_T/T_0000123358.flac,
T_0000112168,spoof,flac_T/T_0000112168.flac,
T_0000159170,spoof,flac_T/T_0000159170.flac,
T_0000160471,spoof,flac_T/T_0000160471.flac,
T_0000032829,spoof,flac_T/T_0000032829.flac,
T_0000113951,spoof,flac_T/T_0000113951.flac,
T_0000094292,spoof,flac_T/T_0000094292.flac,
T_0000030796,spoof,flac_T/T_0000030796.flac,
T_0000067704,spoof,flac_T/T_0000067704.flac,
T_0000118897,spoof,flac_T/T_0000118897.flac,
T_0000111134,spoof,flac_T/T_0000111134.flac,
T_0000009479,spoof,flac_T/T_0000009479.flac,
T_0000140661,spoof,flac_T/T_0000140661.flac,
T_0000029641,spoof,flac_T/T_0000029641.flac,
T_0000098707,spoof,flac_T/T_0000098707.flac,
T_0000143023,spoof,flac_T/T_0000143023.flac,
T_0000031269,spoof,flac_T/T_0000031269.flac,
T_0000173074,spoof,flac_T/T_0000173074.flac,
T_0000146127,spoof,flac_T/T_0000146127.flac,
T_0000101150,spoof,flac_T/T_0000101150.flac,
T_0000139044,spoof,flac_T/T_0000139044.flac,
T_0000023639,spoof,flac_T/T_0000023639.flac,
T_0000167062,spoof,flac_T/T_0000167062.flac,
T_0000098077,spoof,flac_T/T_0000098077.flac,
T_0000074695,spoof,flac_T/T_0000074695.flac,
T_0000161648,spoof,flac_T/T_0000161648.flac,
T_0000029751,spoof,flac_T/T_0000029751.flac,
T_0000174396,spoof,flac_T/T_0000174396.flac,
T_0000038914,spoof,flac_T/T_0000038914.flac,
T_0000111336,spoof,flac_T/T_0000111336.flac,
T_0000137505,spoof,flac_T/T_0000137505.flac,
T_0000017901,spoof,flac_T/T_0000017901.flac,
T_0000102312,spoof,flac_T/T_0000102312.flac,
T_0000011445,spoof,flac_T/T_0000011445.flac,
T_0000182133,spoof,flac_T/T_0000182133.flac,
T_0000160199,spoof,flac_T/T_0000160199.flac,
T_0000003883,spoof,flac_T/T_0000003883.flac,
T_0000131029,spoof,flac_T/T_0000131029.flac,
T_0000153950,spoof,flac_T/T_0000153950.flac,
T_0000143107,spoof,flac_T/T_0000143107.flac,
T_0000169206,spoof,flac_T/T_0000169206.flac,
T_0000129070,spoof,flac_T/T_0000129070.flac,
T_0000078665,spoof,flac_T/T_0000078665.flac,
T_0000153621,spoof,flac_T/T_0000153621.flac,
T_0000151408,spoof,flac_T/T_0000151408.flac,
T_0000076571,spoof,flac_T/T_0000076571.flac,
T_0000128518,spoof,flac_T/T_0000128518.flac,
T_0000149172,spoof,flac_T/T_0000149172.flac,
T_0000145434,spoof,flac_T/T_0000145434.flac,
T_0000015331,spoof,flac_T/T_0000015331.flac,
T_0000059058,spoof,flac_T/T_0000059058.flac,
T_0000050000,spoof,flac_T/T_0000050000.flac,
T_0000100931,spoof,flac_T/T_0000100931.flac,
T_0000108899,spoof,flac_T/T_0000108899.flac,
T_0000003152,spoof,flac_T/T_0000003152.flac,
T_0000040582,spoof,flac_T/T_0000040582.flac,
T_0000044504,spoof,flac_T/T_0000044504.flac,
T_0000176416,spoof,flac_T/T_0000176416.flac,
T_0000067257,spoof,flac_T/T_0000067257.flac,
T_0000075702,spoof,flac_T/T_0000075702.flac,
T_0000027163,spoof,flac_T/T_0000027163.flac,
T_0000168782,spoof,flac_T/T_0000168782.flac,
T_0000023295,spoof,flac_T/T_0000023295.flac,
T_0000154617,spoof,flac_T/T_0000154617.flac,
T_0000172716,spoof,flac_T/T_0000172716.flac,
T_0000176962,spoof,flac_T/T_0000176962.flac,
T_0000129051,spoof,flac_T/T_0000129051.flac,
T_0000037475,spoof,flac_T/T_0000037475.flac,
T_0000155478,spoof,flac_T/T_0000155478.flac,
T_0000066728,spoof,flac_T/T_0000066728.flac,
T_0000109726,spoof,flac_T/T_0000109726.flac,
T_0000061315,spoof,flac_T/T_0000061315.flac,
T_0000157376,spoof,flac_T/T_0000157376.flac,
T_0000162076,spoof,flac_T/T_0000162076.flac,
T_0000072500,spoof,flac_T/T_0000072500.flac,
T_0000037741,spoof,flac_T/T_0000037741.flac,
T_0000014066,spoof,flac_T/T_0000014066.flac,
T_0000007670,spoof,flac_T/T_0000007670.flac,
T_0000128230,spoof,flac_T/T_0000128230.flac,
T_0000152681,spoof,flac_T/T_0000152681.flac,
T_0000052586,spoof,flac_T/T_0000052586.flac,
T_0000003368,spoof,flac_T/T_0000003368.flac,
T_0000080653,spoof,flac_T/T_0000080653.flac,
T_0000097194,spoof,flac_T/T_0000097194.flac,
T_0000179395,spoof,flac_T/T_0000179395.flac,
T_0000080256,spoof,flac_T/T_0000080256.flac,
T_0000121684,spoof,flac_T/T_0000121684.flac,
T_0000028898,spoof,flac_T/T_0000028898.flac,
T_0000110355,spoof,flac_T/T_0000110355.flac,
T_0000088160,spoof,flac_T/T_0000088160.flac,
T_0000149905,spoof,flac_T/T_0000149905.flac,
T_0000178797,spoof,flac_T/T_0000178797.flac,
T_0000022758,spoof,flac_T/T_0000022758.flac,
T_0000117346,spoof,flac_T/T_0000117346.flac,
T_0000071296,spoof,flac_T/T_0000071296.flac,
T_0000144313,spoof,flac_T/T_0000144313.flac,
T_0000099627,spoof,flac_T/T_0000099627.flac,
T_0000067083,spoof,flac_T/T_0000067083.flac,
T_0000010791,spoof,flac_T/T_0000010791.flac,
T_0000169946,spoof,flac_T/T_0000169946.flac,
T_0000105564,spoof,flac_T/T_0000105564.flac,
T_0000153843,spoof,flac_T/T_0000153843.flac,
T_0000118061,spoof,flac_T/T_0000118061.flac,
T_0000146758,spoof,flac_T/T_0000146758.flac,
T_0000148968,spoof,flac_T/T_0000148968.flac,
T_0000180873,spoof,flac_T/T_0000180873.flac,
T_0000014687,spoof,flac_T/T_0000014687.flac,
T_0000036114,spoof,flac_T/T_0000036114.flac,
T_0000014189,spoof,flac_T/T_0000014189.flac,
T_0000065555,spoof,flac_T/T_0000065555.flac,
T_0000111141,spoof,flac_T/T_0000111141.flac,
T_0000003872,spoof,flac_T/T_0000003872.flac,
T_0000132948,spoof,flac_T/T_0000132948.flac,
T_0000156053,spoof,flac_T/T_0000156053.flac,
T_0000032075,spoof,flac_T/T_0000032075.flac,
T_0000140019,spoof,flac_T/T_0000140019.flac,
T_0000119577,spoof,flac_T/T_0000119577.flac,
T_0000034697,spoof,flac_T/T_0000034697.flac,
T_0000149908,spoof,flac_T/T_0000149908.flac,
T_0000094655,spoof,flac_T/T_0000094655.flac,
T_0000151455,spoof,flac_T/T_0000151455.flac,
T_0000003517,spoof,flac_T/T_0000003517.flac,
T_0000141156,spoof,flac_T/T_0000141156.flac,
T_0000169976,spoof,flac_T/T_0000169976.flac,
T_0000142678,spoof,flac_T/T_0000142678.flac,
T_0000173252,spoof,flac_T/T_0000173252.flac,
T_0000150476,spoof,flac_T/T_0000150476.flac,
T_0000138452,spoof,flac_T/T_0000138452.flac,
T_0000134959,spoof,flac_T/T_0000134959.flac,
T_0000119291,spoof,flac_T/T_0000119291.flac,
T_0000086190,spoof,flac_T/T_0000086190.flac,
T_0000065798,spoof,flac_T/T_0000065798.flac,
T_0000137198,spoof,flac_T/T_0000137198.flac,
T_0000017200,spoof,flac_T/T_0000017200.flac,
T_0000093456,spoof,flac_T/T_0000093456.flac,
T_0000084578,spoof,flac_T/T_0000084578.flac,
T_0000086462,spoof,flac_T/T_0000086462.flac,
T_0000107934,spoof,flac_T/T_0000107934.flac,
T_0000043984,spoof,flac_T/T_0000043984.flac,
T_0000021696,spoof,flac_T/T_0000021696.flac,
T_0000065260,spoof,flac_T/T_0000065260.flac,
T_0000065699,spoof,flac_T/T_0000065699.flac,
T_0000175272,spoof,flac_T/T_0000175272.flac,
T_0000047106,spoof,flac_T/T_0000047106.flac,
T_0000056649,spoof,flac_T/T_0000056649.flac,
T_0000068838,spoof,flac_T/T_0000068838.flac,
T_0000153720,spoof,flac_T/T_0000153720.flac,
T_0000170286,spoof,flac_T/T_0000170286.flac,
T_0000045295,spoof,flac_T/T_0000045295.flac,
T_0000111928,spoof,flac_T/T_0000111928.flac,
T_0000021400,spoof,flac_T/T_0000021400.flac,
T_0000142605,spoof,flac_T/T_0000142605.flac,
T_0000036781,spoof,flac_T/T_0000036781.flac,
T_0000074125,spoof,flac_T/T_0000074125.flac,
T_0000061719,spoof,flac_T/T_0000061719.flac,
T_0000061460,spoof,flac_T/T_0000061460.flac,
T_0000141241,spoof,flac_T/T_0000141241.flac,
T_0000072480,spoof,flac_T/T_0000072480.flac,
T_0000156309,spoof,flac_T/T_0000156309.flac,
T_0000007223,spoof,flac_T/T_0000007223.flac,
T_0000068240,spoof,flac_T/T_0000068240.flac,
T_0000096523,spoof,flac_T/T_0000096523.flac,
T_0000023174,spoof,flac_T/T_0000023174.flac,
T_0000169610,spoof,flac_T/T_0000169610.flac,
T_0000115336,spoof,flac_T/T_0000115336.flac,
T_0000174374,spoof,flac_T/T_0000174374.flac,
T_0000179376,spoof,flac_T/T_0000179376.flac,
T_0000008544,spoof,flac_T/T_0000008544.flac,
T_0000137556,spoof,flac_T/T_0000137556.flac,
T_0000001495,spoof,flac_T/T_0000001495.flac,
T_0000168248,spoof,flac_T/T_0000168248.flac,
T_0000124836,spoof,flac_T/T_0000124836.flac,
T_0000141707,spoof,flac_T/T_0000141707.flac,
T_0000059174,spoof,flac_T/T_0000059174.flac,
T_0000121473,spoof,flac_T/T_0000121473.flac,
T_0000091954,spoof,flac_T/T_0000091954.flac,
T_0000162761,spoof,flac_T/T_0000162761.flac,
T_0000020882,spoof,flac_T/T_0000020882.flac,
T_0000013529,spoof,flac_T/T_0000013529.flac,
T_0000154303,spoof,flac_T/T_0000154303.flac,
T_0000046541,spoof,flac_T/T_0000046541.flac,
T_0000169446,spoof,flac_T/T_0000169446.flac,
T_0000085589,spoof,flac_T/T_0000085589.flac,
T_0000109761,spoof,flac_T/T_0000109761.flac,
T_0000018104,spoof,flac_T/T_0000018104.flac,
T_0000035031,spoof,flac_T/T_0000035031.flac,
T_0000157039,spoof,flac_T/T_0000157039.flac,
T_0000134101,spoof,flac_T/T_0000134101.flac,
T_0000073634,spoof,flac_T/T_0000073634.flac,
T_0000037745,spoof,flac_T/T_0000037745.flac,
T_0000167705,spoof,flac_T/T_0000167705.flac,
T_0000066203,spoof,flac_T/T_0000066203.flac,
T_0000142706,spoof,flac_T/T_0000142706.flac,
T_0000136903,spoof,flac_T/T_0000136903.flac,
T_0000061983,spoof,flac_T/T_0000061983.flac,
T_0000122638,spoof,flac_T/T_0000122638.flac,
T_0000064721,spoof,flac_T/T_0000064721.flac,
T_0000062379,spoof,flac_T/T_0000062379.flac,
T_0000180992,spoof,flac_T/T_0000180992.flac,
T_0000158914,spoof,flac_T/T_0000158914.flac,
T_0000136619,spoof,flac_T/T_0000136619.flac,
T_0000066209,spoof,flac_T/T_0000066209.flac,
T_0000152738,spoof,flac_T/T_0000152738.flac,
T_0000035377,spoof,flac_T/T_0000035377.flac,
T_0000011376,spoof,flac_T/T_0000011376.flac,
T_0000007340,spoof,flac_T/T_0000007340.flac,
T_0000006030,spoof,flac_T/T_0000006030.flac,
T_0000013055,spoof,flac_T/T_0000013055.flac,
T_0000087384,spoof,flac_T/T_0000087384.flac,
T_0000106366,spoof,flac_T/T_0000106366.flac,
T_0000147969,spoof,flac_T/T_0000147969.flac,
T_0000178914,spoof,flac_T/T_0000178914.flac,
T_0000085604,spoof,flac_T/T_0000085604.flac,
T_0000039234,spoof,flac_T/T_0000039234.flac,
T_0000122286,spoof,flac_T/T_0000122286.flac,
T_0000175747,spoof,flac_T/T_0000175747.flac,
T_0000015649,spoof,flac_T/T_0000015649.flac,
T_0000058272,spoof,flac_T/T_0000058272.flac,
T_0000065455,spoof,flac_T/T_0000065455.flac,
T_0000051251,spoof,flac_T/T_0000051251.flac,
T_0000026280,spoof,flac_T/T_0000026280.flac,
T_0000034121,spoof,flac_T/T_0000034121.flac,
T_0000091651,spoof,flac_T/T_0000091651.flac,
T_0000081449,spoof,flac_T/T_0000081449.flac,
T_0000133967,spoof,flac_T/T_0000133967.flac,
T_0000140169,spoof,flac_T/T_0000140169.flac,
T_0000024823,spoof,flac_T/T_0000024823.flac,
T_0000006103,spoof,flac_T/T_0000006103.flac,
T_0000002720,spoof,flac_T/T_0000002720.flac,
T_0000173268,spoof,flac_T/T_0000173268.flac,
T_0000146572,spoof,flac_T/T_0000146572.flac,
T_0000002906,spoof,flac_T/T_0000002906.flac,
T_0000073773,spoof,flac_T/T_0000073773.flac,
T_0000087618,spoof,flac_T/T_0000087618.flac,
T_0000057532,spoof,flac_T/T_0000057532.flac,
T_0000057089,spoof,flac_T/T_0000057089.flac,
T_0000091550,spoof,flac_T/T_0000091550.flac,
T_0000084414,spoof,flac_T/T_0000084414.flac,
T_0000178562,spoof,flac_T/T_0000178562.flac,
T_0000160584,spoof,flac_T/T_0000160584.flac,
T_0000052290,spoof,flac_T/T_0000052290.flac,
T_0000104758,spoof,flac_T/T_0000104758.flac,
T_0000107258,spoof,flac_T/T_0000107258.flac,
T_0000016775,spoof,flac_T/T_0000016775.flac,
T_0000063424,spoof,flac_T/T_0000063424.flac,
T_0000095751,spoof,flac_T/T_0000095751.flac,
T_0000042971,spoof,flac_T/T_0000042971.flac,
T_0000057496,spoof,flac_T/T_0000057496.flac,
T_0000033673,spoof,flac_T/T_0000033673.flac,
T_0000033699,spoof,flac_T/T_0000033699.flac,
T_0000111478,spoof,flac_T/T_0000111478.flac,
T_0000056958,spoof,flac_T/T_0000056958.flac,
T_0000050093,spoof,flac_T/T_0000050093.flac,
T_0000006669,spoof,flac_T/T_0000006669.flac,
T_0000002348,spoof,flac_T/T_0000002348.flac,
T_0000067325,spoof,flac_T/T_0000067325.flac,
T_0000080392,spoof,flac_T/T_0000080392.flac,
T_0000089497,spoof,flac_T/T_0000089497.flac,
T_0000171123,spoof,flac_T/T_0000171123.flac,
T_0000023421,spoof,flac_T/T_0000023421.flac,
T_0000020262,spoof,flac_T/T_0000020262.flac,
T_0000182067,spoof,flac_T/T_0000182067.flac,
T_0000137320,spoof,flac_T/T_0000137320.flac,
T_0000041800,spoof,flac_T/T_0000041800.flac,
T_0000083459,spoof,flac_T/T_0000083459.flac,
T_0000138386,spoof,flac_T/T_0000138386.flac,
T_0000111775,spoof,flac_T/T_0000111775.flac,
T_0000140695,spoof,flac_T/T_0000140695.flac,
T_0000002533,spoof,flac_T/T_0000002533.flac,
T_0000036286,spoof,flac_T/T_0000036286.flac,
T_0000003546,spoof,flac_T/T_0000003546.flac,
T_0000124861,spoof,flac_T/T_0000124861.flac,
T_0000175555,spoof,flac_T/T_0000175555.flac,
T_0000140770,spoof,flac_T/T_0000140770.flac,
T_0000089005,spoof,flac_T/T_0000089005.flac,
T_0000041605,spoof,flac_T/T_0000041605.flac,
T_0000021650,spoof,flac_T/T_0000021650.flac,
T_0000098202,spoof,flac_T/T_0000098202.flac,
T_0000085912,spoof,flac_T/T_0000085912.flac,
T_0000136169,spoof,flac_T/T_0000136169.flac,
T_0000057179,spoof,flac_T/T_0000057179.flac,
T_0000071561,spoof,flac_T/T_0000071561.flac,
T_0000163524,spoof,flac_T/T_0000163524.flac,
T_0000016253,spoof,flac_T/T_0000016253.flac,
T_0000106796,spoof,flac_T/T_0000106796.flac,
T_0000140680,spoof,flac_T/T_0000140680.flac,
T_0000048148,spoof,flac_T/T_0000048148.flac,
T_0000023508,spoof,flac_T/T_0000023508.flac,
T_0000156326,spoof,flac_T/T_0000156326.flac,
T_0000089796,spoof,flac_T/T_0000089796.flac,
T_0000166166,spoof,flac_T/T_0000166166.flac,
T_0000124197,spoof,flac_T/T_0000124197.flac,
T_0000177719,spoof,flac_T/T_0000177719.flac,
T_0000176129,spoof,flac_T/T_0000176129.flac,
T_0000126611,spoof,flac_T/T_0000126611.flac,
T_0000172604,spoof,flac_T/T_0000172604.flac,
T_0000068191,spoof,flac_T/T_0000068191.flac,
T_0000133933,spoof,flac_T/T_0000133933.flac,
T_0000117594,spoof,flac_T/T_0000117594.flac,
T_0000010826,spoof,flac_T/T_0000010826.flac,
T_0000128939,spoof,flac_T/T_0000128939.flac,
T_0000055128,spoof,flac_T/T_0000055128.flac,
T_0000129343,spoof,flac_T/T_0000129343.flac,
T_0000170993,spoof,flac_T/T_0000170993.flac,
T_0000129225,spoof,flac_T/T_0000129225.flac,
T_0000152487,spoof,flac_T/T_0000152487.flac,
T_0000092012,spoof,flac_T/T_0000092012.flac,
T_0000067755,spoof,flac_T/T_0000067755.flac,
T_0000029812,spoof,flac_T/T_0000029812.flac,
T_0000084233,spoof,flac_T/T_0000084233.flac,
T_0000018521,spoof,flac_T/T_0000018521.flac,
T_0000087847,spoof,flac_T/T_0000087847.flac,
T_0000103241,spoof,flac_T/T_0000103241.flac,
T_0000102504,spoof,flac_T/T_0000102504.flac,
T_0000074222,spoof,flac_T/T_0000074222.flac,
T_0000130367,spoof,flac_T/T_0000130367.flac,
T_0000007769,spoof,flac_T/T_0000007769.flac,
T_0000164207,spoof,flac_T/T_0000164207.flac,
T_0000161466,spoof,flac_T/T_0000161466.flac,
T_0000124738,spoof,flac_T/T_0000124738.flac,
T_0000024766,spoof,flac_T/T_0000024766.flac,
T_0000100481,spoof,flac_T/T_0000100481.flac,
T_0000108406,spoof,flac_T/T_0000108406.flac,
T_0000117046,spoof,flac_T/T_0000117046.flac,
T_0000078586,spoof,flac_T/T_0000078586.flac,
T_0000078692,spoof,flac_T/T_0000078692.flac,
T_0000000982,spoof,flac_T/T_0000000982.flac,
T_0000066824,spoof,flac_T/T_0000066824.flac,
T_0000081337,spoof,flac_T/T_0000081337.flac,
T_0000056251,spoof,flac_T/T_0000056251.flac,
T_0000080947,spoof,flac_T/T_0000080947.flac,
T_0000038038,spoof,flac_T/T_0000038038.flac,
T_0000040484,spoof,flac_T/T_0000040484.flac,
T_0000036784,spoof,flac_T/T_0000036784.flac,
T_0000158257,spoof,flac_T/T_0000158257.flac,
T_0000041976,spoof,flac_T/T_0000041976.flac,
T_0000042759,spoof,flac_T/T_0000042759.flac,
T_0000084396,spoof,flac_T/T_0000084396.flac,
T_0000009032,spoof,flac_T/T_0000009032.flac,
T_0000133201,spoof,flac_T/T_0000133201.flac,
T_0000160401,spoof,flac_T/T_0000160401.flac,
T_0000173498,spoof,flac_T/T_0000173498.flac,
T_0000123914,spoof,flac_T/T_0000123914.flac,
T_0000065178,spoof,flac_T/T_0000065178.flac,
T_0000077720,spoof,flac_T/T_0000077720.flac,
T_0000100181,spoof,flac_T/T_0000100181.flac,
T_0000142896,spoof,flac_T/T_0000142896.flac,
T_0000154165,spoof,flac_T/T_0000154165.flac,
T_0000149497,spoof,flac_T/T_0000149497.flac,
T_0000171275,spoof,flac_T/T_0000171275.flac,
T_0000054097,spoof,flac_T/T_0000054097.flac,
T_0000179312,spoof,flac_T/T_0000179312.flac,
T_0000046508,spoof,flac_T/T_0000046508.flac,
T_0000147832,spoof,flac_T/T_0000147832.flac,
T_0000114149,spoof,flac_T/T_0000114149.flac,
T_0000120418,spoof,flac_T/T_0000120418.flac,
T_0000142343,spoof,flac_T/T_0000142343.flac,
T_0000114205,spoof,flac_T/T_0000114205.flac,
T_0000171361,spoof,flac_T/T_0000171361.flac,
T_0000139362,spoof,flac_T/T_0000139362.flac,
T_0000121467,spoof,flac_T/T_0000121467.flac,
T_0000019333,spoof,flac_T/T_0000019333.flac,
T_0000157323,spoof,flac_T/T_0000157323.flac,
T_0000000152,spoof,flac_T/T_0000000152.flac,
T_0000099911,spoof,flac_T/T_0000099911.flac,
T_0000157200,spoof,flac_T/T_0000157200.flac,
T_0000087840,spoof,flac_T/T_0000087840.flac,
T_0000059285,spoof,flac_T/T_0000059285.flac,
T_0000106328,spoof,flac_T/T_0000106328.flac,
T_0000026387,spoof,flac_T/T_0000026387.flac,
T_0000015163,spoof,flac_T/T_0000015163.flac,
T_0000107809,spoof,flac_T/T_0000107809.flac,
T_0000046505,spoof,flac_T/T_0000046505.flac,
T_0000157986,spoof,flac_T/T_0000157986.flac,
T_0000050337,spoof,flac_T/T_0000050337.flac,
T_0000040908,spoof,flac_T/T_0000040908.flac,
T_0000155549,spoof,flac_T/T_0000155549.flac,
T_0000048795,spoof,flac_T/T_0000048795.flac,
T_0000092452,spoof,flac_T/T_0000092452.flac,
T_0000178521,spoof,flac_T/T_0000178521.flac,
T_0000155547,spoof,flac_T/T_0000155547.flac,
T_0000130521,spoof,flac_T/T_0000130521.flac,
T_0000149307,spoof,flac_T/T_0000149307.flac,
T_0000095880,spoof,flac_T/T_0000095880.flac,
T_0000115684,spoof,flac_T/T_0000115684.flac,
T_0000125125,spoof,flac_T/T_0000125125.flac,
T_0000129753,spoof,flac_T/T_0000129753.flac,
T_0000037671,spoof,flac_T/T_0000037671.flac,
T_0000126132,spoof,flac_T/T_0000126132.flac,
T_0000157445,spoof,flac_T/T_0000157445.flac,
T_0000112069,spoof,flac_T/T_0000112069.flac,
T_0000065743,spoof,flac_T/T_0000065743.flac,
T_0000106924,spoof,flac_T/T_0000106924.flac,
T_0000004696,spoof,flac_T/T_0000004696.flac,
T_0000066012,spoof,flac_T/T_0000066012.flac,
T_0000116243,spoof,flac_T/T_0000116243.flac,
T_0000106472,spoof,flac_T/T_0000106472.flac,
T_0000150118,spoof,flac_T/T_0000150118.flac,
T_0000004041,spoof,flac_T/T_0000004041.flac,
T_0000002318,spoof,flac_T/T_0000002318.flac,
T_0000171137,spoof,flac_T/T_0000171137.flac,
T_0000138236,spoof,flac_T/T_0000138236.flac,
T_0000009480,spoof,flac_T/T_0000009480.flac,
T_0000120031,spoof,flac_T/T_0000120031.flac,
T_0000072253,spoof,flac_T/T_0000072253.flac,
T_0000040577,spoof,flac_T/T_0000040577.flac,
T_0000044843,spoof,flac_T/T_0000044843.flac,
T_0000062791,spoof,flac_T/T_0000062791.flac,
T_0000022905,spoof,flac_T/T_0000022905.flac,
T_0000123930,spoof,flac_T/T_0000123930.flac,
T_0000007725,spoof,flac_T/T_0000007725.flac,
T_0000038090,spoof,flac_T/T_0000038090.flac,
T_0000063599,spoof,flac_T/T_0000063599.flac,
T_0000140947,spoof,flac_T/T_0000140947.flac,
T_0000006585,spoof,flac_T/T_0000006585.flac,
T_0000064104,spoof,flac_T/T_0000064104.flac,
T_0000091863,spoof,flac_T/T_0000091863.flac,
T_0000075845,spoof,flac_T/T_0000075845.flac,
T_0000143693,spoof,flac_T/T_0000143693.flac,
T_0000008911,spoof,flac_T/T_0000008911.flac,
T_0000034069,spoof,flac_T/T_0000034069.flac,
T_0000014204,spoof,flac_T/T_0000014204.flac,
T_0000014985,spoof,flac_T/T_0000014985.flac,
T_0000090599,spoof,flac_T/T_0000090599.flac,
T_0000141502,spoof,flac_T/T_0000141502.flac,
T_0000008773,spoof,flac_T/T_0000008773.flac,
T_0000049240,spoof,flac_T/T_0000049240.flac,
T_0000004635,spoof,flac_T/T_0000004635.flac,
T_0000002889,spoof,flac_T/T_0000002889.flac,
T_0000088523,spoof,flac_T/T_0000088523.flac,
T_0000120798,spoof,flac_T/T_0000120798.flac,
T_0000167177,spoof,flac_T/T_0000167177.flac,
T_0000109225,spoof,flac_T/T_0000109225.flac,
T_0000164601,spoof,flac_T/T_0000164601.flac,
T_0000062176,spoof,flac_T/T_0000062176.flac,
T_0000116325,spoof,flac_T/T_0000116325.flac,
T_0000021122,spoof,flac_T/T_0000021122.flac,
T_0000092198,spoof,flac_T/T_0000092198.flac,
T_0000084878,spoof,flac_T/T_0000084878.flac,
T_0000091639,spoof,flac_T/T_0000091639.flac,
T_0000096586,spoof,flac_T/T_0000096586.flac,
T_0000065823,spoof,flac_T/T_0000065823.flac,
T_0000097110,spoof,flac_T/T_0000097110.flac,
T_0000053285,spoof,flac_T/T_0000053285.flac,
T_0000118830,spoof,flac_T/T_0000118830.flac,
T_0000032378,spoof,flac_T/T_0000032378.flac,
T_0000111699,spoof,flac_T/T_0000111699.flac,
T_0000080291,spoof,flac_T/T_0000080291.flac,
T_0000137841,spoof,flac_T/T_0000137841.flac,
T_0000050199,spoof,flac_T/T_0000050199.flac,
T_0000073337,spoof,flac_T/T_0000073337.flac,
T_0000031401,spoof,flac_T/T_0000031401.flac,
T_0000019691,spoof,flac_T/T_0000019691.flac,
T_0000143306,spoof,flac_T/T_0000143306.flac,
T_0000073653,spoof,flac_T/T_0000073653.flac,
T_0000130509,spoof,flac_T/T_0000130509.flac,
T_0000088866,spoof,flac_T/T_0000088866.flac,
T_0000069724,spoof,flac_T/T_0000069724.flac,
T_0000023892,spoof,flac_T/T_0000023892.flac,
T_0000108801,spoof,flac_T/T_0000108801.flac,
T_0000106445,spoof,flac_T/T_0000106445.flac,
T_0000162281,spoof,flac_T/T_0000162281.flac,
T_0000155133,spoof,flac_T/T_0000155133.flac,
T_0000130059,spoof,flac_T/T_0000130059.flac,
T_0000001347,spoof,flac_T/T_0000001347.flac,
T_0000123246,spoof,flac_T/T_0000123246.flac,
T_0000035448,spoof,flac_T/T_0000035448.flac,
T_0000176211,spoof,flac_T/T_0000176211.flac,
T_0000127041,spoof,flac_T/T_0000127041.flac,
T_0000154454,spoof,flac_T/T_0000154454.flac,
T_0000104782,spoof,flac_T/T_0000104782.flac,
T_0000084858,spoof,flac_T/T_0000084858.flac,
T_0000072200,spoof,flac_T/T_0000072200.flac,
T_0000173969,spoof,flac_T/T_0000173969.flac,
T_0000032092,spoof,flac_T/T_0000032092.flac,
T_0000009437,spoof,flac_T/T_0000009437.flac,
T_0000161922,spoof,flac_T/T_0000161922.flac,
T_0000133888,spoof,flac_T/T_0000133888.flac,
T_0000115530,spoof,flac_T/T_0000115530.flac,
T_0000107250,spoof,flac_T/T_0000107250.flac,
T_0000083235,spoof,flac_T/T_0000083235.flac,
T_0000013072,spoof,flac_T/T_0000013072.flac,
T_0000006002,spoof,flac_T/T_0000006002.flac,
T_0000172848,spoof,flac_T/T_0000172848.flac,
T_0000106009,spoof,flac_T/T_0000106009.flac,
T_0000151836,spoof,flac_T/T_0000151836.flac,
T_0000052099,spoof,flac_T/T_0000052099.flac,
T_0000078796,spoof,flac_T/T_0000078796.flac,
T_0000157850,spoof,flac_T/T_0000157850.flac,
T_0000000483,spoof,flac_T/T_0000000483.flac,
T_0000076095,spoof,flac_T/T_0000076095.flac,
T_0000061237,spoof,flac_T/T_0000061237.flac,
T_0000001702,spoof,flac_T/T_0000001702.flac,
T_0000039220,spoof,flac_T/T_0000039220.flac,
T_0000002934,spoof,flac_T/T_0000002934.flac,
T_0000063434,spoof,flac_T/T_0000063434.flac,
T_0000041833,spoof,flac_T/T_0000041833.flac,
T_0000152529,spoof,flac_T/T_0000152529.flac,
T_0000044705,spoof,flac_T/T_0000044705.flac,
T_0000130183,spoof,flac_T/T_0000130183.flac,
T_0000073781,spoof,flac_T/T_0000073781.flac,
T_0000163821,spoof,flac_T/T_0000163821.flac,
T_0000058848,spoof,flac_T/T_0000058848.flac,
T_0000099659,spoof,flac_T/T_0000099659.flac,
T_0000091130,spoof,flac_T/T_0000091130.flac,
T_0000093992,spoof,flac_T/T_0000093992.flac,
T_0000100990,spoof,flac_T/T_0000100990.flac,
T_0000107836,spoof,flac_T/T_0000107836.flac,
T_0000168428,spoof,flac_T/T_0000168428.flac,
T_0000059600,spoof,flac_T/T_0000059600.flac,
T_0000080539,spoof,flac_T/T_0000080539.flac,
T_0000165835,spoof,flac_T/T_0000165835.flac,
T_0000165171,spoof,flac_T/T_0000165171.flac,
T_0000164549,spoof,flac_T/T_0000164549.flac,
T_0000029703,spoof,flac_T/T_0000029703.flac,
T_0000139098,spoof,flac_T/T_0000139098.flac,
T_0000054326,spoof,flac_T/T_0000054326.flac,
T_0000027378,spoof,flac_T/T_0000027378.flac,
T_0000006539,spoof,flac_T/T_0000006539.flac,
T_0000107722,spoof,flac_T/T_0000107722.flac,
T_0000106631,spoof,flac_T/T_0000106631.flac,
T_0000093823,spoof,flac_T/T_0000093823.flac,
T_0000149232,spoof,flac_T/T_0000149232.flac,
T_0000056809,spoof,flac_T/T_0000056809.flac,
T_0000008459,spoof,flac_T/T_0000008459.flac,
T_0000014155,spoof,flac_T/T_0000014155.flac,
T_0000168274,spoof,flac_T/T_0000168274.flac,
T_0000109906,spoof,flac_T/T_0000109906.flac,
T_0000116046,spoof,flac_T/T_0000116046.flac,
T_0000176719,spoof,flac_T/T_0000176719.flac,
T_0000182185,spoof,flac_T/T_0000182185.flac,
T_0000182130,spoof,flac_T/T_0000182130.flac,
T_0000086235,spoof,flac_T/T_0000086235.flac,
T_0000106179,spoof,flac_T/T_0000106179.flac,
T_0000147440,spoof,flac_T/T_0000147440.flac,
T_0000181785,spoof,flac_T/T_0000181785.flac,
T_0000105960,spoof,flac_T/T_0000105960.flac,
T_0000022251,spoof,flac_T/T_0000022251.flac,
T_0000042565,spoof,flac_T/T_0000042565.flac,
T_0000126371,spoof,flac_T/T_0000126371.flac,
T_0000016854,spoof,flac_T/T_0000016854.flac,
T_0000039405,spoof,flac_T/T_0000039405.flac,
T_0000116929,spoof,flac_T/T_0000116929.flac,
T_0000031851,spoof,flac_T/T_0000031851.flac,
T_0000123128,spoof,flac_T/T_0000123128.flac,
T_0000117330,spoof,flac_T/T_0000117330.flac,
T_0000106838,spoof,flac_T/T_0000106838.flac,
T_0000151066,spoof,flac_T/T_0000151066.flac,
T_0000135049,spoof,flac_T/T_0000135049.flac,
T_0000153702,spoof,flac_T/T_0000153702.flac,
T_0000070386,spoof,flac_T/T_0000070386.flac,
T_0000174839,spoof,flac_T/T_0000174839.flac,
T_0000154968,spoof,flac_T/T_0000154968.flac,
T_0000140634,spoof,flac_T/T_0000140634.flac,
T_0000020638,spoof,flac_T/T_0000020638.flac,
T_0000059628,spoof,flac_T/T_0000059628.flac,
T_0000101062,spoof,flac_T/T_0000101062.flac,
T_0000026205,spoof,flac_T/T_0000026205.flac,
T_0000110818,spoof,flac_T/T_0000110818.flac,
T_0000139922,spoof,flac_T/T_0000139922.flac,
T_0000004925,spoof,flac_T/T_0000004925.flac,
T_0000125678,spoof,flac_T/T_0000125678.flac,
T_0000167472,spoof,flac_T/T_0000167472.flac,
T_0000073327,spoof,flac_T/T_0000073327.flac,
T_0000093029,spoof,flac_T/T_0000093029.flac,
T_0000082893,spoof,flac_T/T_0000082893.flac,
T_0000110717,spoof,flac_T/T_0000110717.flac,
T_0000160951,spoof,flac_T/T_0000160951.flac,
T_0000026604,spoof,flac_T/T_0000026604.flac,
T_0000105529,spoof,flac_T/T_0000105529.flac,
T_0000139183,spoof,flac_T/T_0000139183.flac,
T_0000086228,spoof,flac_T/T_0000086228.flac,
T_0000096885,spoof,flac_T/T_0000096885.flac,
T_0000104577,spoof,flac_T/T_0000104577.flac,
T_0000138536,spoof,flac_T/T_0000138536.flac,
T_0000153043,spoof,flac_T/T_0000153043.flac,
T_0000039266,spoof,flac_T/T_0000039266.flac,
T_0000083887,spoof,flac_T/T_0000083887.flac,
T_0000022663,spoof,flac_T/T_0000022663.flac,
T_0000169995,spoof,flac_T/T_0000169995.flac,
T_0000040499,spoof,flac_T/T_0000040499.flac,
T_0000079126,spoof,flac_T/T_0000079126.flac,
T_0000019950,spoof,flac_T/T_0000019950.flac,
T_0000129978,spoof,flac_T/T_0000129978.flac,
T_0000081447,spoof,flac_T/T_0000081447.flac,
T_0000076519,spoof,flac_T/T_0000076519.flac,
T_0000076214,spoof,flac_T/T_0000076214.flac,
T_0000155744,spoof,flac_T/T_0000155744.flac,
T_0000005678,spoof,flac_T/T_0000005678.flac,
T_0000041537,spoof,flac_T/T_0000041537.flac,
T_0000005430,spoof,flac_T/T_0000005430.flac,
T_0000000140,spoof,flac_T/T_0000000140.flac,
T_0000158890,spoof,flac_T/T_0000158890.flac,
T_0000053772,spoof,flac_T/T_0000053772.flac,
T_0000026135,spoof,flac_T/T_0000026135.flac,
T_0000094906,spoof,flac_T/T_0000094906.flac,
T_0000041133,spoof,flac_T/T_0000041133.flac,
T_0000086822,spoof,flac_T/T_0000086822.flac,
T_0000144497,spoof,flac_T/T_0000144497.flac,
T_0000098340,spoof,flac_T/T_0000098340.flac,
T_0000146514,spoof,flac_T/T_0000146514.flac,
T_0000074155,spoof,flac_T/T_0000074155.flac,
T_0000032830,spoof,flac_T/T_0000032830.flac,
T_0000123157,spoof,flac_T/T_0000123157.flac,
T_0000137453,spoof,flac_T/T_0000137453.flac,
T_0000034377,spoof,flac_T/T_0000034377.flac,
T_0000015844,spoof,flac_T/T_0000015844.flac,
T_0000132217,spoof,flac_T/T_0000132217.flac,
T_0000106905,spoof,flac_T/T_0000106905.flac,
T_0000059698,spoof,flac_T/T_0000059698.flac,
T_0000027946,spoof,flac_T/T_0000027946.flac,
T_0000073741,spoof,flac_T/T_0000073741.flac,
T_0000147638,spoof,flac_T/T_0000147638.flac,
T_0000102668,spoof,flac_T/T_0000102668.flac,
T_0000132471,spoof,flac_T/T_0000132471.flac,
T_0000047651,spoof,flac_T/T_0000047651.flac,
T_0000138798,spoof,flac_T/T_0000138798.flac,
T_0000163141,spoof,flac_T/T_0000163141.flac,
T_0000003922,spoof,flac_T/T_0000003922.flac,
T_0000047406,spoof,flac_T/T_0000047406.flac,
T_0000143182,spoof,flac_T/T_0000143182.flac,
T_0000100539,spoof,flac_T/T_0000100539.flac,
T_0000034195,spoof,flac_T/T_0000034195.flac,
T_0000154502,spoof,flac_T/T_0000154502.flac,
T_0000035514,spoof,flac_T/T_0000035514.flac,
T_0000155489,spoof,flac_T/T_0000155489.flac,
T_0000077412,spoof,flac_T/T_0000077412.flac,
T_0000008831,spoof,flac_T/T_0000008831.flac,
T_0000057630,spoof,flac_T/T_0000057630.flac,
T_0000115983,spoof,flac_T/T_0000115983.flac,
T_0000045784,spoof,flac_T/T_0000045784.flac,
T_0000073430,spoof,flac_T/T_0000073430.flac,
T_0000115617,spoof,flac_T/T_0000115617.flac,
T_0000085844,spoof,flac_T/T_0000085844.flac,
T_0000151364,spoof,flac_T/T_0000151364.flac,
T_0000053160,spoof,flac_T/T_0000053160.flac,
T_0000003423,spoof,flac_T/T_0000003423.flac,
T_0000146425,spoof,flac_T/T_0000146425.flac,
T_0000172738,spoof,flac_T/T_0000172738.flac,
T_0000112791,spoof,flac_T/T_0000112791.flac,
T_0000024101,spoof,flac_T/T_0000024101.flac,
T_0000111196,spoof,flac_T/T_0000111196.flac,
T_0000085657,spoof,flac_T/T_0000085657.flac,
T_0000096065,spoof,flac_T/T_0000096065.flac,
T_0000093625,spoof,flac_T/T_0000093625.flac,
T_0000168344,spoof,flac_T/T_0000168344.flac,
T_0000110403,spoof,flac_T/T_0000110403.flac,
T_0000165159,spoof,flac_T/T_0000165159.flac,
T_0000048561,spoof,flac_T/T_0000048561.flac,
T_0000037333,spoof,flac_T/T_0000037333.flac,
T_0000057466,spoof,flac_T/T_0000057466.flac,
T_0000035675,spoof,flac_T/T_0000035675.flac,
T_0000066451,spoof,flac_T/T_0000066451.flac,
T_0000133807,spoof,flac_T/T_0000133807.flac,
T_0000041178,spoof,flac_T/T_0000041178.flac,
T_0000095604,spoof,flac_T/T_0000095604.flac,
T_0000041348,spoof,flac_T/T_0000041348.flac,
T_0000154121,spoof,flac_T/T_0000154121.flac,
T_0000039962,spoof,flac_T/T_0000039962.flac,
T_0000065120,spoof,flac_T/T_0000065120.flac,
T_0000101940,spoof,flac_T/T_0000101940.flac,
T_0000136123,spoof,flac_T/T_0000136123.flac,
T_0000105006,spoof,flac_T/T_0000105006.flac,
T_0000099908,spoof,flac_T/T_0000099908.flac,
T_0000173744,spoof,flac_T/T_0000173744.flac,
T_0000169526,spoof,flac_T/T_0000169526.flac,
T_0000101889,spoof,flac_T/T_0000101889.flac,
T_0000114488,spoof,flac_T/T_0000114488.flac,
T_0000145334,spoof,flac_T/T_0000145334.flac,
T_0000042043,spoof,flac_T/T_0000042043.flac,
T_0000036136,spoof,flac_T/T_0000036136.flac,
T_0000154220,spoof,flac_T/T_0000154220.flac,
T_0000051736,spoof,flac_T/T_0000051736.flac,
T_0000079262,spoof,flac_T/T_0000079262.flac,
T_0000179881,spoof,flac_T/T_0000179881.flac,
T_0000062890,spoof,flac_T/T_0000062890.flac,
T_0000057188,spoof,flac_T/T_0000057188.flac,
T_0000064409,spoof,flac_T/T_0000064409.flac,
T_0000029146,spoof,flac_T/T_0000029146.flac,
T_0000122578,spoof,flac_T/T_0000122578.flac,
T_0000155062,spoof,flac_T/T_0000155062.flac,
T_0000158564,spoof,flac_T/T_0000158564.flac,
T_0000055155,spoof,flac_T/T_0000055155.flac,
T_0000119488,spoof,flac_T/T_0000119488.flac,
T_0000084547,spoof,flac_T/T_0000084547.flac,
T_0000178487,spoof,flac_T/T_0000178487.flac,
T_0000021177,spoof,flac_T/T_0000021177.flac,
T_0000097973,spoof,flac_T/T_0000097973.flac,
T_0000015543,spoof,flac_T/T_0000015543.flac,
T_0000081403,spoof,flac_T/T_0000081403.flac,
T_0000112101,spoof,flac_T/T_0000112101.flac,
T_0000041897,spoof,flac_T/T_0000041897.flac,
T_0000178344,spoof,flac_T/T_0000178344.flac,
T_0000008466,spoof,flac_T/T_0000008466.flac,
T_0000104037,spoof,flac_T/T_0000104037.flac,
T_0000117876,spoof,flac_T/T_0000117876.flac,
T_0000109711,spoof,flac_T/T_0000109711.flac,
T_0000105630,spoof,flac_T/T_0000105630.flac,
T_0000130576,spoof,flac_T/T_0000130576.flac,
T_0000178844,spoof,flac_T/T_0000178844.flac,
T_0000110136,spoof,flac_T/T_0000110136.flac,
T_0000124844,spoof,flac_T/T_0000124844.flac,
T_0000131054,spoof,flac_T/T_0000131054.flac,
T_0000146704,spoof,flac_T/T_0000146704.flac,
T_0000099637,spoof,flac_T/T_0000099637.flac,
T_0000021215,spoof,flac_T/T_0000021215.flac,
T_0000160506,spoof,flac_T/T_0000160506.flac,
T_0000103307,spoof,flac_T/T_0000103307.flac,
T_0000013859,spoof,flac_T/T_0000013859.flac,
T_0000131713,spoof,flac_T/T_0000131713.flac,
T_0000004238,spoof,flac_T/T_0000004238.flac,
T_0000127503,spoof,flac_T/T_0000127503.flac,
T_0000046724,spoof,flac_T/T_0000046724.flac,
T_0000067781,spoof,flac_T/T_0000067781.flac,
T_0000016035,spoof,flac_T/T_0000016035.flac,
T_0000135952,spoof,flac_T/T_0000135952.flac,
T_0000148599,spoof,flac_T/T_0000148599.flac,
T_0000121197,spoof,flac_T/T_0000121197.flac,
T_0000155728,spoof,flac_T/T_0000155728.flac,
T_0000071265,spoof,flac_T/T_0000071265.flac,
T_0000045394,spoof,flac_T/T_0000045394.flac,
T_0000045489,spoof,flac_T/T_0000045489.flac,
T_0000125690,spoof,flac_T/T_0000125690.flac,
T_0000159392,spoof,flac_T/T_0000159392.flac,
T_0000123586,spoof,flac_T/T_0000123586.flac,
T_0000130250,spoof,flac_T/T_0000130250.flac,
T_0000172378,spoof,flac_T/T_0000172378.flac,
T_0000072594,spoof,flac_T/T_0000072594.flac,
T_0000181887,spoof,flac_T/T_0000181887.flac,
T_0000168015,spoof,flac_T/T_0000168015.flac,
T_0000121350,spoof,flac_T/T_0000121350.flac,
T_0000135186,spoof,flac_T/T_0000135186.flac,
T_0000138187,spoof,flac_T/T_0000138187.flac,
T_0000139163,spoof,flac_T/T_0000139163.flac,
T_0000000150,spoof,flac_T/T_0000000150.flac,
T_0000113503,spoof,flac_T/T_0000113503.flac,
T_0000111223,spoof,flac_T/T_0000111223.flac,
T_0000175309,spoof,flac_T/T_0000175309.flac,
T_0000058651,spoof,flac_T/T_0000058651.flac,
T_0000129852,spoof,flac_T/T_0000129852.flac,
T_0000166957,spoof,flac_T/T_0000166957.flac,
T_0000162488,spoof,flac_T/T_0000162488.flac,
T_0000121484,spoof,flac_T/T_0000121484.flac,
T_0000156818,spoof,flac_T/T_0000156818.flac,
T_0000097471,spoof,flac_T/T_0000097471.flac,
T_0000177639,spoof,flac_T/T_0000177639.flac,
T_0000009552,spoof,flac_T/T_0000009552.flac,
T_0000127774,spoof,flac_T/T_0000127774.flac,
T_0000108211,spoof,flac_T/T_0000108211.flac,
T_0000031085,spoof,flac_T/T_0000031085.flac,
T_0000076478,spoof,flac_T/T_0000076478.flac,
T_0000039264,spoof,flac_T/T_0000039264.flac,
T_0000123777,spoof,flac_T/T_0000123777.flac,
T_0000068212,spoof,flac_T/T_0000068212.flac,
T_0000001318,spoof,flac_T/T_0000001318.flac,
T_0000008541,spoof,flac_T/T_0000008541.flac,
T_0000132595,spoof,flac_T/T_0000132595.flac,
T_0000057748,spoof,flac_T/T_0000057748.flac,
T_0000049323,spoof,flac_T/T_0000049323.flac,
T_0000098735,spoof,flac_T/T_0000098735.flac,
T_0000118761,spoof,flac_T/T_0000118761.flac,
T_0000016943,spoof,flac_T/T_0000016943.flac,
T_0000066522,spoof,flac_T/T_0000066522.flac,
T_0000055142,spoof,flac_T/T_0000055142.flac,
T_0000120766,spoof,flac_T/T_0000120766.flac,
T_0000027674,spoof,flac_T/T_0000027674.flac,
T_0000023346,spoof,flac_T/T_0000023346.flac,
T_0000043026,spoof,flac_T/T_0000043026.flac,
T_0000034897,spoof,flac_T/T_0000034897.flac,
T_0000080967,spoof,flac_T/T_0000080967.flac,
T_0000034296,spoof,flac_T/T_0000034296.flac,
T_0000164119,spoof,flac_T/T_0000164119.flac,
T_0000097219,spoof,flac_T/T_0000097219.flac,
T_0000024741,spoof,flac_T/T_0000024741.flac,
T_0000047875,spoof,flac_T/T_0000047875.flac,
T_0000162650,spoof,flac_T/T_0000162650.flac,
T_0000108864,spoof,flac_T/T_0000108864.flac,
T_0000090659,spoof,flac_T/T_0000090659.flac,
T_0000163232,spoof,flac_T/T_0000163232.flac,
T_0000101795,spoof,flac_T/T_0000101795.flac,
T_0000092440,spoof,flac_T/T_0000092440.flac,
T_0000043107,spoof,flac_T/T_0000043107.flac,
T_0000127786,spoof,flac_T/T_0000127786.flac,
T_0000118866,spoof,flac_T/T_0000118866.flac,
T_0000102715,spoof,flac_T/T_0000102715.flac,
T_0000121194,spoof,flac_T/T_0000121194.flac,
T_0000049976,spoof,flac_T/T_0000049976.flac,
T_0000049471,spoof,flac_T/T_0000049471.flac,
T_0000126268,spoof,flac_T/T_0000126268.flac,
T_0000175628,spoof,flac_T/T_0000175628.flac,
T_0000168308,spoof,flac_T/T_0000168308.flac,
T_0000027442,spoof,flac_T/T_0000027442.flac,
T_0000176324,spoof,flac_T/T_0000176324.flac,
T_0000030622,spoof,flac_T/T_0000030622.flac,
T_0000126189,spoof,flac_T/T_0000126189.flac,
T_0000107125,spoof,flac_T/T_0000107125.flac,
T_0000096071,spoof,flac_T/T_0000096071.flac,
T_0000002812,spoof,flac_T/T_0000002812.flac,
T_0000116777,spoof,flac_T/T_0000116777.flac,
T_0000010747,spoof,flac_T/T_0000010747.flac,
T_0000029871,spoof,flac_T/T_0000029871.flac,
T_0000054649,spoof,flac_T/T_0000054649.flac,
T_0000166212,spoof,flac_T/T_0000166212.flac,
T_0000150599,spoof,flac_T/T_0000150599.flac,
T_0000111297,spoof,flac_T/T_0000111297.flac,
T_0000102227,spoof,flac_T/T_0000102227.flac,
T_0000045172,spoof,flac_T/T_0000045172.flac,
T_0000088425,spoof,flac_T/T_0000088425.flac,
T_0000053225,spoof,flac_T/T_0000053225.flac,
T_0000008256,spoof,flac_T/T_0000008256.flac,
T_0000175149,spoof,flac_T/T_0000175149.flac,
T_0000089275,spoof,flac_T/T_0000089275.flac,
T_0000093789,spoof,flac_T/T_0000093789.flac,
T_0000101220,spoof,flac_T/T_0000101220.flac,
T_0000135233,spoof,flac_T/T_0000135233.flac,
T_0000022626,spoof,flac_T/T_0000022626.flac,
T_0000006943,spoof,flac_T/T_0000006943.flac,
T_0000027445,spoof,flac_T/T_0000027445.flac,
T_0000104143,spoof,flac_T/T_0000104143.flac,
T_0000032275,spoof,flac_T/T_0000032275.flac,
T_0000165552,spoof,flac_T/T_0000165552.flac,
T_0000046400,spoof,flac_T/T_0000046400.flac,
T_0000143024,spoof,flac_T/T_0000143024.flac,
T_0000048606,spoof,flac_T/T_0000048606.flac,
T_0000173231,spoof,flac_T/T_0000173231.flac,
T_0000046542,spoof,flac_T/T_0000046542.flac,
T_0000115465,spoof,flac_T/T_0000115465.flac,
T_0000109147,spoof,flac_T/T_0000109147.flac,
T_0000087481,spoof,flac_T/T_0000087481.flac,
T_0000001496,spoof,flac_T/T_0000001496.flac,
T_0000082894,spoof,flac_T/T_0000082894.flac,
T_0000168620,spoof,flac_T/T_0000168620.flac,
T_0000116993,spoof,flac_T/T_0000116993.flac,
T_0000115208,spoof,flac_T/T_0000115208.flac,
T_0000076382,spoof,flac_T/T_0000076382.flac,
T_0000085681,spoof,flac_T/T_0000085681.flac,
T_0000033166,spoof,flac_T/T_0000033166.flac,
T_0000014835,spoof,flac_T/T_0000014835.flac,
T_0000096611,spoof,flac_T/T_0000096611.flac,
T_0000067996,spoof,flac_T/T_0000067996.flac,
T_0000109425,spoof,flac_T/T_0000109425.flac,
T_0000076213,spoof,flac_T/T_0000076213.flac,
T_0000154680,spoof,flac_T/T_0000154680.flac,
T_0000051094,spoof,flac_T/T_0000051094.flac,
T_0000054776,spoof,flac_T/T_0000054776.flac,
T_0000080727,spoof,flac_T/T_0000080727.flac,
T_0000160983,spoof,flac_T/T_0000160983.flac,
T_0000087344,spoof,flac_T/T_0000087344.flac,
T_0000159982,spoof,flac_T/T_0000159982.flac,
T_0000105995,spoof,flac_T/T_0000105995.flac,
T_0000180094,spoof,flac_T/T_0000180094.flac,
T_0000095561,spoof,flac_T/T_0000095561.flac,
T_0000116927,spoof,flac_T/T_0000116927.flac,
T_0000069926,spoof,flac_T/T_0000069926.flac,
T_0000002224,spoof,flac_T/T_0000002224.flac,
T_0000035715,spoof,flac_T/T_0000035715.flac,
T_0000016554,spoof,flac_T/T_0000016554.flac,
T_0000176765,spoof,flac_T/T_0000176765.flac,
T_0000020632,spoof,flac_T/T_0000020632.flac,
T_0000004247,spoof,flac_T/T_0000004247.flac,
T_0000144990,spoof,flac_T/T_0000144990.flac,
T_0000058269,spoof,flac_T/T_0000058269.flac,
T_0000156107,spoof,flac_T/T_0000156107.flac,
T_0000000105,spoof,flac_T/T_0000000105.flac,
T_0000052481,spoof,flac_T/T_0000052481.flac,
T_0000162476,spoof,flac_T/T_0000162476.flac,
T_0000092236,spoof,flac_T/T_0000092236.flac,
T_0000021242,spoof,flac_T/T_0000021242.flac,
T_0000128229,spoof,flac_T/T_0000128229.flac,
T_0000072602,spoof,flac_T/T_0000072602.flac,
T_0000056977,spoof,flac_T/T_0000056977.flac,
T_0000135175,spoof,flac_T/T_0000135175.flac,
T_0000114252,spoof,flac_T/T_0000114252.flac,
T_0000097347,spoof,flac_T/T_0000097347.flac,
T_0000129200,spoof,flac_T/T_0000129200.flac,
T_0000033669,spoof,flac_T/T_0000033669.flac,
T_0000117805,spoof,flac_T/T_0000117805.flac,
T_0000092963,spoof,flac_T/T_0000092963.flac,
T_0000072363,spoof,flac_T/T_0000072363.flac,
T_0000084133,spoof,flac_T/T_0000084133.flac,
T_0000016258,spoof,flac_T/T_0000016258.flac,
T_0000015511,spoof,flac_T/T_0000015511.flac,
T_0000052354,spoof,flac_T/T_0000052354.flac,
T_0000150399,spoof,flac_T/T_0000150399.flac,
T_0000127389,spoof,flac_T/T_0000127389.flac,
T_0000175913,spoof,flac_T/T_0000175913.flac,
T_0000094663,spoof,flac_T/T_0000094663.flac,
T_0000133654,spoof,flac_T/T_0000133654.flac,
T_0000090513,spoof,flac_T/T_0000090513.flac,
T_0000102270,spoof,flac_T/T_0000102270.flac,
T_0000176750,spoof,flac_T/T_0000176750.flac,
T_0000071429,spoof,flac_T/T_0000071429.flac,
T_0000122038,spoof,flac_T/T_0000122038.flac,
T_0000024203,spoof,flac_T/T_0000024203.flac,
T_0000033502,spoof,flac_T/T_0000033502.flac,
T_0000172181,spoof,flac_T/T_0000172181.flac,
T_0000040581,spoof,flac_T/T_0000040581.flac,
T_0000132806,spoof,flac_T/T_0000132806.flac,
T_0000130050,spoof,flac_T/T_0000130050.flac,
T_0000074267,spoof,flac_T/T_0000074267.flac,
T_0000011070,spoof,flac_T/T_0000011070.flac,
T_0000122543,spoof,flac_T/T_0000122543.flac,
T_0000124821,spoof,flac_T/T_0000124821.flac,
T_0000166746,spoof,flac_T/T_0000166746.flac,
T_0000129632,spoof,flac_T/T_0000129632.flac,
T_0000070053,spoof,flac_T/T_0000070053.flac,
T_0000040200,spoof,flac_T/T_0000040200.flac,
T_0000168427,spoof,flac_T/T_0000168427.flac,
T_0000166464,spoof,flac_T/T_0000166464.flac,
T_0000107735,spoof,flac_T/T_0000107735.flac,
T_0000069996,spoof,flac_T/T_0000069996.flac,
T_0000017140,spoof,flac_T/T_0000017140.flac,
T_0000113021,spoof,flac_T/T_0000113021.flac,
T_0000144428,spoof,flac_T/T_0000144428.flac,
T_0000143361,spoof,flac_T/T_0000143361.flac,
T_0000002382,spoof,flac_T/T_0000002382.flac,
T_0000133431,spoof,flac_T/T_0000133431.flac,
T_0000164121,spoof,flac_T/T_0000164121.flac,
T_0000139250,spoof,flac_T/T_0000139250.flac,
T_0000021942,spoof,flac_T/T_0000021942.flac,
T_0000093927,spoof,flac_T/T_0000093927.flac,
T_0000171847,spoof,flac_T/T_0000171847.flac,
T_0000074273,spoof,flac_T/T_0000074273.flac,
T_0000047275,spoof,flac_T/T_0000047275.flac,
T_0000055054,spoof,flac_T/T_0000055054.flac,
T_0000128400,spoof,flac_T/T_0000128400.flac,
T_0000140997,spoof,flac_T/T_0000140997.flac,
T_0000164155,spoof,flac_T/T_0000164155.flac,
T_0000118360,spoof,flac_T/T_0000118360.flac,
T_0000138714,spoof,flac_T/T_0000138714.flac,
T_0000181770,spoof,flac_T/T_0000181770.flac,
T_0000175940,spoof,flac_T/T_0000175940.flac,
T_0000080387,spoof,flac_T/T_0000080387.flac,
T_0000024886,spoof,flac_T/T_0000024886.flac,
T_0000084596,spoof,flac_T/T_0000084596.flac,
T_0000038005,spoof,flac_T/T_0000038005.flac,
T_0000150925,spoof,flac_T/T_0000150925.flac,
T_0000161975,spoof,flac_T/T_0000161975.flac,
T_0000018414,spoof,flac_T/T_0000018414.flac,
T_0000061834,spoof,flac_T/T_0000061834.flac,
T_0000023514,spoof,flac_T/T_0000023514.flac,
T_0000079938,spoof,flac_T/T_0000079938.flac,
T_0000004753,spoof,flac_T/T_0000004753.flac,
T_0000072379,spoof,flac_T/T_0000072379.flac,
T_0000028295,spoof,flac_T/T_0000028295.flac,
T_0000121171,spoof,flac_T/T_0000121171.flac,
T_0000069859,spoof,flac_T/T_0000069859.flac,
T_0000071485,spoof,flac_T/T_0000071485.flac,
T_0000158638,spoof,flac_T/T_0000158638.flac,
T_0000157018,spoof,flac_T/T_0000157018.flac,
T_0000151416,spoof,flac_T/T_0000151416.flac,
T_0000179697,spoof,flac_T/T_0000179697.flac,
T_0000076116,spoof,flac_T/T_0000076116.flac,
T_0000164180,spoof,flac_T/T_0000164180.flac,
T_0000157824,spoof,flac_T/T_0000157824.flac,
T_0000112400,spoof,flac_T/T_0000112400.flac,
T_0000071142,spoof,flac_T/T_0000071142.flac,
T_0000008208,spoof,flac_T/T_0000008208.flac,
T_0000031669,spoof,flac_T/T_0000031669.flac,
T_0000067491,spoof,flac_T/T_0000067491.flac,
T_0000152326,spoof,flac_T/T_0000152326.flac,
T_0000092890,spoof,flac_T/T_0000092890.flac,
T_0000145265,spoof,flac_T/T_0000145265.flac,
T_0000163568,spoof,flac_T/T_0000163568.flac,
T_0000077183,spoof,flac_T/T_0000077183.flac,
T_0000101379,spoof,flac_T/T_0000101379.flac,
T_0000146207,spoof,flac_T/T_0000146207.flac,
T_0000161143,spoof,flac_T/T_0000161143.flac,
T_0000046617,spoof,flac_T/T_0000046617.flac,
T_0000174379,spoof,flac_T/T_0000174379.flac,
T_0000134754,spoof,flac_T/T_0000134754.flac,
T_0000098218,spoof,flac_T/T_0000098218.flac,
T_0000093399,spoof,flac_T/T_0000093399.flac,
T_0000008640,spoof,flac_T/T_0000008640.flac,
T_0000140113,spoof,flac_T/T_0000140113.flac,
T_0000156886,spoof,flac_T/T_0000156886.flac,
T_0000005405,spoof,flac_T/T_0000005405.flac,
T_0000173938,spoof,flac_T/T_0000173938.flac,
T_0000050525,spoof,flac_T/T_0000050525.flac,
T_0000168884,spoof,flac_T/T_0000168884.flac,
T_0000073625,spoof,flac_T/T_0000073625.flac,
T_0000156017,spoof,flac_T/T_0000156017.flac,
T_0000042252,spoof,flac_T/T_0000042252.flac,
T_0000056595,spoof,flac_T/T_0000056595.flac,
T_0000052186,spoof,flac_T/T_0000052186.flac,
T_0000153113,spoof,flac_T/T_0000153113.flac,
T_0000152565,spoof,flac_T/T_0000152565.flac,
T_0000113490,spoof,flac_T/T_0000113490.flac,
T_0000063504,spoof,flac_T/T_0000063504.flac,
T_0000157270,spoof,flac_T/T_0000157270.flac,
T_0000033380,spoof,flac_T/T_0000033380.flac,
T_0000032534,spoof,flac_T/T_0000032534.flac,
T_0000176124,spoof,flac_T/T_0000176124.flac,
T_0000099397,spoof,flac_T/T_0000099397.flac,
T_0000057092,spoof,flac_T/T_0000057092.flac,
T_0000026581,spoof,flac_T/T_0000026581.flac,
T_0000156122,spoof,flac_T/T_0000156122.flac,
T_0000120778,spoof,flac_T/T_0000120778.flac,
T_0000136473,spoof,flac_T/T_0000136473.flac,
T_0000178075,spoof,flac_T/T_0000178075.flac,
T_0000180834,spoof,flac_T/T_0000180834.flac,
T_0000103904,spoof,flac_T/T_0000103904.flac,
T_0000143217,spoof,flac_T/T_0000143217.flac,
T_0000073389,spoof,flac_T/T_0000073389.flac,
T_0000016558,spoof,flac_T/T_0000016558.flac,
T_0000179272,spoof,flac_T/T_0000179272.flac,
T_0000136364,spoof,flac_T/T_0000136364.flac,
T_0000058935,spoof,flac_T/T_0000058935.flac,
T_0000138859,spoof,flac_T/T_0000138859.flac,
T_0000020418,spoof,flac_T/T_0000020418.flac,
T_0000047721,spoof,flac_T/T_0000047721.flac,
T_0000096108,spoof,flac_T/T_0000096108.flac,
T_0000144066,spoof,flac_T/T_0000144066.flac,
T_0000083403,spoof,flac_T/T_0000083403.flac,
T_0000165496,spoof,flac_T/T_0000165496.flac,
T_0000097738,spoof,flac_T/T_0000097738.flac,
T_0000170888,spoof,flac_T/T_0000170888.flac,
T_0000002597,spoof,flac_T/T_0000002597.flac,
T_0000020807,spoof,flac_T/T_0000020807.flac,
T_0000128710,spoof,flac_T/T_0000128710.flac,
T_0000171023,spoof,flac_T/T_0000171023.flac,
T_0000033849,spoof,flac_T/T_0000033849.flac,
T_0000165524,spoof,flac_T/T_0000165524.flac,
T_0000140233,spoof,flac_T/T_0000140233.flac,
T_0000179850,spoof,flac_T/T_0000179850.flac,
T_0000032958,spoof,flac_T/T_0000032958.flac,
T_0000025647,spoof,flac_T/T_0000025647.flac,
T_0000174690,spoof,flac_T/T_0000174690.flac,
T_0000052158,spoof,flac_T/T_0000052158.flac,
T_0000131641,spoof,flac_T/T_0000131641.flac,
T_0000021671,spoof,flac_T/T_0000021671.flac,
T_0000007618,spoof,flac_T/T_0000007618.flac,
T_0000054127,spoof,flac_T/T_0000054127.flac,
T_0000034257,spoof,flac_T/T_0000034257.flac,
T_0000053643,spoof,flac_T/T_0000053643.flac,
T_0000025993,spoof,flac_T/T_0000025993.flac,
T_0000054181,spoof,flac_T/T_0000054181.flac,
T_0000010554,spoof,flac_T/T_0000010554.flac,
T_0000155910,spoof,flac_T/T_0000155910.flac,
T_0000126722,spoof,flac_T/T_0000126722.flac,
T_0000120729,spoof,flac_T/T_0000120729.flac,
T_0000113889,spoof,flac_T/T_0000113889.flac,
T_0000128841,spoof,flac_T/T_0000128841.flac,
T_0000080133,spoof,flac_T/T_0000080133.flac,
T_0000107404,spoof,flac_T/T_0000107404.flac,
T_0000067395,spoof,flac_T/T_0000067395.flac,
T_0000039442,spoof,flac_T/T_0000039442.flac,
T_0000070417,spoof,flac_T/T_0000070417.flac,
T_0000015981,spoof,flac_T/T_0000015981.flac,
T_0000151743,spoof,flac_T/T_0000151743.flac,
T_0000169261,spoof,flac_T/T_0000169261.flac,
T_0000050902,spoof,flac_T/T_0000050902.flac,
T_0000050223,spoof,flac_T/T_0000050223.flac,
T_0000149410,spoof,flac_T/T_0000149410.flac,
T_0000134397,spoof,flac_T/T_0000134397.flac,
T_0000157151,spoof,flac_T/T_0000157151.flac,
T_0000071609,spoof,flac_T/T_0000071609.flac,
T_0000139716,spoof,flac_T/T_0000139716.flac,
T_0000093229,spoof,flac_T/T_0000093229.flac,
T_0000075864,spoof,flac_T/T_0000075864.flac,
T_0000047370,spoof,flac_T/T_0000047370.flac,
T_0000057521,spoof,flac_T/T_0000057521.flac,
T_0000129756,spoof,flac_T/T_0000129756.flac,
T_0000040118,spoof,flac_T/T_0000040118.flac,
T_0000053514,spoof,flac_T/T_0000053514.flac,
T_0000124195,spoof,flac_T/T_0000124195.flac,
T_0000009155,spoof,flac_T/T_0000009155.flac,
T_0000154555,spoof,flac_T/T_0000154555.flac,
T_0000175870,spoof,flac_T/T_0000175870.flac,
T_0000024769,spoof,flac_T/T_0000024769.flac,
T_0000108502,spoof,flac_T/T_0000108502.flac,
T_0000100500,spoof,flac_T/T_0000100500.flac,
T_0000158521,spoof,flac_T/T_0000158521.flac,
T_0000067601,spoof,flac_T/T_0000067601.flac,
T_0000023086,spoof,flac_T/T_0000023086.flac,
T_0000060233,spoof,flac_T/T_0000060233.flac,
T_0000070543,spoof,flac_T/T_0000070543.flac,
T_0000093222,spoof,flac_T/T_0000093222.flac,
T_0000181393,spoof,flac_T/T_0000181393.flac,
T_0000097039,spoof,flac_T/T_0000097039.flac,
T_0000094274,spoof,flac_T/T_0000094274.flac,
T_0000033538,spoof,flac_T/T_0000033538.flac,
T_0000053206,spoof,flac_T/T_0000053206.flac,
T_0000107337,spoof,flac_T/T_0000107337.flac,
T_0000084543,spoof,flac_T/T_0000084543.flac,
T_0000101854,spoof,flac_T/T_0000101854.flac,
T_0000007219,spoof,flac_T/T_0000007219.flac,
T_0000089806,spoof,flac_T/T_0000089806.flac,
T_0000132817,spoof,flac_T/T_0000132817.flac,
T_0000055561,spoof,flac_T/T_0000055561.flac,
T_0000109537,spoof,flac_T/T_0000109537.flac,
T_0000174624,spoof,flac_T/T_0000174624.flac,
T_0000078637,spoof,flac_T/T_0000078637.flac,
T_0000003019,spoof,flac_T/T_0000003019.flac,
T_0000110998,spoof,flac_T/T_0000110998.flac,
T_0000131957,spoof,flac_T/T_0000131957.flac,
T_0000080565,spoof,flac_T/T_0000080565.flac,
T_0000001501,spoof,flac_T/T_0000001501.flac,
T_0000162538,spoof,flac_T/T_0000162538.flac,
T_0000175268,spoof,flac_T/T_0000175268.flac,
T_0000133409,spoof,flac_T/T_0000133409.flac,
T_0000168496,spoof,flac_T/T_0000168496.flac,
T_0000096003,spoof,flac_T/T_0000096003.flac,
T_0000072227,spoof,flac_T/T_0000072227.flac,
T_0000000326,spoof,flac_T/T_0000000326.flac,
T_0000003787,spoof,flac_T/T_0000003787.flac,
T_0000018376,spoof,flac_T/T_0000018376.flac,
T_0000161148,spoof,flac_T/T_0000161148.flac,
T_0000035180,spoof,flac_T/T_0000035180.flac,
T_0000013866,spoof,flac_T/T_0000013866.flac,
T_0000115078,spoof,flac_T/T_0000115078.flac,
T_0000036758,spoof,flac_T/T_0000036758.flac,
T_0000057483,spoof,flac_T/T_0000057483.flac,
T_0000049328,spoof,flac_T/T_0000049328.flac,
T_0000015303,spoof,flac_T/T_0000015303.flac,
T_0000014857,spoof,flac_T/T_0000014857.flac,
T_0000000063,spoof,flac_T/T_0000000063.flac,
T_0000004427,spoof,flac_T/T_0000004427.flac,
T_0000177192,spoof,flac_T/T_0000177192.flac,
T_0000181430,spoof,flac_T/T_0000181430.flac,
T_0000123462,spoof,flac_T/T_0000123462.flac,
T_0000094755,spoof,flac_T/T_0000094755.flac,
T_0000102062,spoof,flac_T/T_0000102062.flac,
T_0000108424,spoof,flac_T/T_0000108424.flac,
T_0000105066,spoof,flac_T/T_0000105066.flac,
T_0000117814,spoof,flac_T/T_0000117814.flac,
T_0000058236,spoof,flac_T/T_0000058236.flac,
T_0000161702,spoof,flac_T/T_0000161702.flac,
T_0000140208,spoof,flac_T/T_0000140208.flac,
T_0000181960,spoof,flac_T/T_0000181960.flac,
T_0000174285,spoof,flac_T/T_0000174285.flac,
T_0000157173,spoof,flac_T/T_0000157173.flac,
T_0000175066,spoof,flac_T/T_0000175066.flac,
T_0000051460,spoof,flac_T/T_0000051460.flac,
T_0000008432,spoof,flac_T/T_0000008432.flac,
T_0000029391,spoof,flac_T/T_0000029391.flac,
T_0000089863,spoof,flac_T/T_0000089863.flac,
T_0000032627,spoof,flac_T/T_0000032627.flac,
T_0000069659,spoof,flac_T/T_0000069659.flac,
T_0000149907,spoof,flac_T/T_0000149907.flac,
T_0000097292,spoof,flac_T/T_0000097292.flac,
T_0000091304,spoof,flac_T/T_0000091304.flac,
T_0000032203,spoof,flac_T/T_0000032203.flac,
T_0000179643,spoof,flac_T/T_0000179643.flac,
T_0000014452,spoof,flac_T/T_0000014452.flac,
T_0000175280,spoof,flac_T/T_0000175280.flac,
T_0000168125,spoof,flac_T/T_0000168125.flac,
T_0000053669,spoof,flac_T/T_0000053669.flac,
T_0000107097,spoof,flac_T/T_0000107097.flac,
T_0000116206,spoof,flac_T/T_0000116206.flac,
T_0000041261,spoof,flac_T/T_0000041261.flac,
T_0000063730,spoof,flac_T/T_0000063730.flac,
T_0000158415,spoof,flac_T/T_0000158415.flac,
T_0000069352,spoof,flac_T/T_0000069352.flac,
T_0000016237,spoof,flac_T/T_0000016237.flac,
T_0000165011,spoof,flac_T/T_0000165011.flac,
T_0000148531,spoof,flac_T/T_0000148531.flac,
T_0000116211,spoof,flac_T/T_0000116211.flac,
T_0000087218,spoof,flac_T/T_0000087218.flac,
T_0000056503,spoof,flac_T/T_0000056503.flac,
T_0000076289,spoof,flac_T/T_0000076289.flac,
T_0000078245,spoof,flac_T/T_0000078245.flac,
T_0000054452,spoof,flac_T/T_0000054452.flac,
T_0000022677,spoof,flac_T/T_0000022677.flac,
T_0000152476,spoof,flac_T/T_0000152476.flac,
T_0000081952,spoof,flac_T/T_0000081952.flac,
T_0000107271,spoof,flac_T/T_0000107271.flac,
T_0000122701,spoof,flac_T/T_0000122701.flac,
T_0000062764,spoof,flac_T/T_0000062764.flac,
T_0000168679,spoof,flac_T/T_0000168679.flac,
T_0000012881,spoof,flac_T/T_0000012881.flac,
T_0000175162,spoof,flac_T/T_0000175162.flac,
T_0000127801,spoof,flac_T/T_0000127801.flac,
T_0000153828,spoof,flac_T/T_0000153828.flac,
T_0000051373,spoof,flac_T/T_0000051373.flac,
T_0000104302,spoof,flac_T/T_0000104302.flac,
T_0000025529,spoof,flac_T/T_0000025529.flac,
T_0000169957,spoof,flac_T/T_0000169957.flac,
T_0000035189,spoof,flac_T/T_0000035189.flac,
T_0000129600,spoof,flac_T/T_0000129600.flac,
T_0000165672,spoof,flac_T/T_0000165672.flac,
T_0000119695,spoof,flac_T/T_0000119695.flac,
T_0000175486,spoof,flac_T/T_0000175486.flac,
T_0000119540,spoof,flac_T/T_0000119540.flac,
T_0000029749,spoof,flac_T/T_0000029749.flac,
T_0000041821,spoof,flac_T/T_0000041821.flac,
T_0000087170,spoof,flac_T/T_0000087170.flac,
T_0000120982,spoof,flac_T/T_0000120982.flac,
T_0000140876,spoof,flac_T/T_0000140876.flac,
T_0000144606,spoof,flac_T/T_0000144606.flac,
T_0000102699,spoof,flac_T/T_0000102699.flac,
T_0000145511,spoof,flac_T/T_0000145511.flac,
T_0000000623,spoof,flac_T/T_0000000623.flac,
T_0000136543,spoof,flac_T/T_0000136543.flac,
T_0000164067,spoof,flac_T/T_0000164067.flac,
T_0000073699,spoof,flac_T/T_0000073699.flac,
T_0000047956,spoof,flac_T/T_0000047956.flac,
T_0000171828,spoof,flac_T/T_0000171828.flac,
T_0000006768,spoof,flac_T/T_0000006768.flac,
T_0000070113,spoof,flac_T/T_0000070113.flac,
T_0000084168,spoof,flac_T/T_0000084168.flac,
T_0000171752,spoof,flac_T/T_0000171752.flac,
T_0000071295,spoof,flac_T/T_0000071295.flac,
T_0000161387,spoof,flac_T/T_0000161387.flac,
T_0000171228,spoof,flac_T/T_0000171228.flac,
T_0000052976,spoof,flac_T/T_0000052976.flac,
T_0000080715,spoof,flac_T/T_0000080715.flac,
T_0000042169,spoof,flac_T/T_0000042169.flac,
T_0000068320,spoof,flac_T/T_0000068320.flac,
T_0000021766,spoof,flac_T/T_0000021766.flac,
T_0000171291,spoof,flac_T/T_0000171291.flac,
T_0000005682,spoof,flac_T/T_0000005682.flac,
T_0000083918,spoof,flac_T/T_0000083918.flac,
T_0000142221,spoof,flac_T/T_0000142221.flac,
T_0000063145,spoof,flac_T/T_0000063145.flac,
T_0000031136,spoof,flac_T/T_0000031136.flac,
T_0000126858,spoof,flac_T/T_0000126858.flac,
T_0000177713,spoof,flac_T/T_0000177713.flac,
T_0000043324,spoof,flac_T/T_0000043324.flac,
T_0000106171,spoof,flac_T/T_0000106171.flac,
T_0000128637,spoof,flac_T/T_0000128637.flac,
T_0000065797,spoof,flac_T/T_0000065797.flac,
T_0000048192,spoof,flac_T/T_0000048192.flac,
T_0000166715,spoof,flac_T/T_0000166715.flac,
T_0000090102,spoof,flac_T/T_0000090102.flac,
T_0000027870,spoof,flac_T/T_0000027870.flac,
T_0000152050,spoof,flac_T/T_0000152050.flac,
T_0000016102,spoof,flac_T/T_0000016102.flac,
T_0000079662,spoof,flac_T/T_0000079662.flac,
T_0000171243,spoof,flac_T/T_0000171243.flac,
T_0000177884,spoof,flac_T/T_0000177884.flac,
T_0000107406,spoof,flac_T/T_0000107406.flac,
T_0000064535,spoof,flac_T/T_0000064535.flac,
T_0000173783,spoof,flac_T/T_0000173783.flac,
T_0000097218,spoof,flac_T/T_0000097218.flac,
T_0000169907,spoof,flac_T/T_0000169907.flac,
T_0000180265,spoof,flac_T/T_0000180265.flac,
T_0000119126,spoof,flac_T/T_0000119126.flac,
T_0000047910,spoof,flac_T/T_0000047910.flac,
T_0000085486,spoof,flac_T/T_0000085486.flac,
T_0000031157,spoof,flac_T/T_0000031157.flac,
T_0000130234,spoof,flac_T/T_0000130234.flac,
T_0000123718,spoof,flac_T/T_0000123718.flac,
T_0000144975,spoof,flac_T/T_0000144975.flac,
T_0000148438,spoof,flac_T/T_0000148438.flac,
T_0000124981,spoof,flac_T/T_0000124981.flac,
T_0000123546,spoof,flac_T/T_0000123546.flac,
T_0000014044,spoof,flac_T/T_0000014044.flac,
T_0000025883,spoof,flac_T/T_0000025883.flac,
T_0000081227,spoof,flac_T/T_0000081227.flac,
T_0000118121,spoof,flac_T/T_0000118121.flac,
T_0000023005,spoof,flac_T/T_0000023005.flac,
T_0000012539,spoof,flac_T/T_0000012539.flac,
T_0000005604,spoof,flac_T/T_0000005604.flac,
T_0000167283,spoof,flac_T/T_0000167283.flac,
T_0000158985,spoof,flac_T/T_0000158985.flac,
T_0000135056,spoof,flac_T/T_0000135056.flac,
T_0000037097,spoof,flac_T/T_0000037097.flac,
T_0000169951,spoof,flac_T/T_0000169951.flac,
T_0000168701,spoof,flac_T/T_0000168701.flac,
T_0000167279,spoof,flac_T/T_0000167279.flac,
T_0000144088,spoof,flac_T/T_0000144088.flac,
T_0000132284,spoof,flac_T/T_0000132284.flac,
T_0000049609,spoof,flac_T/T_0000049609.flac,
T_0000071366,spoof,flac_T/T_0000071366.flac,
T_0000111801,spoof,flac_T/T_0000111801.flac,
T_0000067392,spoof,flac_T/T_0000067392.flac,
T_0000172013,spoof,flac_T/T_0000172013.flac,
T_0000163434,spoof,flac_T/T_0000163434.flac,
T_0000039602,spoof,flac_T/T_0000039602.flac,
T_0000161302,spoof,flac_T/T_0000161302.flac,
T_0000007194,spoof,flac_T/T_0000007194.flac,
T_0000061953,spoof,flac_T/T_0000061953.flac,
T_0000153247,spoof,flac_T/T_0000153247.flac,
T_0000118264,spoof,flac_T/T_0000118264.flac,
T_0000049207,spoof,flac_T/T_0000049207.flac,
T_0000032911,spoof,flac_T/T_0000032911.flac,
T_0000169061,spoof,flac_T/T_0000169061.flac,
T_0000133685,spoof,flac_T/T_0000133685.flac,
T_0000067930,spoof,flac_T/T_0000067930.flac,
T_0000148816,spoof,flac_T/T_0000148816.flac,
T_0000104547,spoof,flac_T/T_0000104547.flac,
T_0000125728,spoof,flac_T/T_0000125728.flac,
T_0000020077,spoof,flac_T/T_0000020077.flac,
T_0000135210,spoof,flac_T/T_0000135210.flac,
T_0000056419,spoof,flac_T/T_0000056419.flac,
T_0000168080,spoof,flac_T/T_0000168080.flac,
T_0000051511,spoof,flac_T/T_0000051511.flac,
T_0000081919,spoof,flac_T/T_0000081919.flac,
T_0000055525,spoof,flac_T/T_0000055525.flac,
T_0000056262,spoof,flac_T/T_0000056262.flac,
T_0000048656,spoof,flac_T/T_0000048656.flac,
T_0000045476,spoof,flac_T/T_0000045476.flac,
T_0000033599,spoof,flac_T/T_0000033599.flac,
T_0000136729,spoof,flac_T/T_0000136729.flac,
T_0000131970,spoof,flac_T/T_0000131970.flac,
T_0000104110,spoof,flac_T/T_0000104110.flac,
T_0000138173,spoof,flac_T/T_0000138173.flac,
T_0000124568,spoof,flac_T/T_0000124568.flac,
T_0000070140,spoof,flac_T/T_0000070140.flac,
T_0000035423,spoof,flac_T/T_0000035423.flac,
T_0000158457,spoof,flac_T/T_0000158457.flac,
T_0000167621,spoof,flac_T/T_0000167621.flac,
T_0000165719,spoof,flac_T/T_0000165719.flac,
T_0000164941,spoof,flac_T/T_0000164941.flac,
T_0000166153,spoof,flac_T/T_0000166153.flac,
T_0000037627,spoof,flac_T/T_0000037627.flac,
T_0000003867,spoof,flac_T/T_0000003867.flac,
T_0000057509,spoof,flac_T/T_0000057509.flac,
T_0000113227,spoof,flac_T/T_0000113227.flac,
T_0000079900,spoof,flac_T/T_0000079900.flac,
T_0000108799,spoof,flac_T/T_0000108799.flac,
T_0000020785,spoof,flac_T/T_0000020785.flac,
T_0000120970,spoof,flac_T/T_0000120970.flac,
T_0000147429,spoof,flac_T/T_0000147429.flac,
T_0000008728,spoof,flac_T/T_0000008728.flac,
T_0000070235,spoof,flac_T/T_0000070235.flac,
T_0000124575,spoof,flac_T/T_0000124575.flac,
T_0000120085,spoof,flac_T/T_0000120085.flac,
T_0000038187,spoof,flac_T/T_0000038187.flac,
T_0000083388,spoof,flac_T/T_0000083388.flac,
T_0000021235,spoof,flac_T/T_0000021235.flac,
T_0000125986,spoof,flac_T/T_0000125986.flac,
T_0000046427,spoof,flac_T/T_0000046427.flac,
T_0000003041,spoof,flac_T/T_0000003041.flac,
T_0000069322,spoof,flac_T/T_0000069322.flac,
T_0000059518,spoof,flac_T/T_0000059518.flac,
T_0000156948,spoof,flac_T/T_0000156948.flac,
T_0000133616,spoof,flac_T/T_0000133616.flac,
T_0000180515,spoof,flac_T/T_0000180515.flac,
T_0000020492,spoof,flac_T/T_0000020492.flac,
T_0000006260,spoof,flac_T/T_0000006260.flac,
T_0000137231,spoof,flac_T/T_0000137231.flac,
T_0000089681,spoof,flac_T/T_0000089681.flac,
T_0000035198,spoof,flac_T/T_0000035198.flac,
T_0000141072,spoof,flac_T/T_0000141072.flac,
T_0000143093,spoof,flac_T/T_0000143093.flac,
T_0000063205,spoof,flac_T/T_0000063205.flac,
T_0000172039,spoof,flac_T/T_0000172039.flac,
T_0000085587,spoof,flac_T/T_0000085587.flac,
T_0000095818,spoof,flac_T/T_0000095818.flac,
T_0000108875,spoof,flac_T/T_0000108875.flac,
T_0000087558,spoof,flac_T/T_0000087558.flac,
T_0000051224,spoof,flac_T/T_0000051224.flac,
T_0000047790,spoof,flac_T/T_0000047790.flac,
T_0000009225,spoof,flac_T/T_0000009225.flac,
T_0000024851,spoof,flac_T/T_0000024851.flac,
T_0000017180,spoof,flac_T/T_0000017180.flac,
T_0000058248,spoof,flac_T/T_0000058248.flac,
T_0000163192,spoof,flac_T/T_0000163192.flac,
T_0000141189,spoof,flac_T/T_0000141189.flac,
T_0000008549,spoof,flac_T/T_0000008549.flac,
T_0000125156,spoof,flac_T/T_0000125156.flac,
T_0000032551,spoof,flac_T/T_0000032551.flac,
T_0000006513,spoof,flac_T/T_0000006513.flac,
T_0000180333,spoof,flac_T/T_0000180333.flac,
T_0000121282,spoof,flac_T/T_0000121282.flac,
T_0000093273,spoof,flac_T/T_0000093273.flac,
T_0000045061,spoof,flac_T/T_0000045061.flac,
T_0000063178,spoof,flac_T/T_0000063178.flac,
T_0000139835,spoof,flac_T/T_0000139835.flac,
T_0000031650,spoof,flac_T/T_0000031650.flac,
T_0000137503,spoof,flac_T/T_0000137503.flac,
T_0000043513,spoof,flac_T/T_0000043513.flac,
T_0000072245,spoof,flac_T/T_0000072245.flac,
T_0000117254,spoof,flac_T/T_0000117254.flac,
T_0000039394,spoof,flac_T/T_0000039394.flac,
T_0000124431,spoof,flac_T/T_0000124431.flac,
T_0000115144,spoof,flac_T/T_0000115144.flac,
T_0000059966,spoof,flac_T/T_0000059966.flac,
T_0000019873,spoof,flac_T/T_0000019873.flac,
T_0000006588,spoof,flac_T/T_0000006588.flac,
T_0000071237,spoof,flac_T/T_0000071237.flac,
T_0000067213,spoof,flac_T/T_0000067213.flac,
T_0000144539,spoof,flac_T/T_0000144539.flac,
T_0000163267,spoof,flac_T/T_0000163267.flac,
T_0000089228,spoof,flac_T/T_0000089228.flac,
T_0000134604,spoof,flac_T/T_0000134604.flac,
T_0000078052,spoof,flac_T/T_0000078052.flac,
T_0000132193,spoof,flac_T/T_0000132193.flac,
T_0000018809,spoof,flac_T/T_0000018809.flac,
T_0000063957,spoof,flac_T/T_0000063957.flac,
T_0000044999,spoof,flac_T/T_0000044999.flac,
T_0000022793,spoof,flac_T/T_0000022793.flac,
T_0000058482,spoof,flac_T/T_0000058482.flac,
T_0000121211,spoof,flac_T/T_0000121211.flac,
T_0000129728,spoof,flac_T/T_0000129728.flac,
T_0000034206,spoof,flac_T/T_0000034206.flac,
T_0000111391,spoof,flac_T/T_0000111391.flac,
T_0000174902,spoof,flac_T/T_0000174902.flac,
T_0000170630,spoof,flac_T/T_0000170630.flac,
T_0000159071,spoof,flac_T/T_0000159071.flac,
T_0000119556,spoof,flac_T/T_0000119556.flac,
T_0000115047,spoof,flac_T/T_0000115047.flac,
T_0000169869,spoof,flac_T/T_0000169869.flac,
T_0000074354,spoof,flac_T/T_0000074354.flac,
T_0000038121,spoof,flac_T/T_0000038121.flac,
T_0000039090,spoof,flac_T/T_0000039090.flac,
T_0000107363,spoof,flac_T/T_0000107363.flac,
T_0000122989,spoof,flac_T/T_0000122989.flac,
T_0000029285,spoof,flac_T/T_0000029285.flac,
T_0000099618,spoof,flac_T/T_0000099618.flac,
T_0000022125,spoof,flac_T/T_0000022125.flac,
T_0000136831,spoof,flac_T/T_0000136831.flac,
T_0000033125,spoof,flac_T/T_0000033125.flac,
T_0000077597,spoof,flac_T/T_0000077597.flac,
T_0000039034,spoof,flac_T/T_0000039034.flac,
T_0000101096,spoof,flac_T/T_0000101096.flac,
T_0000092121,spoof,flac_T/T_0000092121.flac,
T_0000032586,spoof,flac_T/T_0000032586.flac,
T_0000034097,spoof,flac_T/T_0000034097.flac,
T_0000171675,spoof,flac_T/T_0000171675.flac,
T_0000048460,spoof,flac_T/T_0000048460.flac,
T_0000055746,spoof,flac_T/T_0000055746.flac,
T_0000141085,spoof,flac_T/T_0000141085.flac,
T_0000134031,spoof,flac_T/T_0000134031.flac,
T_0000023895,spoof,flac_T/T_0000023895.flac,
T_0000108755,spoof,flac_T/T_0000108755.flac,
T_0000066398,spoof,flac_T/T_0000066398.flac,
T_0000141573,spoof,flac_T/T_0000141573.flac,
T_0000158806,spoof,flac_T/T_0000158806.flac,
T_0000107805,spoof,flac_T/T_0000107805.flac,
T_0000072420,spoof,flac_T/T_0000072420.flac,
T_0000000889,spoof,flac_T/T_0000000889.flac,
T_0000130972,spoof,flac_T/T_0000130972.flac,
T_0000088757,spoof,flac_T/T_0000088757.flac,
T_0000111238,spoof,flac_T/T_0000111238.flac,
T_0000168525,spoof,flac_T/T_0000168525.flac,
T_0000069256,spoof,flac_T/T_0000069256.flac,
T_0000049370,spoof,flac_T/T_0000049370.flac,
T_0000029357,spoof,flac_T/T_0000029357.flac,
T_0000088364,spoof,flac_T/T_0000088364.flac,
T_0000043467,spoof,flac_T/T_0000043467.flac,
T_0000046517,spoof,flac_T/T_0000046517.flac,
T_0000006748,spoof,flac_T/T_0000006748.flac,
T_0000018148,spoof,flac_T/T_0000018148.flac,
T_0000128774,spoof,flac_T/T_0000128774.flac,
T_0000085441,spoof,flac_T/T_0000085441.flac,
T_0000110125,spoof,flac_T/T_0000110125.flac,
T_0000073014,spoof,flac_T/T_0000073014.flac,
T_0000036951,spoof,flac_T/T_0000036951.flac,
T_0000022084,spoof,flac_T/T_0000022084.flac,
T_0000114560,spoof,flac_T/T_0000114560.flac,
T_0000029714,spoof,flac_T/T_0000029714.flac,
T_0000014217,spoof,flac_T/T_0000014217.flac,
T_0000061965,spoof,flac_T/T_0000061965.flac,
T_0000053536,spoof,flac_T/T_0000053536.flac,
T_0000015881,spoof,flac_T/T_0000015881.flac,
T_0000043982,spoof,flac_T/T_0000043982.flac,
T_0000082249,spoof,flac_T/T_0000082249.flac,
T_0000151390,spoof,flac_T/T_0000151390.flac,
T_0000009101,spoof,flac_T/T_0000009101.flac,
T_0000150341,spoof,flac_T/T_0000150341.flac,
T_0000009884,spoof,flac_T/T_0000009884.flac,
T_0000073928,spoof,flac_T/T_0000073928.flac,
T_0000108183,spoof,flac_T/T_0000108183.flac,
T_0000135504,spoof,flac_T/T_0000135504.flac,
T_0000037444,spoof,flac_T/T_0000037444.flac,
T_0000033873,spoof,flac_T/T_0000033873.flac,
T_0000116083,spoof,flac_T/T_0000116083.flac,
T_0000027892,spoof,flac_T/T_0000027892.flac,
T_0000014708,spoof,flac_T/T_0000014708.flac,
T_0000090884,spoof,flac_T/T_0000090884.flac,
T_0000143213,spoof,flac_T/T_0000143213.flac,
T_0000147939,spoof,flac_T/T_0000147939.flac,
T_0000009361,spoof,flac_T/T_0000009361.flac,
T_0000050529,spoof,flac_T/T_0000050529.flac,
T_0000051330,spoof,flac_T/T_0000051330.flac,
T_0000000294,spoof,flac_T/T_0000000294.flac,
T_0000100664,spoof,flac_T/T_0000100664.flac,
T_0000163881,spoof,flac_T/T_0000163881.flac,
T_0000069508,spoof,flac_T/T_0000069508.flac,
T_0000108292,spoof,flac_T/T_0000108292.flac,
T_0000131693,spoof,flac_T/T_0000131693.flac,
T_0000068743,spoof,flac_T/T_0000068743.flac,
T_0000054704,spoof,flac_T/T_0000054704.flac,
T_0000084584,spoof,flac_T/T_0000084584.flac,
T_0000105599,spoof,flac_T/T_0000105599.flac,
T_0000060634,spoof,flac_T/T_0000060634.flac,
T_0000068168,spoof,flac_T/T_0000068168.flac,
T_0000111466,spoof,flac_T/T_0000111466.flac,
T_0000016138,spoof,flac_T/T_0000016138.flac,
T_0000010479,spoof,flac_T/T_0000010479.flac,
T_0000059624,spoof,flac_T/T_0000059624.flac,
T_0000011727,spoof,flac_T/T_0000011727.flac,
T_0000045271,spoof,flac_T/T_0000045271.flac,
T_0000095601,spoof,flac_T/T_0000095601.flac,
T_0000042161,spoof,flac_T/T_0000042161.flac,
T_0000099265,spoof,flac_T/T_0000099265.flac,
T_0000112929,spoof,flac_T/T_0000112929.flac,
T_0000157538,spoof,flac_T/T_0000157538.flac,
T_0000107942,spoof,flac_T/T_0000107942.flac,
T_0000130164,spoof,flac_T/T_0000130164.flac,
T_0000002104,spoof,flac_T/T_0000002104.flac,
T_0000069613,spoof,flac_T/T_0000069613.flac,
T_0000154779,spoof,flac_T/T_0000154779.flac,
T_0000007148,spoof,flac_T/T_0000007148.flac,
T_0000160002,spoof,flac_T/T_0000160002.flac,
T_0000133531,spoof,flac_T/T_0000133531.flac,
T_0000146700,spoof,flac_T/T_0000146700.flac,
T_0000038342,spoof,flac_T/T_0000038342.flac,
T_0000070571,spoof,flac_T/T_0000070571.flac,
T_0000083597,spoof,flac_T/T_0000083597.flac,
T_0000014026,spoof,flac_T/T_0000014026.flac,
T_0000045556,spoof,flac_T/T_0000045556.flac,
T_0000081715,spoof,flac_T/T_0000081715.flac,
T_0000101213,spoof,flac_T/T_0000101213.flac,
T_0000026696,spoof,flac_T/T_0000026696.flac,
T_0000053251,spoof,flac_T/T_0000053251.flac,
T_0000043227,spoof,flac_T/T_0000043227.flac,
T_0000047781,spoof,flac_T/T_0000047781.flac,
T_0000116098,spoof,flac_T/T_0000116098.flac,
T_0000121285,spoof,flac_T/T_0000121285.flac,
T_0000004448,spoof,flac_T/T_0000004448.flac,
T_0000056178,spoof,flac_T/T_0000056178.flac,
T_0000090673,spoof,flac_T/T_0000090673.flac,
T_0000139672,spoof,flac_T/T_0000139672.flac,
T_0000081376,spoof,flac_T/T_0000081376.flac,
T_0000146656,spoof,flac_T/T_0000146656.flac,
T_0000129495,spoof,flac_T/T_0000129495.flac,
T_0000002242,spoof,flac_T/T_0000002242.flac,
T_0000059166,spoof,flac_T/T_0000059166.flac,
T_0000043639,spoof,flac_T/T_0000043639.flac,
T_0000044844,spoof,flac_T/T_0000044844.flac,
T_0000118230,spoof,flac_T/T_0000118230.flac,
T_0000143265,spoof,flac_T/T_0000143265.flac,
T_0000096249,spoof,flac_T/T_0000096249.flac,
T_0000138809,spoof,flac_T/T_0000138809.flac,
T_0000035754,spoof,flac_T/T_0000035754.flac,
T_0000043841,spoof,flac_T/T_0000043841.flac,
T_0000024571,spoof,flac_T/T_0000024571.flac,
T_0000057338,spoof,flac_T/T_0000057338.flac,
T_0000166315,spoof,flac_T/T_0000166315.flac,
T_0000014382,spoof,flac_T/T_0000014382.flac,
T_0000090073,spoof,flac_T/T_0000090073.flac,
T_0000082875,spoof,flac_T/T_0000082875.flac,
T_0000134791,spoof,flac_T/T_0000134791.flac,
T_0000013877,spoof,flac_T/T_0000013877.flac,
T_0000055688,spoof,flac_T/T_0000055688.flac,
T_0000090015,spoof,flac_T/T_0000090015.flac,
T_0000092909,spoof,flac_T/T_0000092909.flac,
T_0000139773,spoof,flac_T/T_0000139773.flac,
T_0000145998,spoof,flac_T/T_0000145998.flac,
T_0000024916,spoof,flac_T/T_0000024916.flac,
T_0000172926,spoof,flac_T/T_0000172926.flac,
T_0000110349,spoof,flac_T/T_0000110349.flac,
T_0000065062,spoof,flac_T/T_0000065062.flac,
T_0000036892,spoof,flac_T/T_0000036892.flac,
T_0000077117,spoof,flac_T/T_0000077117.flac,
T_0000089543,spoof,flac_T/T_0000089543.flac,
T_0000079741,spoof,flac_T/T_0000079741.flac,
T_0000017436,spoof,flac_T/T_0000017436.flac,
T_0000042320,spoof,flac_T/T_0000042320.flac,
T_0000125611,spoof,flac_T/T_0000125611.flac,
T_0000096480,spoof,flac_T/T_0000096480.flac,
T_0000081547,spoof,flac_T/T_0000081547.flac,
T_0000111885,spoof,flac_T/T_0000111885.flac,
T_0000165658,spoof,flac_T/T_0000165658.flac,
T_0000137462,spoof,flac_T/T_0000137462.flac,
T_0000106511,spoof,flac_T/T_0000106511.flac,
T_0000121078,spoof,flac_T/T_0000121078.flac,
T_0000151670,spoof,flac_T/T_0000151670.flac,
T_0000032766,spoof,flac_T/T_0000032766.flac,
T_0000026153,spoof,flac_T/T_0000026153.flac,
T_0000171738,spoof,flac_T/T_0000171738.flac,
T_0000154440,spoof,flac_T/T_0000154440.flac,
T_0000066977,spoof,flac_T/T_0000066977.flac,
T_0000075747,spoof,flac_T/T_0000075747.flac,
T_0000139783,spoof,flac_T/T_0000139783.flac,
T_0000009871,spoof,flac_T/T_0000009871.flac,
T_0000130405,spoof,flac_T/T_0000130405.flac,
T_0000089887,spoof,flac_T/T_0000089887.flac,
T_0000147674,spoof,flac_T/T_0000147674.flac,
T_0000061755,spoof,flac_T/T_0000061755.flac,
T_0000059557,spoof,flac_T/T_0000059557.flac,
T_0000048078,spoof,flac_T/T_0000048078.flac,
T_0000092944,spoof,flac_T/T_0000092944.flac,
T_0000062135,spoof,flac_T/T_0000062135.flac,
T_0000174151,spoof,flac_T/T_0000174151.flac,
T_0000061104,spoof,flac_T/T_0000061104.flac,
T_0000172261,spoof,flac_T/T_0000172261.flac,
T_0000042962,spoof,flac_T/T_0000042962.flac,
T_0000076073,spoof,flac_T/T_0000076073.flac,
T_0000077370,spoof,flac_T/T_0000077370.flac,
T_0000029927,spoof,flac_T/T_0000029927.flac,
T_0000168358,spoof,flac_T/T_0000168358.flac,
T_0000164353,spoof,flac_T/T_0000164353.flac,
T_0000074447,spoof,flac_T/T_0000074447.flac,
T_0000082842,spoof,flac_T/T_0000082842.flac,
T_0000165310,spoof,flac_T/T_0000165310.flac,
T_0000120538,spoof,flac_T/T_0000120538.flac,
T_0000009564,spoof,flac_T/T_0000009564.flac,
T_0000158314,spoof,flac_T/T_0000158314.flac,
T_0000025510,spoof,flac_T/T_0000025510.flac,
T_0000013201,spoof,flac_T/T_0000013201.flac,
T_0000071063,spoof,flac_T/T_0000071063.flac,
T_0000103414,spoof,flac_T/T_0000103414.flac,
T_0000095291,spoof,flac_T/T_0000095291.flac,
T_0000116878,spoof,flac_T/T_0000116878.flac,
T_0000015785,spoof,flac_T/T_0000015785.flac,
T_0000029753,spoof,flac_T/T_0000029753.flac,
T_0000116216,spoof,flac_T/T_0000116216.flac,
T_0000141743,spoof,flac_T/T_0000141743.flac,
T_0000162724,spoof,flac_T/T_0000162724.flac,
T_0000073560,spoof,flac_T/T_0000073560.flac,
T_0000132518,spoof,flac_T/T_0000132518.flac,
T_0000146698,spoof,flac_T/T_0000146698.flac,
T_0000080368,spoof,flac_T/T_0000080368.flac,
T_0000084033,spoof,flac_T/T_0000084033.flac,
T_0000178661,spoof,flac_T/T_0000178661.flac,
T_0000142101,spoof,flac_T/T_0000142101.flac,
T_0000131592,spoof,flac_T/T_0000131592.flac,
T_0000044704,spoof,flac_T/T_0000044704.flac,
T_0000180487,spoof,flac_T/T_0000180487.flac,
T_0000057039,spoof,flac_T/T_0000057039.flac,
T_0000022757,spoof,flac_T/T_0000022757.flac,
T_0000063550,spoof,flac_T/T_0000063550.flac,
T_0000061193,spoof,flac_T/T_0000061193.flac,
T_0000120362,spoof,flac_T/T_0000120362.flac,
T_0000107472,spoof,flac_T/T_0000107472.flac,
T_0000088440,spoof,flac_T/T_0000088440.flac,
T_0000109590,spoof,flac_T/T_0000109590.flac,
T_0000119575,spoof,flac_T/T_0000119575.flac,
T_0000017528,spoof,flac_T/T_0000017528.flac,
T_0000161035,spoof,flac_T/T_0000161035.flac,
T_0000174277,spoof,flac_T/T_0000174277.flac,
T_0000110934,spoof,flac_T/T_0000110934.flac,
T_0000142469,spoof,flac_T/T_0000142469.flac,
T_0000157792,spoof,flac_T/T_0000157792.flac,
T_0000040662,spoof,flac_T/T_0000040662.flac,
T_0000003807,spoof,flac_T/T_0000003807.flac,
T_0000140714,spoof,flac_T/T_0000140714.flac,
T_0000170794,spoof,flac_T/T_0000170794.flac,
T_0000171397,spoof,flac_T/T_0000171397.flac,
T_0000003988,spoof,flac_T/T_0000003988.flac,
T_0000125980,spoof,flac_T/T_0000125980.flac,
T_0000036729,spoof,flac_T/T_0000036729.flac,
T_0000043373,spoof,flac_T/T_0000043373.flac,
T_0000042934,spoof,flac_T/T_0000042934.flac,
T_0000113270,spoof,flac_T/T_0000113270.flac,
T_0000137646,spoof,flac_T/T_0000137646.flac,
T_0000173895,spoof,flac_T/T_0000173895.flac,
T_0000023419,spoof,flac_T/T_0000023419.flac,
T_0000077736,spoof,flac_T/T_0000077736.flac,
T_0000152204,spoof,flac_T/T_0000152204.flac,
T_0000092969,spoof,flac_T/T_0000092969.flac,
T_0000047195,spoof,flac_T/T_0000047195.flac,
T_0000085803,spoof,flac_T/T_0000085803.flac,
T_0000021348,spoof,flac_T/T_0000021348.flac,
T_0000124250,spoof,flac_T/T_0000124250.flac,
T_0000163318,spoof,flac_T/T_0000163318.flac,
T_0000075151,spoof,flac_T/T_0000075151.flac,
T_0000128877,spoof,flac_T/T_0000128877.flac,
T_0000069200,spoof,flac_T/T_0000069200.flac,
T_0000136801,spoof,flac_T/T_0000136801.flac,
T_0000042359,spoof,flac_T/T_0000042359.flac,
T_0000100635,spoof,flac_T/T_0000100635.flac,
T_0000121361,spoof,flac_T/T_0000121361.flac,
T_0000153330,spoof,flac_T/T_0000153330.flac,
T_0000058324,spoof,flac_T/T_0000058324.flac,
T_0000059077,spoof,flac_T/T_0000059077.flac,
T_0000161740,spoof,flac_T/T_0000161740.flac,
T_0000035545,spoof,flac_T/T_0000035545.flac,
T_0000060144,spoof,flac_T/T_0000060144.flac,
T_0000083310,spoof,flac_T/T_0000083310.flac,
T_0000087374,spoof,flac_T/T_0000087374.flac,
T_0000100468,spoof,flac_T/T_0000100468.flac,
T_0000089056,spoof,flac_T/T_0000089056.flac,
T_0000171448,spoof,flac_T/T_0000171448.flac,
T_0000140464,spoof,flac_T/T_0000140464.flac,
T_0000075453,spoof,flac_T/T_0000075453.flac,
T_0000016895,spoof,flac_T/T_0000016895.flac,
T_0000058549,spoof,flac_T/T_0000058549.flac,
T_0000061841,spoof,flac_T/T_0000061841.flac,
T_0000068284,spoof,flac_T/T_0000068284.flac,
T_0000176519,spoof,flac_T/T_0000176519.flac,
T_0000087597,spoof,flac_T/T_0000087597.flac,
T_0000080863,spoof,flac_T/T_0000080863.flac,
T_0000005522,spoof,flac_T/T_0000005522.flac,
T_0000020129,spoof,flac_T/T_0000020129.flac,
T_0000171627,spoof,flac_T/T_0000171627.flac,
T_0000024640,spoof,flac_T/T_0000024640.flac,
T_0000115994,spoof,flac_T/T_0000115994.flac,
T_0000175475,spoof,flac_T/T_0000175475.flac,
T_0000009292,spoof,flac_T/T_0000009292.flac,
T_0000108025,spoof,flac_T/T_0000108025.flac,
T_0000003328,spoof,flac_T/T_0000003328.flac,
T_0000114241,spoof,flac_T/T_0000114241.flac,
T_0000112908,spoof,flac_T/T_0000112908.flac,
T_0000037563,spoof,flac_T/T_0000037563.flac,
T_0000158863,spoof,flac_T/T_0000158863.flac,
T_0000055329,spoof,flac_T/T_0000055329.flac,
T_0000151016,spoof,flac_T/T_0000151016.flac,
T_0000143672,spoof,flac_T/T_0000143672.flac,
T_0000178679,spoof,flac_T/T_0000178679.flac,
T_0000070110,spoof,flac_T/T_0000070110.flac,
T_0000162688,spoof,flac_T/T_0000162688.flac,
T_0000080293,spoof,flac_T/T_0000080293.flac,
T_0000061333,spoof,flac_T/T_0000061333.flac,
T_0000177277,spoof,flac_T/T_0000177277.flac,
T_0000143467,spoof,flac_T/T_0000143467.flac,
T_0000006506,spoof,flac_T/T_0000006506.flac,
T_0000117776,spoof,flac_T/T_0000117776.flac,
T_0000097924,spoof,flac_T/T_0000097924.flac,
T_0000083237,spoof,flac_T/T_0000083237.flac,
T_0000017824,spoof,flac_T/T_0000017824.flac,
T_0000163188,spoof,flac_T/T_0000163188.flac,
T_0000053688,spoof,flac_T/T_0000053688.flac,
T_0000077065,spoof,flac_T/T_0000077065.flac,
T_0000020127,spoof,flac_T/T_0000020127.flac,
T_0000116335,spoof,flac_T/T_0000116335.flac,
T_0000044507,spoof,flac_T/T_0000044507.flac,
T_0000164408,spoof,flac_T/T_0000164408.flac,
T_0000040428,spoof,flac_T/T_0000040428.flac,
T_0000067955,spoof,flac_T/T_0000067955.flac,
T_0000084327,spoof,flac_T/T_0000084327.flac,
T_0000076524,spoof,flac_T/T_0000076524.flac,
T_0000163955,spoof,flac_T/T_0000163955.flac,
T_0000069339,spoof,flac_T/T_0000069339.flac,
T_0000173199,spoof,flac_T/T_0000173199.flac,
T_0000015214,spoof,flac_T/T_0000015214.flac,
T_0000025090,spoof,flac_T/T_0000025090.flac,
T_0000057408,spoof,flac_T/T_0000057408.flac,
T_0000146348,spoof,flac_T/T_0000146348.flac,
T_0000106587,spoof,flac_T/T_0000106587.flac,
T_0000048395,spoof,flac_T/T_0000048395.flac,
T_0000108981,spoof,flac_T/T_0000108981.flac,
T_0000055986,spoof,flac_T/T_0000055986.flac,
T_0000046320,spoof,flac_T/T_0000046320.flac,
T_0000039787,spoof,flac_T/T_0000039787.flac,
T_0000088823,spoof,flac_T/T_0000088823.flac,
T_0000109288,spoof,flac_T/T_0000109288.flac,
T_0000122263,spoof,flac_T/T_0000122263.flac,
T_0000034202,spoof,flac_T/T_0000034202.flac,
T_0000047559,spoof,flac_T/T_0000047559.flac,
T_0000136215,spoof,flac_T/T_0000136215.flac,
T_0000177679,spoof,flac_T/T_0000177679.flac,
T_0000055115,spoof,flac_T/T_0000055115.flac,
T_0000013303,spoof,flac_T/T_0000013303.flac,
T_0000011636,spoof,flac_T/T_0000011636.flac,
T_0000127490,spoof,flac_T/T_0000127490.flac,
T_0000041953,spoof,flac_T/T_0000041953.flac,
T_0000018201,spoof,flac_T/T_0000018201.flac,
T_0000174620,spoof,flac_T/T_0000174620.flac,
T_0000155240,spoof,flac_T/T_0000155240.flac,
T_0000145139,spoof,flac_T/T_0000145139.flac,
T_0000157446,spoof,flac_T/T_0000157446.flac,
T_0000031814,spoof,flac_T/T_0000031814.flac,
T_0000068794,spoof,flac_T/T_0000068794.flac,
T_0000041497,spoof,flac_T/T_0000041497.flac,
T_0000010935,spoof,flac_T/T_0000010935.flac,
T_0000104271,spoof,flac_T/T_0000104271.flac,
T_0000030241,spoof,flac_T/T_0000030241.flac,
T_0000149589,spoof,flac_T/T_0000149589.flac,
T_0000039284,spoof,flac_T/T_0000039284.flac,
T_0000018185,spoof,flac_T/T_0000018185.flac,
T_0000087517,spoof,flac_T/T_0000087517.flac,
T_0000119729,spoof,flac_T/T_0000119729.flac,
T_0000072513,spoof,flac_T/T_0000072513.flac,
T_0000051112,spoof,flac_T/T_0000051112.flac,
T_0000127753,spoof,flac_T/T_0000127753.flac,
T_0000118138,spoof,flac_T/T_0000118138.flac,
T_0000035831,spoof,flac_T/T_0000035831.flac,
T_0000086353,spoof,flac_T/T_0000086353.flac,
T_0000094768,spoof,flac_T/T_0000094768.flac,
T_0000105422,spoof,flac_T/T_0000105422.flac,
T_0000117157,spoof,flac_T/T_0000117157.flac,
T_0000165494,spoof,flac_T/T_0000165494.flac,
T_0000149126,spoof,flac_T/T_0000149126.flac,
T_0000073976,spoof,flac_T/T_0000073976.flac,
T_0000004951,spoof,flac_T/T_0000004951.flac,
T_0000045947,spoof,flac_T/T_0000045947.flac,
T_0000165519,spoof,flac_T/T_0000165519.flac,
T_0000154756,spoof,flac_T/T_0000154756.flac,
T_0000011864,spoof,flac_T/T_0000011864.flac,
T_0000123643,spoof,flac_T/T_0000123643.flac,
T_0000019931,spoof,flac_T/T_0000019931.flac,
T_0000015650,spoof,flac_T/T_0000015650.flac,
T_0000064450,spoof,flac_T/T_0000064450.flac,
T_0000069223,spoof,flac_T/T_0000069223.flac,
T_0000042923,spoof,flac_T/T_0000042923.flac,
T_0000147337,spoof,flac_T/T_0000147337.flac,
T_0000136836,spoof,flac_T/T_0000136836.flac,
T_0000020969,spoof,flac_T/T_0000020969.flac,
T_0000167314,spoof,flac_T/T_0000167314.flac,
T_0000138889,spoof,flac_T/T_0000138889.flac,
T_0000046287,spoof,flac_T/T_0000046287.flac,
T_0000139623,spoof,flac_T/T_0000139623.flac,
T_0000168721,spoof,flac_T/T_0000168721.flac,
T_0000072270,spoof,flac_T/T_0000072270.flac,
T_0000129526,spoof,flac_T/T_0000129526.flac,
T_0000032982,spoof,flac_T/T_0000032982.flac,
T_0000097820,spoof,flac_T/T_0000097820.flac,
T_0000012283,spoof,flac_T/T_0000012283.flac,
T_0000045678,spoof,flac_T/T_0000045678.flac,
T_0000090371,spoof,flac_T/T_0000090371.flac,
T_0000164966,spoof,flac_T/T_0000164966.flac,
T_0000092398,spoof,flac_T/T_0000092398.flac,
T_0000149772,spoof,flac_T/T_0000149772.flac,
T_0000081640,spoof,flac_T/T_0000081640.flac,
T_0000122636,spoof,flac_T/T_0000122636.flac,
T_0000024422,spoof,flac_T/T_0000024422.flac,
T_0000002498,spoof,flac_T/T_0000002498.flac,
T_0000164110,spoof,flac_T/T_0000164110.flac,
T_0000017149,spoof,flac_T/T_0000017149.flac,
T_0000136142,spoof,flac_T/T_0000136142.flac,
T_0000150655,spoof,flac_T/T_0000150655.flac,
T_0000009291,spoof,flac_T/T_0000009291.flac,
T_0000132160,spoof,flac_T/T_0000132160.flac,
T_0000052870,spoof,flac_T/T_0000052870.flac,
T_0000157867,spoof,flac_T/T_0000157867.flac,
T_0000173392,spoof,flac_T/T_0000173392.flac,
T_0000135399,spoof,flac_T/T_0000135399.flac,
T_0000020932,spoof,flac_T/T_0000020932.flac,
T_0000120915,spoof,flac_T/T_0000120915.flac,
T_0000051956,spoof,flac_T/T_0000051956.flac,
T_0000098252,spoof,flac_T/T_0000098252.flac,
T_0000086468,spoof,flac_T/T_0000086468.flac,
T_0000148782,spoof,flac_T/T_0000148782.flac,
T_0000063742,spoof,flac_T/T_0000063742.flac,
T_0000031202,spoof,flac_T/T_0000031202.flac,
T_0000017022,spoof,flac_T/T_0000017022.flac,
T_0000018008,spoof,flac_T/T_0000018008.flac,
T_0000123025,spoof,flac_T/T_0000123025.flac,
T_0000118571,spoof,flac_T/T_0000118571.flac,
T_0000090720,spoof,flac_T/T_0000090720.flac,
T_0000114293,spoof,flac_T/T_0000114293.flac,
T_0000120101,spoof,flac_T/T_0000120101.flac,
T_0000177844,spoof,flac_T/T_0000177844.flac,
T_0000123523,spoof,flac_T/T_0000123523.flac,
T_0000064414,spoof,flac_T/T_0000064414.flac,
T_0000083201,spoof,flac_T/T_0000083201.flac,
T_0000029860,spoof,flac_T/T_0000029860.flac,
T_0000180935,spoof,flac_T/T_0000180935.flac,
T_0000059865,spoof,flac_T/T_0000059865.flac,
T_0000059887,spoof,flac_T/T_0000059887.flac,
T_0000006544,spoof,flac_T/T_0000006544.flac,
T_0000076620,spoof,flac_T/T_0000076620.flac,
T_0000035375,spoof,flac_T/T_0000035375.flac,
T_0000166223,spoof,flac_T/T_0000166223.flac,
T_0000071916,spoof,flac_T/T_0000071916.flac,
T_0000060130,spoof,flac_T/T_0000060130.flac,
T_0000117769,spoof,flac_T/T_0000117769.flac,
T_0000109524,spoof,flac_T/T_0000109524.flac,
T_0000087835,spoof,flac_T/T_0000087835.flac,
T_0000062795,spoof,flac_T/T_0000062795.flac,
T_0000164956,spoof,flac_T/T_0000164956.flac,
T_0000002275,spoof,flac_T/T_0000002275.flac,
T_0000172736,spoof,flac_T/T_0000172736.flac,
T_0000166027,spoof,flac_T/T_0000166027.flac,
